language,package,repository_path,line
R,Matrix,01_simulation/01_design/4_模拟数据_相关系数矩阵.R,74
R,openxlsx,01_simulation/01_design/4_模拟数据_相关系数矩阵.R,144
R,readxl,01_simulation/01_design/4_模拟数据_相关系数矩阵.R,155
R,Matrix,01_simulation/01_design/4_模拟数据_相关系数矩阵.R,226
R,readxl,01_simulation/01_design/4_模拟数据_多元相关性.R,2
R,ggplot2,01_simulation/01_design/4_模拟数据_多元相关性.R,3
R,dplyr,01_simulation/01_design/4_模拟数据_多元相关性.R,4
R,MASS,01_simulation/01_design/4_模拟数据_多元相关性.R,5
R,MASS,01_simulation/01_design/4_模拟数据_多元相关性.R,90
R,MASS,01_simulation/01_design/4_模拟数据_多元相关性.R,91
R,MASS,01_simulation/01_design/4_模拟数据_多元相关性.R,92
R,dplyr,01_simulation/01_design/4_模拟数据_多元相关性.R,166
R,dplyr,01_simulation/01_design/4_模拟数据_多元相关性.R,167
R,dplyr,01_simulation/01_design/4_模拟数据_多元相关性.R,168
R,dplyr,01_simulation/01_design/4_模拟数据_多元相关性.R,169
R,MASS,01_simulation/01_design/4_模拟数据_多元相关性.R,262
R,dplyr,01_simulation/01_design/4_模拟数据_多元相关性.R,329
R,dplyr,01_simulation/01_design/4_模拟数据_多元相关性.R,330
R,MASS,01_simulation/01_design/4_模拟数据_多元相关性.R,356
R,MASS,01_simulation/01_design/4_模拟数据_多元相关性.R,466
R,dplyr,01_simulation/01_design/4_模拟数据_多元相关性.R,524
R,dplyr,01_simulation/01_design/4_模拟数据_多元相关性.R,525
R,dplyr,01_simulation/01_design/4_模拟数据_多元相关性.R,526
R,dplyr,01_simulation/01_design/4_模拟数据_多元相关性.R,527
R,MASS,01_simulation/01_design/4_模拟数据_单个生成.R,1
R,survival,01_simulation/01_design/4_模拟数据_单个生成.R,2
R,mvtnorm,01_simulation/01_design/4_模拟数据_单个生成.R,3
R,truncnorm,01_simulation/01_design/4_模拟数据_单个生成.R,4
R,ggplot2,01_simulation/01_design/4_模拟数据_单个生成.R,5
R,openxlsx,01_simulation/01_design/4_模拟数据_单个生成.R,79
R,dplyr,01_simulation/01_design/4_模拟数据_单个生成.R,376
R,survival,01_simulation/01_design/4_模拟数据_单个生成.R,377
R,nlme,01_simulation/01_design/4_模拟数据_单个生成.R,378
R,joineRML,01_simulation/01_design/4_模拟数据_单个生成.R,379
R,readxl,01_simulation/02_generation/training/4v_1c/4_模拟数据1_数据生成_V4.R,1
R,tidyverse,01_simulation/02_generation/training/4v_1c/4_模拟数据1_数据生成_V4.R,2
R,ggplot2,01_simulation/02_generation/training/4v_1c/4_模拟数据1_数据生成_V4.R,3
R,dplyr,01_simulation/02_generation/training/4v_1c/4_模拟数据1_数据生成_V4.R,4
R,MASS,01_simulation/02_generation/training/4v_1c/4_模拟数据1_数据生成_V4.R,5
R,writexl,01_simulation/02_generation/training/4v_1c/4_模拟数据1_数据生成_V4.R,6
R,readxl,01_simulation/02_generation/training/4v_1c/4_模拟数据1_数据生成_V4.R,7
R,readxl,01_simulation/02_generation/training/4v_1c/4_模拟数据1_数据生成_V4.R,247
R,purrr,01_simulation/02_generation/training/4v_1c/4_模拟数据1_数据生成_V4.R,248
R,tidyverse,01_simulation/02_generation/training/4v_1c/4_模拟数据2_生存数据_V4.R,1
R,flexsurv,01_simulation/02_generation/training/4v_1c/4_模拟数据2_生存数据_V4.R,2
R,survival,01_simulation/02_generation/training/4v_1c/4_模拟数据2_生存数据_V4.R,3
R,writexl,01_simulation/02_generation/training/4v_1c/4_模拟数据2_生存数据_V4.R,4
R,readxl,01_simulation/02_generation/training/4v_1c/4_模拟数据2_生存数据_V4.R,5
R,purrr,01_simulation/02_generation/training/4v_1c/4_模拟数据2_生存数据_V4.R,6
R,dplyr,01_simulation/02_generation/training/4v_1c/4_模拟数据2_生存数据_V4.R,256
R,dplyr,01_simulation/02_generation/training/4v_1c/4_模拟数据2_生存数据_V4.R,286
R,dplyr,01_simulation/02_generation/training/4v_1c/4_模拟数据2_生存数据_V4.R,287
R,dplyr,01_simulation/02_generation/training/4v_1c/4_模拟数据2_生存数据_V4.R,288
R,dplyr,01_simulation/02_generation/training/4v_1c/4_模拟数据2_生存数据_V4.R,324
R,dplyr,01_simulation/02_generation/training/4v_1c/4_模拟数据2_生存数据_V4.R,328
R,dplyr,01_simulation/02_generation/training/4v_1c/4_模拟数据2_生存数据_V4.R,329
R,writexl,01_simulation/02_generation/training/4v_1c/4_模拟数据2_生存数据_V4.R,351
R,tidyverse,01_simulation/02_generation/training/4v_1c/4_模拟数据3_生成Y_V4.R,1
R,flexsurv,01_simulation/02_generation/training/4v_1c/4_模拟数据3_生成Y_V4.R,2
R,survival,01_simulation/02_generation/training/4v_1c/4_模拟数据3_生成Y_V4.R,3
R,writexl,01_simulation/02_generation/training/4v_1c/4_模拟数据3_生成Y_V4.R,4
R,readxl,01_simulation/02_generation/training/4v_1c/4_模拟数据3_生成Y_V4.R,5
R,dplyr,01_simulation/02_generation/training/4v_1c/4_模拟数据3_生成Y_V4.R,319
R,readxl,01_simulation/02_generation/training/10v_1c/4_模拟数据1_数据生成_V10C1.R,1
R,tidyverse,01_simulation/02_generation/training/10v_1c/4_模拟数据1_数据生成_V10C1.R,2
R,ggplot2,01_simulation/02_generation/training/10v_1c/4_模拟数据1_数据生成_V10C1.R,3
R,dplyr,01_simulation/02_generation/training/10v_1c/4_模拟数据1_数据生成_V10C1.R,4
R,MASS,01_simulation/02_generation/training/10v_1c/4_模拟数据1_数据生成_V10C1.R,5
R,writexl,01_simulation/02_generation/training/10v_1c/4_模拟数据1_数据生成_V10C1.R,6
R,readxl,01_simulation/02_generation/training/10v_1c/4_模拟数据1_数据生成_V10C1.R,7
R,MASS,01_simulation/02_generation/training/10v_1c/4_模拟数据1_数据生成_V10C1.R,34
R,readxl,01_simulation/02_generation/training/10v_1c/4_模拟数据1_数据生成_V10C1.R,739
R,purrr,01_simulation/02_generation/training/10v_1c/4_模拟数据1_数据生成_V10C1.R,740
R,tidyverse,01_simulation/02_generation/training/10v_1c/4_模拟数据2_生存数据_V10C1.R,1
R,flexsurv,01_simulation/02_generation/training/10v_1c/4_模拟数据2_生存数据_V10C1.R,2
R,survival,01_simulation/02_generation/training/10v_1c/4_模拟数据2_生存数据_V10C1.R,3
R,writexl,01_simulation/02_generation/training/10v_1c/4_模拟数据2_生存数据_V10C1.R,4
R,readxl,01_simulation/02_generation/training/10v_1c/4_模拟数据2_生存数据_V10C1.R,5
R,dplyr,01_simulation/02_generation/training/10v_1c/4_模拟数据2_生存数据_V10C1.R,218
R,dplyr,01_simulation/02_generation/training/10v_1c/4_模拟数据2_生存数据_V10C1.R,246
R,dplyr,01_simulation/02_generation/training/10v_1c/4_模拟数据2_生存数据_V10C1.R,247
R,dplyr,01_simulation/02_generation/training/10v_1c/4_模拟数据2_生存数据_V10C1.R,248
R,dplyr,01_simulation/02_generation/training/10v_1c/4_模拟数据2_生存数据_V10C1.R,284
R,dplyr,01_simulation/02_generation/training/10v_1c/4_模拟数据2_生存数据_V10C1.R,288
R,dplyr,01_simulation/02_generation/training/10v_1c/4_模拟数据2_生存数据_V10C1.R,289
R,writexl,01_simulation/02_generation/training/10v_1c/4_模拟数据2_生存数据_V10C1.R,311
R,readxl,01_simulation/02_generation/training/10v_1c/4_模拟数据2_生存数据_V10C1.R,320
R,purrr,01_simulation/02_generation/training/10v_1c/4_模拟数据2_生存数据_V10C1.R,321
R,tidyverse,01_simulation/02_generation/training/10v_1c/4_模拟数据3_生成Y_V10C1.R,1
R,flexsurv,01_simulation/02_generation/training/10v_1c/4_模拟数据3_生成Y_V10C1.R,2
R,survival,01_simulation/02_generation/training/10v_1c/4_模拟数据3_生成Y_V10C1.R,3
R,writexl,01_simulation/02_generation/training/10v_1c/4_模拟数据3_生成Y_V10C1.R,4
R,readxl,01_simulation/02_generation/training/10v_1c/4_模拟数据3_生成Y_V10C1.R,5
R,dplyr,01_simulation/02_generation/training/10v_1c/4_模拟数据3_生成Y_V10C1.R,454
R,dplyr,01_simulation/02_generation/training/10v_1c/4_模拟数据3_生成Y_V10C1.R,464
R,readxl,01_simulation/02_generation/training/10v_3c/4_模拟数据1_数据生成.R,1
R,tidyverse,01_simulation/02_generation/training/10v_3c/4_模拟数据1_数据生成.R,2
R,ggplot2,01_simulation/02_generation/training/10v_3c/4_模拟数据1_数据生成.R,3
R,dplyr,01_simulation/02_generation/training/10v_3c/4_模拟数据1_数据生成.R,4
R,MASS,01_simulation/02_generation/training/10v_3c/4_模拟数据1_数据生成.R,5
R,writexl,01_simulation/02_generation/training/10v_3c/4_模拟数据1_数据生成.R,6
R,readxl,01_simulation/02_generation/training/10v_3c/4_模拟数据1_数据生成.R,7
R,readxl,01_simulation/02_generation/training/10v_3c/4_模拟数据1_数据生成.R,944
R,purrr,01_simulation/02_generation/training/10v_3c/4_模拟数据1_数据生成.R,945
R,tidyverse,01_simulation/02_generation/training/10v_3c/4_模拟数据2_生存数据.R,1
R,flexsurv,01_simulation/02_generation/training/10v_3c/4_模拟数据2_生存数据.R,2
R,survival,01_simulation/02_generation/training/10v_3c/4_模拟数据2_生存数据.R,3
R,writexl,01_simulation/02_generation/training/10v_3c/4_模拟数据2_生存数据.R,4
R,readxl,01_simulation/02_generation/training/10v_3c/4_模拟数据2_生存数据.R,5
R,dplyr,01_simulation/02_generation/training/10v_3c/4_模拟数据2_生存数据.R,235
R,dplyr,01_simulation/02_generation/training/10v_3c/4_模拟数据2_生存数据.R,263
R,dplyr,01_simulation/02_generation/training/10v_3c/4_模拟数据2_生存数据.R,264
R,dplyr,01_simulation/02_generation/training/10v_3c/4_模拟数据2_生存数据.R,265
R,dplyr,01_simulation/02_generation/training/10v_3c/4_模拟数据2_生存数据.R,301
R,dplyr,01_simulation/02_generation/training/10v_3c/4_模拟数据2_生存数据.R,305
R,dplyr,01_simulation/02_generation/training/10v_3c/4_模拟数据2_生存数据.R,306
R,writexl,01_simulation/02_generation/training/10v_3c/4_模拟数据2_生存数据.R,328
R,readxl,01_simulation/02_generation/training/10v_3c/4_模拟数据2_生存数据.R,339
R,purrr,01_simulation/02_generation/training/10v_3c/4_模拟数据2_生存数据.R,340
R,readxl,01_simulation/02_generation/training/10v_3c/4_模拟数据2_生存数据.R,2000
R,writexl,01_simulation/02_generation/training/10v_3c/4_模拟数据2_生存数据.R,2001
R,psych,01_simulation/02_generation/training/10v_3c/4_模拟数据3_生成Y.R,1
R,dplyr,01_simulation/02_generation/training/10v_3c/4_模拟数据3_生成Y.R,2
R,tidyr,01_simulation/02_generation/training/10v_3c/4_模拟数据3_生成Y.R,3
R,readxl,01_simulation/02_generation/training/10v_3c/4_模拟数据3_生成Y.R,4
R,MASS,01_simulation/02_generation/training/10v_3c/4_模拟数据3_生成Y.R,5
R,GPArotation,01_simulation/02_generation/training/10v_3c/4_模拟数据3_生成Y.R,6
R,dplyr,01_simulation/02_generation/training/10v_3c/4_模拟数据3_生成Y.R,24
R,dplyr,01_simulation/02_generation/training/10v_3c/4_模拟数据3_生成Y.R,28
R,readxl,01_simulation/02_generation/training/10v_3c/4_模拟数据3_生成Y.R,45
R,writexl,01_simulation/02_generation/training/10v_3c/4_模拟数据3_生成Y.R,46
R,readxl,01_simulation/02_generation/training/10v_3c/4_模拟数据3_生成Y.R,57
R,purrr,01_simulation/02_generation/training/10v_3c/4_模拟数据3_生成Y.R,58
R,readxl,01_simulation/02_generation/training/10v_3c/4_模拟数据3_生成Y.R,330
R,purrr,01_simulation/02_generation/training/10v_3c/4_模拟数据3_生成Y.R,331
R,psych,01_simulation/02_generation/training/10v_3c/4_模拟数据3_生成Y.R,840
R,tidyverse,01_simulation/02_generation/paired_test/4_补充_模拟数据_4V.R,7
R,MASS,01_simulation/02_generation/paired_test/4_补充_模拟数据_4V.R,8
R,writexl,01_simulation/02_generation/paired_test/4_补充_模拟数据_4V.R,9
R,rlang,01_simulation/02_generation/paired_test/4_补充_模拟数据_4V.R,10
R,dplyr,01_simulation/02_generation/paired_test/4_补充_模拟数据_4V.R,192
R,dplyr,01_simulation/02_generation/paired_test/4_补充_模拟数据_4V.R,223
R,readxl,01_simulation/02_generation/paired_test/4_补充_模拟数据_10V1C.R,8
R,tidyverse,01_simulation/02_generation/paired_test/4_补充_模拟数据_10V1C.R,9
R,MASS,01_simulation/02_generation/paired_test/4_补充_模拟数据_10V1C.R,10
R,writexl,01_simulation/02_generation/paired_test/4_补充_模拟数据_10V1C.R,11
R,rlang,01_simulation/02_generation/paired_test/4_补充_模拟数据_10V1C.R,12
R,MASS,01_simulation/02_generation/paired_test/4_补充_模拟数据_10V1C.R,58
R,dplyr,01_simulation/02_generation/paired_test/4_补充_模拟数据_10V1C.R,303
R,dplyr,01_simulation/02_generation/paired_test/4_补充_模拟数据_10V1C.R,583
R,readxl,01_simulation/02_generation/paired_test/4_补充_模拟数据_10V3C.R,8
R,tidyverse,01_simulation/02_generation/paired_test/4_补充_模拟数据_10V3C.R,9
R,MASS,01_simulation/02_generation/paired_test/4_补充_模拟数据_10V3C.R,10
R,writexl,01_simulation/02_generation/paired_test/4_补充_模拟数据_10V3C.R,11
R,rlang,01_simulation/02_generation/paired_test/4_补充_模拟数据_10V3C.R,12
R,dplyr,01_simulation/02_generation/paired_test/4_补充_模拟数据_10V3C.R,264
R,dplyr,01_simulation/02_generation/paired_test/4_补充_模拟数据_10V3C.R,292
R,dplyr,01_simulation/02_generation/paired_test/4_补充_模拟数据_10V3C.R,293
R,tidyverse,01_simulation/03_preprocessing/4_转换单一时间点数据.R,1
R,flexsurv,01_simulation/03_preprocessing/4_转换单一时间点数据.R,2
R,survival,01_simulation/03_preprocessing/4_转换单一时间点数据.R,3
R,writexl,01_simulation/03_preprocessing/4_转换单一时间点数据.R,4
R,readxl,01_simulation/03_preprocessing/4_转换单一时间点数据.R,5
R,readxl,01_simulation/03_preprocessing/4_转换单一时间点数据.R,17
R,purrr,01_simulation/03_preprocessing/4_转换单一时间点数据.R,18
R,dplyr,01_simulation/03_preprocessing/4_转换单一时间点数据.R,385
R,dplyr,01_simulation/03_preprocessing/4_转换单一时间点数据.R,409
R,dplyr,01_simulation/03_preprocessing/4_转换单一时间点数据.R,410
R,dplyr,01_simulation/03_preprocessing/4_转换单一时间点数据.R,411
R,survival,01_simulation/04_models/cox/5_cox模型_4V.R,1
R,rms,01_simulation/04_models/cox/5_cox模型_4V.R,2
R,timeROC,01_simulation/04_models/cox/5_cox模型_4V.R,3
R,dplyr,01_simulation/04_models/cox/5_cox模型_4V.R,4
R,joineRML,01_simulation/04_models/cox/5_cox模型_4V.R,5
R,readxl,01_simulation/04_models/cox/5_cox模型_4V.R,6
R,writexl,01_simulation/04_models/cox/5_cox模型_4V.R,7
R,tidyverse,01_simulation/04_models/cox/5_cox模型_4V.R,8
R,survival,01_simulation/04_models/cox/5_cox模型_10VC1.R,1
R,rms,01_simulation/04_models/cox/5_cox模型_10VC1.R,2
R,timeROC,01_simulation/04_models/cox/5_cox模型_10VC1.R,3
R,dplyr,01_simulation/04_models/cox/5_cox模型_10VC1.R,4
R,joineRML,01_simulation/04_models/cox/5_cox模型_10VC1.R,5
R,readxl,01_simulation/04_models/cox/5_cox模型_10VC1.R,6
R,writexl,01_simulation/04_models/cox/5_cox模型_10VC1.R,7
R,tidyverse,01_simulation/04_models/cox/5_cox模型_10VC1.R,8
R,survival,01_simulation/04_models/cox/5_cox模型.R,1
R,rms,01_simulation/04_models/cox/5_cox模型.R,2
R,timeROC,01_simulation/04_models/cox/5_cox模型.R,3
R,dplyr,01_simulation/04_models/cox/5_cox模型.R,4
R,joineRML,01_simulation/04_models/cox/5_cox模型.R,5
R,readxl,01_simulation/04_models/cox/5_cox模型.R,6
R,writexl,01_simulation/04_models/cox/5_cox模型.R,7
R,tidyverse,01_simulation/04_models/cox/5_cox模型.R,8
R,survival,01_simulation/04_models/rsf/5_RSF模型_4V1C.R,1
R,rms,01_simulation/04_models/rsf/5_RSF模型_4V1C.R,2
R,timeROC,01_simulation/04_models/rsf/5_RSF模型_4V1C.R,3
R,dplyr,01_simulation/04_models/rsf/5_RSF模型_4V1C.R,4
R,randomForestSRC,01_simulation/04_models/rsf/5_RSF模型_4V1C.R,5
R,readxl,01_simulation/04_models/rsf/5_RSF模型_4V1C.R,6
R,writexl,01_simulation/04_models/rsf/5_RSF模型_4V1C.R,7
R,tidyverse,01_simulation/04_models/rsf/5_RSF模型_4V1C.R,8
R,survival,01_simulation/04_models/rsf/5_RSF模型_10VC1.R,1
R,rms,01_simulation/04_models/rsf/5_RSF模型_10VC1.R,2
R,timeROC,01_simulation/04_models/rsf/5_RSF模型_10VC1.R,3
R,dplyr,01_simulation/04_models/rsf/5_RSF模型_10VC1.R,4
R,randomForestSRC,01_simulation/04_models/rsf/5_RSF模型_10VC1.R,5
R,readxl,01_simulation/04_models/rsf/5_RSF模型_10VC1.R,6
R,writexl,01_simulation/04_models/rsf/5_RSF模型_10VC1.R,7
R,tidyverse,01_simulation/04_models/rsf/5_RSF模型_10VC1.R,8
R,survival,01_simulation/04_models/jm/5_Jointmodel_4VC1.R,1
R,rms,01_simulation/04_models/jm/5_Jointmodel_4VC1.R,2
R,timeROC,01_simulation/04_models/jm/5_Jointmodel_4VC1.R,3
R,dplyr,01_simulation/04_models/jm/5_Jointmodel_4VC1.R,4
R,joineRML,01_simulation/04_models/jm/5_Jointmodel_4VC1.R,5
R,readxl,01_simulation/04_models/jm/5_Jointmodel_4VC1.R,6
R,writexl,01_simulation/04_models/jm/5_Jointmodel_4VC1.R,7
R,tidyverse,01_simulation/04_models/jm/5_Jointmodel_4VC1.R,8
R,survival,01_simulation/04_models/jm/5_Jointmodel_C1.R,1
R,rms,01_simulation/04_models/jm/5_Jointmodel_C1.R,2
R,timeROC,01_simulation/04_models/jm/5_Jointmodel_C1.R,3
R,dplyr,01_simulation/04_models/jm/5_Jointmodel_C1.R,4
R,joineRML,01_simulation/04_models/jm/5_Jointmodel_C1.R,5
R,readxl,01_simulation/04_models/jm/5_Jointmodel_C1.R,6
R,writexl,01_simulation/04_models/jm/5_Jointmodel_C1.R,7
R,tidyverse,01_simulation/04_models/jm/5_Jointmodel_C1.R,8
R,dplyr,01_simulation/04_models/rsflc/5_RSF_LC模型_4V1C.R,1
R,survival,01_simulation/04_models/rsflc/5_RSF_LC模型_4V1C.R,2
R,timeROC,01_simulation/04_models/rsflc/5_RSF_LC模型_4V1C.R,3
R,DynForest,01_simulation/04_models/rsflc/5_RSF_LC模型_4V1C.R,4
R,purrr,01_simulation/04_models/rsflc/5_RSF_LC模型_4V1C.R,5
R,readxl,01_simulation/04_models/rsflc/5_RSF_LC模型_4V1C.R,6
R,writexl,01_simulation/04_models/rsflc/5_RSF_LC模型_4V1C.R,7
R,timeROC,01_simulation/04_models/rsflc/5_RSF_LC模型_4V1C.R,224
R,DynForest,01_simulation/04_models/rsflc/5_RSF_LC模型_4V1C.R,347
R,survival,01_simulation/04_models/rsflc/5_RSF_LC模型_4V1C.R,432
R,survival,01_simulation/04_models/rsflc/5_RSF_LC模型_4V1C.R,438
R,timeROC,01_simulation/04_models/rsflc/5_RSF_LC模型_4V1C.R,443
R,timeROC,01_simulation/04_models/rsflc/5_RSF_LC模型_4V1C.R,451
R,dplyr,01_simulation/04_models/rsflc/5_RSF_LC模型_V10C1.R,1
R,survival,01_simulation/04_models/rsflc/5_RSF_LC模型_V10C1.R,2
R,timeROC,01_simulation/04_models/rsflc/5_RSF_LC模型_V10C1.R,3
R,DynForest,01_simulation/04_models/rsflc/5_RSF_LC模型_V10C1.R,4
R,purrr,01_simulation/04_models/rsflc/5_RSF_LC模型_V10C1.R,5
R,readxl,01_simulation/04_models/rsflc/5_RSF_LC模型_V10C1.R,6
R,writexl,01_simulation/04_models/rsflc/5_RSF_LC模型_V10C1.R,7
R,timeROC,01_simulation/04_models/rsflc/5_RSF_LC模型_V10C1.R,404
R,DynForest,01_simulation/04_models/rsflc/5_RSF_LC模型_V10C1.R,446
R,survival,01_simulation/04_models/rsflc/5_RSF_LC模型_V10C1.R,545
R,survival,01_simulation/04_models/rsflc/5_RSF_LC模型_V10C1.R,553
R,timeROC,01_simulation/04_models/rsflc/5_RSF_LC模型_V10C1.R,561
R,timeROC,01_simulation/04_models/rsflc/5_RSF_LC模型_V10C1.R,569
R,dplyr,01_simulation/04_models/rsflc/5_RSF_LC模型_V10C3.R,1
R,survival,01_simulation/04_models/rsflc/5_RSF_LC模型_V10C3.R,2
R,timeROC,01_simulation/04_models/rsflc/5_RSF_LC模型_V10C3.R,3
R,DynForest,01_simulation/04_models/rsflc/5_RSF_LC模型_V10C3.R,4
R,purrr,01_simulation/04_models/rsflc/5_RSF_LC模型_V10C3.R,5
R,readxl,01_simulation/04_models/rsflc/5_RSF_LC模型_V10C3.R,6
R,writexl,01_simulation/04_models/rsflc/5_RSF_LC模型_V10C3.R,7
R,readxl,01_simulation/04_models/rsflc/5_RSF_LC模型_V10C3.R,21
R,writexl,01_simulation/04_models/rsflc/5_RSF_LC模型_V10C3.R,22
R,readxl,01_simulation/04_models/rsflc/5_RSF_LC模型_V10C3.R,33
R,purrr,01_simulation/04_models/rsflc/5_RSF_LC模型_V10C3.R,34
R,readxl,01_simulation/04_models/rsflc/5_RSF_LC模型_V10C3.R,170
R,purrr,01_simulation/04_models/rsflc/5_RSF_LC模型_V10C3.R,171
R,readxl,01_simulation/04_models/rsflc/5_RSF_LC模型_V10C3.R,308
R,purrr,01_simulation/04_models/rsflc/5_RSF_LC模型_V10C3.R,309
R,timeROC,01_simulation/04_models/rsflc/5_RSF_LC模型_V10C3.R,451
R,DynForest,01_simulation/04_models/rsflc/5_RSF_LC模型_V10C3.R,493
R,survival,01_simulation/04_models/rsflc/5_RSF_LC模型_V10C3.R,592
R,survival,01_simulation/04_models/rsflc/5_RSF_LC模型_V10C3.R,600
R,timeROC,01_simulation/04_models/rsflc/5_RSF_LC模型_V10C3.R,608
R,timeROC,01_simulation/04_models/rsflc/5_RSF_LC模型_V10C3.R,616
R,survival,01_simulation/04_models/jm/5_Jointmodel_C3.R,1
R,rms,01_simulation/04_models/jm/5_Jointmodel_C3.R,2
R,timeROC,01_simulation/04_models/jm/5_Jointmodel_C3.R,3
R,dplyr,01_simulation/04_models/jm/5_Jointmodel_C3.R,4
R,joineRML,01_simulation/04_models/jm/5_Jointmodel_C3.R,5
R,readxl,01_simulation/04_models/jm/5_Jointmodel_C3.R,6
R,writexl,01_simulation/04_models/jm/5_Jointmodel_C3.R,7
R,tidyverse,01_simulation/04_models/jm/5_Jointmodel_C3.R,8
R,readxl,01_simulation/04_models/rsf/RSF_10V3C.R,1
R,survival,01_simulation/04_models/rsf/RSF_10V3C.R,2
R,timeROC,01_simulation/04_models/rsf/RSF_10V3C.R,3
R,randomForestSRC,01_simulation/04_models/rsf/RSF_10V3C.R,4
R,dplyr,01_simulation/04_models/rsf/RSF_10V3C.R,5
R,rstudioapi,01_simulation/04_models/rsf/RSF_10V3C.R,24
R,rstudioapi,01_simulation/04_models/rsf/RSF_10V3C.R,25
R,dplyr,01_simulation/04_models/jm/jmbayes2_0722/5_jointmodel_4V.R,1
R,survival,01_simulation/04_models/jm/jmbayes2_0722/5_jointmodel_4V.R,2
R,readxl,01_simulation/04_models/jm/jmbayes2_0722/5_jointmodel_4V.R,3
R,writexl,01_simulation/04_models/jm/jmbayes2_0722/5_jointmodel_4V.R,4
R,purrr,01_simulation/04_models/jm/jmbayes2_0722/5_jointmodel_4V.R,5
R,nlme,01_simulation/04_models/jm/jmbayes2_0722/5_jointmodel_4V.R,56
R,nlme,01_simulation/04_models/jm/jmbayes2_0722/5_jointmodel_4V.R,57
R,nlme,01_simulation/04_models/jm/jmbayes2_0722/5_jointmodel_4V.R,58
R,nlme,01_simulation/04_models/jm/jmbayes2_0722/5_jointmodel_4V.R,59
R,survival,01_simulation/04_models/jm/jmbayes2_0722/5_jointmodel_4V.R,65
R,JMbayes2,01_simulation/04_models/jm/jmbayes2_0722/5_jointmodel_4V.R,74
R,dplyr,01_simulation/04_models/jm/jmbayes2_0722/5_jointmodel_4V.R,97
R,dplyr,01_simulation/04_models/jm/jmbayes2_0722/5_jointmodel_4V.R,98
R,survival,01_simulation/04_models/jm/jmbayes2_0722/5_jointmodel_4V.R,103
R,JMbayes2,01_simulation/04_models/jm/jmbayes2_0722/5_jointmodel_4V.R,113
R,JMbayes2,01_simulation/04_models/jm/jmbayes2_0722/5_jointmodel_4V.R,122
R,dplyr,01_simulation/04_models/jm/jmbayes2_0722/5_jointmodel_4V.R,243
R,survival,01_simulation/04_models/jm/jmbayes2_0722/5_jointmodel_4V.R,244
R,nlme,01_simulation/04_models/jm/jmbayes2_0722/5_jointmodel_4V.R,245
R,JMbayes2,01_simulation/04_models/jm/jmbayes2_0722/5_jointmodel_4V.R,246
R,JMbayes2,01_simulation/04_models/jm/jmbayes2_0722/5_jointmodel_4V.R,333
R,dplyr,01_simulation/04_models/jm/jmbayes2_0722/5_jointmodel_10V1C.R,1
R,survival,01_simulation/04_models/jm/jmbayes2_0722/5_jointmodel_10V1C.R,2
R,readxl,01_simulation/04_models/jm/jmbayes2_0722/5_jointmodel_10V1C.R,3
R,writexl,01_simulation/04_models/jm/jmbayes2_0722/5_jointmodel_10V1C.R,4
R,purrr,01_simulation/04_models/jm/jmbayes2_0722/5_jointmodel_10V1C.R,5
R,JMbayes2,01_simulation/04_models/jm/jmbayes2_0722/5_jointmodel_10V1C.R,6
R,parallel,01_simulation/04_models/jm/jmbayes2_0722/5_jointmodel_10V1C.R,7
R,nlme,01_simulation/04_models/jm/jmbayes2_0722/5_jointmodel_10V1C.R,73
R,nlme,01_simulation/04_models/jm/jmbayes2_0722/5_jointmodel_10V1C.R,74
R,nlme,01_simulation/04_models/jm/jmbayes2_0722/5_jointmodel_10V1C.R,75
R,nlme,01_simulation/04_models/jm/jmbayes2_0722/5_jointmodel_10V1C.R,76
R,nlme,01_simulation/04_models/jm/jmbayes2_0722/5_jointmodel_10V1C.R,77
R,nlme,01_simulation/04_models/jm/jmbayes2_0722/5_jointmodel_10V1C.R,78
R,survival,01_simulation/04_models/jm/jmbayes2_0722/5_jointmodel_10V1C.R,84
R,JMbayes2,01_simulation/04_models/jm/jmbayes2_0722/5_jointmodel_10V1C.R,93
R,dplyr,01_simulation/04_models/jm/jmbayes2_0722/5_jointmodel_10V1C.R,116
R,dplyr,01_simulation/04_models/jm/jmbayes2_0722/5_jointmodel_10V1C.R,117
R,survival,01_simulation/04_models/jm/jmbayes2_0722/5_jointmodel_10V1C.R,122
R,JMbayes2,01_simulation/04_models/jm/jmbayes2_0722/5_jointmodel_10V1C.R,132
R,JMbayes2,01_simulation/04_models/jm/jmbayes2_0722/5_jointmodel_10V1C.R,141
R,dplyr,01_simulation/04_models/jm/jmbayes2_0722/5_jointmodel_10V3C.R,1
R,survival,01_simulation/04_models/jm/jmbayes2_0722/5_jointmodel_10V3C.R,2
R,readxl,01_simulation/04_models/jm/jmbayes2_0722/5_jointmodel_10V3C.R,3
R,writexl,01_simulation/04_models/jm/jmbayes2_0722/5_jointmodel_10V3C.R,4
R,purrr,01_simulation/04_models/jm/jmbayes2_0722/5_jointmodel_10V3C.R,5
R,nlme,01_simulation/04_models/jm/jmbayes2_0722/5_jointmodel_10V3C.R,70
R,nlme,01_simulation/04_models/jm/jmbayes2_0722/5_jointmodel_10V3C.R,71
R,nlme,01_simulation/04_models/jm/jmbayes2_0722/5_jointmodel_10V3C.R,72
R,nlme,01_simulation/04_models/jm/jmbayes2_0722/5_jointmodel_10V3C.R,73
R,nlme,01_simulation/04_models/jm/jmbayes2_0722/5_jointmodel_10V3C.R,74
R,nlme,01_simulation/04_models/jm/jmbayes2_0722/5_jointmodel_10V3C.R,75
R,survival,01_simulation/04_models/jm/jmbayes2_0722/5_jointmodel_10V3C.R,81
R,JMbayes2,01_simulation/04_models/jm/jmbayes2_0722/5_jointmodel_10V3C.R,90
R,dplyr,01_simulation/04_models/jm/jmbayes2_0722/5_jointmodel_10V3C.R,113
R,dplyr,01_simulation/04_models/jm/jmbayes2_0722/5_jointmodel_10V3C.R,114
R,survival,01_simulation/04_models/jm/jmbayes2_0722/5_jointmodel_10V3C.R,119
R,JMbayes2,01_simulation/04_models/jm/jmbayes2_0722/5_jointmodel_10V3C.R,129
R,JMbayes2,01_simulation/04_models/jm/jmbayes2_0722/5_jointmodel_10V3C.R,138
R,dplyr,01_simulation/04_models/jm/jmbayes2_0722/5_jointmodel_10V3C.R,269
R,survival,01_simulation/04_models/jm/jmbayes2_0722/5_jointmodel_10V3C.R,270
R,readxl,01_simulation/04_models/jm/jmbayes2_0722/5_jointmodel_10V3C.R,271
R,writexl,01_simulation/04_models/jm/jmbayes2_0722/5_jointmodel_10V3C.R,272
R,nlme,01_simulation/04_models/jm/jmbayes2_0722/5_jointmodel_10V3C.R,273
R,JMbayes2,01_simulation/04_models/jm/jmbayes2_0722/5_jointmodel_10V3C.R,274
R,dplyr,01_simulation/04_models/paired_test/5_RSF_LC_V10C3_测试集.R,9
R,survival,01_simulation/04_models/paired_test/5_RSF_LC_V10C3_测试集.R,10
R,timeROC,01_simulation/04_models/paired_test/5_RSF_LC_V10C3_测试集.R,11
R,DynForest,01_simulation/04_models/paired_test/5_RSF_LC_V10C3_测试集.R,12
R,purrr,01_simulation/04_models/paired_test/5_RSF_LC_V10C3_测试集.R,13
R,readxl,01_simulation/04_models/paired_test/5_RSF_LC_V10C3_测试集.R,14
R,writexl,01_simulation/04_models/paired_test/5_RSF_LC_V10C3_测试集.R,15
R,timeROC,01_simulation/04_models/paired_test/5_RSF_LC_V10C3_测试集.R,180
R,DynForest,01_simulation/04_models/paired_test/5_RSF_LC_V10C3_测试集.R,222
R,survival,01_simulation/04_models/paired_test/5_RSF_LC_V10C3_测试集.R,321
R,survival,01_simulation/04_models/paired_test/5_RSF_LC_V10C3_测试集.R,329
R,timeROC,01_simulation/04_models/paired_test/5_RSF_LC_V10C3_测试集.R,337
R,timeROC,01_simulation/04_models/paired_test/5_RSF_LC_V10C3_测试集.R,345
R,dplyr,01_simulation/04_models/paired_test/5_RSF_LC_V10C1_测试集.R,9
R,survival,01_simulation/04_models/paired_test/5_RSF_LC_V10C1_测试集.R,10
R,timeROC,01_simulation/04_models/paired_test/5_RSF_LC_V10C1_测试集.R,11
R,DynForest,01_simulation/04_models/paired_test/5_RSF_LC_V10C1_测试集.R,12
R,purrr,01_simulation/04_models/paired_test/5_RSF_LC_V10C1_测试集.R,13
R,readxl,01_simulation/04_models/paired_test/5_RSF_LC_V10C1_测试集.R,14
R,writexl,01_simulation/04_models/paired_test/5_RSF_LC_V10C1_测试集.R,15
R,timeROC,01_simulation/04_models/paired_test/5_RSF_LC_V10C1_测试集.R,181
R,DynForest,01_simulation/04_models/paired_test/5_RSF_LC_V10C1_测试集.R,223
R,survival,01_simulation/04_models/paired_test/5_RSF_LC_V10C1_测试集.R,322
R,survival,01_simulation/04_models/paired_test/5_RSF_LC_V10C1_测试集.R,330
R,timeROC,01_simulation/04_models/paired_test/5_RSF_LC_V10C1_测试集.R,338
R,timeROC,01_simulation/04_models/paired_test/5_RSF_LC_V10C1_测试集.R,346
R,survival,01_simulation/04_models/paired_test/5_RSF_10V1C_测试集.R,8
R,timeROC,01_simulation/04_models/paired_test/5_RSF_10V1C_测试集.R,9
R,dplyr,01_simulation/04_models/paired_test/5_RSF_10V1C_测试集.R,10
R,randomForestSRC,01_simulation/04_models/paired_test/5_RSF_10V1C_测试集.R,11
R,readxl,01_simulation/04_models/paired_test/5_RSF_10V1C_测试集.R,12
R,writexl,01_simulation/04_models/paired_test/5_RSF_10V1C_测试集.R,13
R,tidyverse,01_simulation/04_models/paired_test/5_RSF_10V1C_测试集.R,14
R,purrr,01_simulation/04_models/paired_test/5_RSF_10V1C_测试集.R,15
R,survival,01_simulation/04_models/paired_test/5_RSF_10V3C_测试集.R,8
R,timeROC,01_simulation/04_models/paired_test/5_RSF_10V3C_测试集.R,9
R,dplyr,01_simulation/04_models/paired_test/5_RSF_10V3C_测试集.R,10
R,randomForestSRC,01_simulation/04_models/paired_test/5_RSF_10V3C_测试集.R,11
R,readxl,01_simulation/04_models/paired_test/5_RSF_10V3C_测试集.R,12
R,writexl,01_simulation/04_models/paired_test/5_RSF_10V3C_测试集.R,13
R,tidyverse,01_simulation/04_models/paired_test/5_RSF_10V3C_测试集.R,14
R,purrr,01_simulation/04_models/paired_test/5_RSF_10V3C_测试集.R,15
R,timeROC,01_simulation/04_models/paired_test/5_RSF_10V3C_测试集.R,174
R,DynForest,01_simulation/04_models/paired_test/5_RSF_10V3C_测试集.R,216
R,survival,01_simulation/04_models/paired_test/5_RSF_10V3C_测试集.R,315
R,survival,01_simulation/04_models/paired_test/5_RSF_10V3C_测试集.R,323
R,timeROC,01_simulation/04_models/paired_test/5_RSF_10V3C_测试集.R,331
R,timeROC,01_simulation/04_models/paired_test/5_RSF_10V3C_测试集.R,339
R,survival,01_simulation/04_models/paired_test/5_JM_10V3C_测试集.R,10
R,timeROC,01_simulation/04_models/paired_test/5_JM_10V3C_测试集.R,11
R,dplyr,01_simulation/04_models/paired_test/5_JM_10V3C_测试集.R,12
R,joineRML,01_simulation/04_models/paired_test/5_JM_10V3C_测试集.R,13
R,readxl,01_simulation/04_models/paired_test/5_JM_10V3C_测试集.R,14
R,writexl,01_simulation/04_models/paired_test/5_JM_10V3C_测试集.R,15
R,tidyverse,01_simulation/04_models/paired_test/5_JM_10V3C_测试集.R,16
R,purrr,01_simulation/04_models/paired_test/5_JM_10V3C_测试集.R,17
R,survival,01_simulation/04_models/paired_test/5_JM_10V1C_测试集.R,10
R,timeROC,01_simulation/04_models/paired_test/5_JM_10V1C_测试集.R,11
R,dplyr,01_simulation/04_models/paired_test/5_JM_10V1C_测试集.R,12
R,joineRML,01_simulation/04_models/paired_test/5_JM_10V1C_测试集.R,13
R,readxl,01_simulation/04_models/paired_test/5_JM_10V1C_测试集.R,14
R,writexl,01_simulation/04_models/paired_test/5_JM_10V1C_测试集.R,15
R,tidyverse,01_simulation/04_models/paired_test/5_JM_10V1C_测试集.R,16
R,purrr,01_simulation/04_models/paired_test/5_JM_10V1C_测试集.R,17
R,survival,01_simulation/04_models/paired_test/5_COX模型_10VC1_remake.r,1
R,rms,01_simulation/04_models/paired_test/5_COX模型_10VC1_remake.r,2
R,timeROC,01_simulation/04_models/paired_test/5_COX模型_10VC1_remake.r,3
R,dplyr,01_simulation/04_models/paired_test/5_COX模型_10VC1_remake.r,4
R,joineRML,01_simulation/04_models/paired_test/5_COX模型_10VC1_remake.r,5
R,readxl,01_simulation/04_models/paired_test/5_COX模型_10VC1_remake.r,6
R,writexl,01_simulation/04_models/paired_test/5_COX模型_10VC1_remake.r,7
R,tidyverse,01_simulation/04_models/paired_test/5_COX模型_10VC1_remake.r,8
R,survival,01_simulation/05_evaluation/6_code.R,1
R,rms,01_simulation/05_evaluation/6_code.R,2
R,timeROC,01_simulation/05_evaluation/6_code.R,3
R,dplyr,01_simulation/05_evaluation/6_code.R,4
R,joineRML,01_simulation/05_evaluation/6_code.R,5
R,readxl,01_simulation/05_evaluation/6_code.R,6
R,tidyverse,01_simulation/05_evaluation/6_code.R,7
R,writexl,01_simulation/05_evaluation/6_code.R,8
R,readxl,01_simulation/05_evaluation/6_结果处理_ALL.R,1
R,echarts4r,01_simulation/05_evaluation/6_结果处理_ALL.R,24
R,tidyverse,01_simulation/05_evaluation/6_结果处理_COX_10V1C.R,1
R,flexsurv,01_simulation/05_evaluation/6_结果处理_COX_10V1C.R,2
R,survival,01_simulation/05_evaluation/6_结果处理_COX_10V1C.R,3
R,writexl,01_simulation/05_evaluation/6_结果处理_COX_10V1C.R,4
R,readxl,01_simulation/05_evaluation/6_结果处理_COX_10V1C.R,5
R,dplyr,01_simulation/05_evaluation/6_结果处理_COX_10V1C.R,14
R,dplyr,01_simulation/05_evaluation/6_结果处理_COX_10V1C.R,15
R,tidyverse,01_simulation/05_evaluation/6_结果处理_COX_10V3C.R,1
R,flexsurv,01_simulation/05_evaluation/6_结果处理_COX_10V3C.R,2
R,survival,01_simulation/05_evaluation/6_结果处理_COX_10V3C.R,3
R,writexl,01_simulation/05_evaluation/6_结果处理_COX_10V3C.R,4
R,readxl,01_simulation/05_evaluation/6_结果处理_COX_10V3C.R,5
R,dplyr,01_simulation/05_evaluation/6_结果处理_COX_10V3C.R,14
R,dplyr,01_simulation/05_evaluation/6_结果处理_COX_10V3C.R,15
R,tidyverse,01_simulation/05_evaluation/6_结果处理_COX_4V.R,1
R,flexsurv,01_simulation/05_evaluation/6_结果处理_COX_4V.R,2
R,survival,01_simulation/05_evaluation/6_结果处理_COX_4V.R,3
R,writexl,01_simulation/05_evaluation/6_结果处理_COX_4V.R,4
R,readxl,01_simulation/05_evaluation/6_结果处理_COX_4V.R,5
R,dplyr,01_simulation/05_evaluation/6_结果处理_COX_4V.R,14
R,dplyr,01_simulation/05_evaluation/6_结果处理_COX_4V.R,15
R,tidyverse,01_simulation/05_evaluation/6_结果处理_JM_1c.R,1
R,flexsurv,01_simulation/05_evaluation/6_结果处理_JM_1c.R,2
R,survival,01_simulation/05_evaluation/6_结果处理_JM_1c.R,3
R,writexl,01_simulation/05_evaluation/6_结果处理_JM_1c.R,4
R,readxl,01_simulation/05_evaluation/6_结果处理_JM_1c.R,5
R,dplyr,01_simulation/05_evaluation/6_结果处理_JM_1c.R,14
R,dplyr,01_simulation/05_evaluation/6_结果处理_JM_1c.R,15
R,tidyverse,01_simulation/05_evaluation/6_结果处理_JM_3c.R,1
R,flexsurv,01_simulation/05_evaluation/6_结果处理_JM_3c.R,2
R,survival,01_simulation/05_evaluation/6_结果处理_JM_3c.R,3
R,writexl,01_simulation/05_evaluation/6_结果处理_JM_3c.R,4
R,readxl,01_simulation/05_evaluation/6_结果处理_JM_3c.R,5
R,dplyr,01_simulation/05_evaluation/6_结果处理_JM_3c.R,14
R,dplyr,01_simulation/05_evaluation/6_结果处理_JM_3c.R,15
R,tidyverse,01_simulation/05_evaluation/6_结果处理_JM_4V.R,1
R,flexsurv,01_simulation/05_evaluation/6_结果处理_JM_4V.R,2
R,survival,01_simulation/05_evaluation/6_结果处理_JM_4V.R,3
R,writexl,01_simulation/05_evaluation/6_结果处理_JM_4V.R,4
R,readxl,01_simulation/05_evaluation/6_结果处理_JM_4V.R,5
R,readxl,01_simulation/05_evaluation/6_结果处理_JM_4V.R,15
R,dplyr,01_simulation/05_evaluation/6_结果处理_JM_4V.R,16
R,dplyr,01_simulation/05_evaluation/6_结果处理_JM_4V.R,17
R,tidyverse,01_simulation/05_evaluation/6_结果处理_RSFLC_10V1c.R,1
R,flexsurv,01_simulation/05_evaluation/6_结果处理_RSFLC_10V1c.R,2
R,survival,01_simulation/05_evaluation/6_结果处理_RSFLC_10V1c.R,3
R,writexl,01_simulation/05_evaluation/6_结果处理_RSFLC_10V1c.R,4
R,readxl,01_simulation/05_evaluation/6_结果处理_RSFLC_10V1c.R,5
R,dplyr,01_simulation/05_evaluation/6_结果处理_RSFLC_10V1c.R,14
R,dplyr,01_simulation/05_evaluation/6_结果处理_RSFLC_10V1c.R,15
R,tidyverse,01_simulation/05_evaluation/6_结果处理_RSFLC_4V.R,1
R,flexsurv,01_simulation/05_evaluation/6_结果处理_RSFLC_4V.R,2
R,survival,01_simulation/05_evaluation/6_结果处理_RSFLC_4V.R,3
R,writexl,01_simulation/05_evaluation/6_结果处理_RSFLC_4V.R,4
R,readxl,01_simulation/05_evaluation/6_结果处理_RSFLC_4V.R,5
R,dplyr,01_simulation/05_evaluation/6_结果处理_RSFLC_4V.R,14
R,dplyr,01_simulation/05_evaluation/6_结果处理_RSFLC_4V.R,15
R,tidyverse,01_simulation/05_evaluation/6_结果处理_RSF_1c.R,1
R,flexsurv,01_simulation/05_evaluation/6_结果处理_RSF_1c.R,2
R,survival,01_simulation/05_evaluation/6_结果处理_RSF_1c.R,3
R,writexl,01_simulation/05_evaluation/6_结果处理_RSF_1c.R,4
R,readxl,01_simulation/05_evaluation/6_结果处理_RSF_1c.R,5
R,dplyr,01_simulation/05_evaluation/6_结果处理_RSF_1c.R,14
R,dplyr,01_simulation/05_evaluation/6_结果处理_RSF_1c.R,15
R,tidyverse,01_simulation/05_evaluation/6_结果处理_RSF_3c.R,1
R,flexsurv,01_simulation/05_evaluation/6_结果处理_RSF_3c.R,2
R,survival,01_simulation/05_evaluation/6_结果处理_RSF_3c.R,3
R,writexl,01_simulation/05_evaluation/6_结果处理_RSF_3c.R,4
R,readxl,01_simulation/05_evaluation/6_结果处理_RSF_3c.R,5
R,dplyr,01_simulation/05_evaluation/6_结果处理_RSF_3c.R,16
R,dplyr,01_simulation/05_evaluation/6_结果处理_RSF_3c.R,17
R,dplyr,01_simulation/05_evaluation/6_结果处理_RSF_3c.R,18
R,tidyr,01_simulation/05_evaluation/6_结果处理_RSF_3c.R,19
R,dplyr,01_simulation/05_evaluation/6_结果处理_RSF_3c.R,23
R,dplyr,01_simulation/05_evaluation/6_结果处理_RSF_3c.R,24
R,readxl,01_simulation/06_figures/代码/作图_主程序.R,5
R,dplyr,01_simulation/06_figures/代码/作图_主程序.R,6
R,tidyr,01_simulation/06_figures/代码/作图_主程序.R,7
R,ggplot2,01_simulation/06_figures/代码/作图_主程序.R,8
R,readxl,01_simulation/06_figures/代码/作图_数据预处理.R,5
R,tidyr,01_simulation/06_figures/代码/作图_数据预处理.R,6
R,dplyr,01_simulation/06_figures/代码/作图_数据预处理.R,7
R,PMCMRplus,01_simulation/06_figures/代码/作图_数据预处理.R,8
R,writexl,01_simulation/06_figures/代码/作图_数据预处理.R,9
R,readxl,01_simulation/06_figures/代码/数据整理.R,1
R,writexl,01_simulation/06_figures/代码/数据整理.R,2
R,readxl,01_simulation/06_figures/代码/柱状图_总.R,1
R,dplyr,01_simulation/06_figures/代码/柱状图_总.R,2
R,tidyr,01_simulation/06_figures/代码/柱状图_总.R,3
R,ggplot2,01_simulation/06_figures/代码/柱状图_总.R,4
R,stringr,01_simulation/06_figures/代码/柱状图_总.R,5
R,scales,01_simulation/06_figures/代码/柱状图_总.R,6
R,readxl,01_simulation/06_figures/0317作图/分层比较作图.R,1
R,ggplot2,01_simulation/06_figures/0317作图/分层比较作图.R,2
R,writexl,01_simulation/06_figures/0317作图/分层比较作图.R,135
R,openxlsx,01_simulation/06_figures/0317作图/分层比较作图.R,139
R,openxlsx,01_simulation/06_figures/0317作图/分层比较作图.R,141
R,openxlsx,01_simulation/06_figures/0317作图/分层比较作图.R,142
R,openxlsx,01_simulation/06_figures/0317作图/分层比较作图.R,144
R,readxl,01_simulation/06_figures/0317作图/总结变量作图.R,1
R,ggplot2,01_simulation/06_figures/0317作图/总结变量作图.R,2
R,writexl,01_simulation/06_figures/0317作图/总结变量作图.R,102
R,openxlsx,01_simulation/06_figures/0317作图/总结变量作图.R,106
R,openxlsx,01_simulation/06_figures/0317作图/总结变量作图.R,108
R,openxlsx,01_simulation/06_figures/0317作图/总结变量作图.R,109
R,openxlsx,01_simulation/06_figures/0317作图/总结变量作图.R,111
R,readxl,01_simulation/06_figures/0317作图/按情景柱状图.R,1
R,ggplot2,01_simulation/06_figures/0317作图/按情景柱状图.R,2
R,tools,01_simulation/06_figures/0317作图/按情景柱状图.R,151
R,readxl,01_simulation/06_figures/代码/0316数据整合.R,1
R,openxlsx,01_simulation/06_figures/代码/0316数据整合.R,2
R,dplyr,01_simulation/06_figures/代码/0316数据整合.R,3
R,stringr,01_simulation/06_figures/代码/0316数据整合.R,4
R,readxl,01_simulation/06_figures/代码/分类整合汇总.R,1
R,openxlsx,01_simulation/06_figures/代码/分类整合汇总.R,2
R,dplyr,01_simulation/06_figures/代码/分类整合汇总.R,3
R,stringr,01_simulation/06_figures/代码/分类整合汇总.R,4
R,readxl,01_simulation/06_figures/代码/构建三维图.R,3
R,dplyr,01_simulation/06_figures/代码/构建三维图.R,4
R,tidyr,01_simulation/06_figures/代码/构建三维图.R,5
R,echarts4r,01_simulation/06_figures/代码/构建三维图.R,6
R,openxlsx,01_simulation/06_figures/代码/构建三维图.R,7
R,plot3D,01_simulation/06_figures/代码/构建三维图.R,113
R,ggplot2,01_simulation/06_figures/代码/构建三维图.R,245
R,scatterplot3d,01_simulation/06_figures/代码/构建三维图.R,416
Python,re,01_simulation/05_evaluation/expand_var_to_columns.py,1
Python,pathlib,01_simulation/05_evaluation/expand_var_to_columns.py,2
Python,pandas,01_simulation/05_evaluation/expand_var_to_columns.py,4
Python,pandas,01_simulation/06_figures/fig_ch4.py,1
Python,numpy,01_simulation/06_figures/fig_ch4.py,2
Python,matplotlib,01_simulation/06_figures/fig_ch4.py,3
Python,os,01_simulation/06_figures/fig_ch4.py,4
R,value,02_clinical/01_sql/cohort_extraction/build_data_0506.sql,155
R,END,02_clinical/01_sql/cohort_extraction/build_data_0506.sql,175
R,value,02_clinical/01_sql/cohort_extraction/build_data_0506.sql,188
R,value,02_clinical/01_sql/cohort_extraction/build_data_0506.sql,198
R,value,02_clinical/01_sql/cohort_extraction/build_data_0506.sql,199
R,value,02_clinical/01_sql/cohort_extraction/build_data_0506.sql,211
R,value,02_clinical/01_sql/cohort_extraction/build_data_0506.sql,212
R,value,02_clinical/01_sql/cohort_extraction/build_data_0506.sql,234
R,value,02_clinical/01_sql/cohort_extraction/build_data_0506.sql,235
R,value,02_clinical/01_sql/cohort_extraction/build_data_0506.sql,256
R,value,02_clinical/01_sql/cohort_extraction/build_data_0506.sql,257
R,NULL,02_clinical/01_sql/cohort_extraction/build_data_0506.sql,365
R,NULL,02_clinical/01_sql/cohort_extraction/build_data_0506.sql,400
R,charttime,02_clinical/01_sql/cohort_extraction/build_data_0506.sql,419
R,charttime,02_clinical/01_sql/cohort_extraction/build_data_0506.sql,427
R,r.n_item_ge3,02_clinical/01_sql/cohort_extraction/build_data_0506.sql,462
R,p.value,02_clinical/01_sql/cohort_extraction/build_data_0506.sql,463
R,p.anchor_age,02_clinical/01_sql/cohort_extraction/build_data_0506.sql,634
R,INTEGER,02_clinical/01_sql/cohort_extraction/build_data_0506.sql,637
R,END,02_clinical/01_sql/cohort_extraction/build_data_0506.sql,643
R,value,02_clinical/01_sql/cohort_extraction/build_data_0506.sql,675
R,v_sa,02_clinical/01_sql/cohort_extraction/build_data_0506.sql,725
R,dplyr,02_clinical/02_preprocessing/source_0521/数据处理_1.R,1
R,tidyr,02_clinical/02_preprocessing/source_0521/数据处理_1.R,2
R,readxl,02_clinical/02_preprocessing/source_0521/数据处理_1.R,3
R,purrr,02_clinical/02_preprocessing/source_0521/数据处理_1.R,4
R,dplyr,02_clinical/02_preprocessing/source_0521/数据处理_1.R,483
R,tidyr,02_clinical/02_preprocessing/source_0521/数据处理_1.R,484
R,dplyr,02_clinical/02_preprocessing/source_0521/数据处理_2.R,1
R,tidyr,02_clinical/02_preprocessing/source_0521/数据处理_2.R,2
R,readxl,02_clinical/02_preprocessing/source_0521/数据处理_2.R,3
R,purrr,02_clinical/02_preprocessing/source_0521/数据处理_2.R,4
R,dplyr,02_clinical/02_preprocessing/source_0521/纵向P1P99清洗.R,1
R,tidyr,02_clinical/02_preprocessing/source_0521/纵向P1P99清洗.R,2
R,tibble,02_clinical/02_preprocessing/source_0521/纵向P1P99清洗.R,3
R,purrr,02_clinical/02_preprocessing/source_0521/纵向P1P99清洗.R,4
R,dplyr,02_clinical/02_preprocessing/source_0521/变量筛选.R,1
R,tidyr,02_clinical/02_preprocessing/source_0521/变量筛选.R,2
R,tibble,02_clinical/02_preprocessing/source_0521/变量筛选.R,3
R,purrr,02_clinical/02_preprocessing/source_0521/变量筛选.R,4
R,ggplot2,02_clinical/02_preprocessing/source_0521/变量筛选.R,343
R,dplyr,02_clinical/02_preprocessing/source_0521/数据分折.R,1
R,tidyr,02_clinical/02_preprocessing/source_0521/数据分折.R,2
R,readxl,02_clinical/02_preprocessing/source_0521/数据分折.R,3
R,purrr,02_clinical/02_preprocessing/source_0521/数据分折.R,4
R,DynForest,02_clinical/02_preprocessing/source_0521/数据分折.R,5
R,missForest,02_clinical/02_preprocessing/source_0521/数据分折.R,6
R,pROC,02_clinical/02_preprocessing/source_0521/数据分折.R,7
R,survival,02_clinical/02_preprocessing/source_0521/数据分折.R,8
R,dplyr,02_clinical/02_preprocessing/source_0521/数据分折.R,60
R,dplyr,02_clinical/02_preprocessing/source_0521/数据分折.R,61
R,dplyr,02_clinical/02_preprocessing/source_0521/数据分折.R,66
R,dplyr,02_clinical/02_preprocessing/source_0521/数据分折.R,67
R,dplyr,02_clinical/02_preprocessing/source_0521/数据分折.R,68
R,dplyr,02_clinical/02_preprocessing/source_0521/数据分折.R,75
R,dplyr,02_clinical/02_preprocessing/source_0521/数据分折.R,76
R,dplyr,02_clinical/02_preprocessing/source_0521/数据分折.R,87
R,dplyr,02_clinical/02_preprocessing/source_0521/数据分折.R,100
R,dplyr,02_clinical/02_preprocessing/source_0521/数据分折.R,101
R,dplyr,02_clinical/02_preprocessing/source_0521/数据分折.R,105
R,DynForest,02_clinical/02_preprocessing/source_0521/数据分折.R,115
R,pROC,02_clinical/02_preprocessing/source_0521/数据分折.R,226
R,pROC,02_clinical/02_preprocessing/source_0521/数据分折.R,233
R,survival,02_clinical/02_preprocessing/source_0521/数据分折.R,257
R,survival,02_clinical/02_preprocessing/source_0521/数据分折.R,258
R,survival,02_clinical/02_preprocessing/source_0521/数据分折.R,265
R,survival,02_clinical/02_preprocessing/source_0521/数据分折.R,266
R,dplyr,02_clinical/02_preprocessing/source_0521/数据分折.R,291
R,dplyr,02_clinical/02_preprocessing/source_0521/数据分折.R,292
R,dplyr,02_clinical/02_preprocessing/source_0521/数据分折.R,297
R,dplyr,02_clinical/02_preprocessing/source_0521/数据分折.R,298
R,dplyr,02_clinical/02_preprocessing/source_0521/数据分折.R,299
R,dplyr,02_clinical/02_preprocessing/source_0521/数据分折.R,306
R,dplyr,02_clinical/02_preprocessing/source_0521/数据分折.R,307
R,dplyr,02_clinical/02_preprocessing/source_0521/数据分折.R,318
R,dplyr,02_clinical/02_preprocessing/source_0521/数据分折.R,331
R,dplyr,02_clinical/02_preprocessing/source_0521/数据分折.R,332
R,dplyr,02_clinical/02_preprocessing/source_0521/数据分折.R,336
R,DynForest,02_clinical/02_preprocessing/source_0521/数据分折.R,346
R,dplyr,02_clinical/02_preprocessing/source_0521/prep_sofa_inputs.R,5
R,dplyr,02_clinical/02_preprocessing/source_0521/prep_sofa_inputs.R,6
R,dplyr,02_clinical/02_preprocessing/source_0521/prep_sofa_inputs.R,11
R,dplyr,02_clinical/02_preprocessing/source_0521/prep_sofa_inputs.R,12
R,dplyr,02_clinical/02_preprocessing/source_0521/prep_sofa_inputs.R,13
R,dplyr,02_clinical/02_preprocessing/source_0521/prep_sofa_inputs.R,19
R,dplyr,02_clinical/02_preprocessing/source_0521/prep_sofa_inputs.R,20
R,dplyr,02_clinical/02_preprocessing/source_0521/prep_sofa_inputs.R,31
R,dplyr,02_clinical/02_preprocessing/source_0521/prep_sofa_inputs.R,37
R,dplyr,02_clinical/02_preprocessing/source_0521/prep_sofa_inputs.R,38
R,dplyr,02_clinical/02_preprocessing/source_0521/prep_sofa_inputs.R,42
R,recipes,02_clinical/02_preprocessing/source_0824/knn_impute_longitudinal_0824.R,2
R,dplyr,02_clinical/02_preprocessing/source_0824/knn_impute_longitudinal_0824.R,12
R,recipes,02_clinical/02_preprocessing/source_0824/knn_impute_longitudinal_0824.R,13
R,recipes,02_clinical/02_preprocessing/source_0824/knn_impute_longitudinal_0824.R,228
Python,pathlib,02_clinical/02_preprocessing/source_0824/add_train_5fold_0826.py,6
Python,numpy,02_clinical/02_preprocessing/source_0824/add_train_5fold_0826.py,8
Python,pandas,02_clinical/02_preprocessing/source_0824/add_train_5fold_0826.py,9
R,utils,02_clinical/03_models/unified_pipeline/00_config.R,93
R,survival,02_clinical/03_models/unified_pipeline/00_config.R,112
R,survival,02_clinical/03_models/unified_pipeline/00_config.R,160
R,survival,02_clinical/03_models/unified_pipeline/00_config.R,161
R,survival,02_clinical/03_models/unified_pipeline/00_config.R,190
R,stats,02_clinical/03_models/unified_pipeline/00_config.R,203
R,stats,02_clinical/03_models/unified_pipeline/00_config.R,204
R,stats,02_clinical/03_models/unified_pipeline/00_config.R,210
R,dplyr,02_clinical/03_models/unified_pipeline/00_config.R,214
R,dplyr,02_clinical/03_models/unified_pipeline/00_config.R,221
R,stats,02_clinical/03_models/unified_pipeline/00_config.R,236
R,tools,02_clinical/03_models/unified_pipeline/01_stage_inputs.R,32
R,tools,02_clinical/03_models/unified_pipeline/01_stage_inputs.R,33
R,tools,02_clinical/03_models/unified_pipeline/01_stage_inputs.R,34
R,data.table,02_clinical/03_models/unified_pipeline/02_prepare_data.R,2
R,dplyr,02_clinical/03_models/unified_pipeline/02_prepare_data.R,3
R,data.table,02_clinical/03_models/unified_pipeline/02_prepare_data.R,13
R,data.table,02_clinical/03_models/unified_pipeline/02_prepare_data.R,14
R,dplyr,02_clinical/03_models/unified_pipeline/03_descriptive_tables_and_flow.R,2
R,tidyr,02_clinical/03_models/unified_pipeline/03_descriptive_tables_and_flow.R,3
R,ggplot2,02_clinical/03_models/unified_pipeline/03_descriptive_tables_and_flow.R,4
R,grid,02_clinical/03_models/unified_pipeline/03_descriptive_tables_and_flow.R,5
R,data.table,02_clinical/03_models/unified_pipeline/03_descriptive_tables_and_flow.R,6
R,dplyr,02_clinical/03_models/unified_pipeline/04_static_models.R,2
R,survival,02_clinical/03_models/unified_pipeline/04_static_models.R,3
R,randomForestSRC,02_clinical/03_models/unified_pipeline/04_static_models.R,4
R,riskRegression,02_clinical/03_models/unified_pipeline/04_static_models.R,5
R,parallel,02_clinical/03_models/unified_pipeline/04_static_models.R,9
R,riskRegression,02_clinical/03_models/unified_pipeline/04_static_models.R,51
R,dplyr,02_clinical/03_models/unified_pipeline/05_static_explain.R,2
R,survival,02_clinical/03_models/unified_pipeline/05_static_explain.R,3
R,randomForestSRC,02_clinical/03_models/unified_pipeline/05_static_explain.R,4
R,ggplot2,02_clinical/03_models/unified_pipeline/05_static_explain.R,5
R,shapviz,02_clinical/03_models/unified_pipeline/05_static_explain.R,6
R,patchwork,02_clinical/03_models/unified_pipeline/05_static_explain.R,7
R,tidyr,02_clinical/03_models/unified_pipeline/05_static_explain.R,8
R,dplyr,02_clinical/03_models/unified_pipeline/06_rsflc_model.R,2
R,survival,02_clinical/03_models/unified_pipeline/06_rsflc_model.R,3
R,DynForest,02_clinical/03_models/unified_pipeline/06_rsflc_model.R,4
R,ggplot2,02_clinical/03_models/unified_pipeline/06_rsflc_model.R,5
R,fastshap,02_clinical/03_models/unified_pipeline/06_rsflc_model.R,6
R,shapviz,02_clinical/03_models/unified_pipeline/06_rsflc_model.R,7
R,patchwork,02_clinical/03_models/unified_pipeline/06_rsflc_model.R,8
R,stats,02_clinical/03_models/unified_pipeline/06_rsflc_model.R,36
R,stats,02_clinical/03_models/unified_pipeline/06_rsflc_model.R,37
R,DynForest,02_clinical/03_models/unified_pipeline/06_rsflc_model.R,45
R,parallel,02_clinical/03_models/unified_pipeline/06_rsflc_model.R,52
R,DynForest,02_clinical/03_models/unified_pipeline/06_rsflc_model.R,145
R,parallel,02_clinical/03_models/unified_pipeline/06_rsflc_model.R,147
R,fastshap,02_clinical/03_models/unified_pipeline/06_rsflc_model.R,184
R,shapviz,02_clinical/03_models/unified_pipeline/06_rsflc_model.R,194
R,dplyr,02_clinical/03_models/unified_pipeline/07a_rsf_fivefold_cv_optional.R,2
R,survival,02_clinical/03_models/unified_pipeline/07a_rsf_fivefold_cv_optional.R,3
R,randomForestSRC,02_clinical/03_models/unified_pipeline/07a_rsf_fivefold_cv_optional.R,4
R,dplyr,02_clinical/03_models/unified_pipeline/07b_rsflc_fivefold_cv_optional.R,2
R,survival,02_clinical/03_models/unified_pipeline/07b_rsflc_fivefold_cv_optional.R,3
R,DynForest,02_clinical/03_models/unified_pipeline/07b_rsflc_fivefold_cv_optional.R,4
R,stats,02_clinical/03_models/unified_pipeline/07b_rsflc_fivefold_cv_optional.R,14
R,stats,02_clinical/03_models/unified_pipeline/07b_rsflc_fivefold_cv_optional.R,15
R,parallel,02_clinical/03_models/unified_pipeline/07b_rsflc_fivefold_cv_optional.R,43
R,dplyr,02_clinical/03_models/unified_pipeline/08_joint_model.R,2
R,survival,02_clinical/03_models/unified_pipeline/08_joint_model.R,3
R,nlme,02_clinical/03_models/unified_pipeline/08_joint_model.R,4
R,JMbayes2,02_clinical/03_models/unified_pipeline/08_joint_model.R,5
R,coda,02_clinical/03_models/unified_pipeline/08_joint_model.R,6
R,ggplot2,02_clinical/03_models/unified_pipeline/08_joint_model.R,7
R,tidyr,02_clinical/03_models/unified_pipeline/08_joint_model.R,8
R,patchwork,02_clinical/03_models/unified_pipeline/08_joint_model.R,9
R,nlme,02_clinical/03_models/unified_pipeline/08_joint_model.R,32
R,nlme,02_clinical/03_models/unified_pipeline/08_joint_model.R,40
R,nlme,02_clinical/03_models/unified_pipeline/08_joint_model.R,41
R,nlme,02_clinical/03_models/unified_pipeline/08_joint_model.R,42
R,survival,02_clinical/03_models/unified_pipeline/08_joint_model.R,46
R,JMbayes2,02_clinical/03_models/unified_pipeline/08_joint_model.R,53
R,dplyr,02_clinical/03_models/unified_pipeline/09_combine_results.R,2
R,tidyr,02_clinical/03_models/unified_pipeline/09_combine_results.R,3
R,ggplot2,02_clinical/03_models/unified_pipeline/09_combine_results.R,4
R,patchwork,02_clinical/03_models/unified_pipeline/09_combine_results.R,5
R,officer,02_clinical/03_models/unified_pipeline/10_build_docx.R,2
R,flextable,02_clinical/03_models/unified_pipeline/10_build_docx.R,3
R,dplyr,02_clinical/03_models/unified_pipeline/10_build_docx.R,4
R,tools,02_clinical/03_models/unified_pipeline/10_build_docx.R,240
R,dplyr,02_clinical/03_models/individual_0826/cox/0826_COX_结果输出.R,6
R,survival,02_clinical/03_models/individual_0826/cox/0826_COX_结果输出.R,7
R,riskRegression,02_clinical/03_models/individual_0826/cox/0826_COX_结果输出.R,8
R,prodlim,02_clinical/03_models/individual_0826/cox/0826_COX_结果输出.R,9
R,officer,02_clinical/03_models/individual_0826/cox/0826_COX_结果输出.R,10
R,flextable,02_clinical/03_models/individual_0826/cox/0826_COX_结果输出.R,11
R,stats,02_clinical/03_models/individual_0826/cox/0826_COX_结果输出.R,104
R,stats,02_clinical/03_models/individual_0826/cox/0826_COX_结果输出.R,105
R,survival,02_clinical/03_models/individual_0826/cox/0826_COX_结果输出.R,133
R,survival,02_clinical/03_models/individual_0826/cox/0826_COX_结果输出.R,144
R,survival,02_clinical/03_models/individual_0826/cox/0826_COX_结果输出.R,150
R,survival,02_clinical/03_models/individual_0826/cox/0826_COX_结果输出.R,156
R,riskRegression,02_clinical/03_models/individual_0826/cox/0826_COX_结果输出.R,165
R,dplyr,02_clinical/03_models/individual_0826/rsf/0826_RSF_结果输出.R,6
R,survival,02_clinical/03_models/individual_0826/rsf/0826_RSF_结果输出.R,7
R,randomForestSRC,02_clinical/03_models/individual_0826/rsf/0826_RSF_结果输出.R,8
R,riskRegression,02_clinical/03_models/individual_0826/rsf/0826_RSF_结果输出.R,9
R,prodlim,02_clinical/03_models/individual_0826/rsf/0826_RSF_结果输出.R,10
R,ggplot2,02_clinical/03_models/individual_0826/rsf/0826_RSF_结果输出.R,11
R,fastshap,02_clinical/03_models/individual_0826/rsf/0826_RSF_结果输出.R,12
R,shapviz,02_clinical/03_models/individual_0826/rsf/0826_RSF_结果输出.R,13
R,rmda,02_clinical/03_models/individual_0826/rsf/0826_RSF_结果输出.R,14
R,survminer,02_clinical/03_models/individual_0826/rsf/0826_RSF_结果输出.R,15
R,patchwork,02_clinical/03_models/individual_0826/rsf/0826_RSF_结果输出.R,16
R,officer,02_clinical/03_models/individual_0826/rsf/0826_RSF_结果输出.R,17
R,flextable,02_clinical/03_models/individual_0826/rsf/0826_RSF_结果输出.R,18
R,parallel,02_clinical/03_models/individual_0826/rsf/0826_RSF_结果输出.R,20
R,randomForestSRC,02_clinical/03_models/individual_0826/rsf/0826_RSF_结果输出.R,129
R,survival,02_clinical/03_models/individual_0826/rsf/0826_RSF_结果输出.R,152
R,survival,02_clinical/03_models/individual_0826/rsf/0826_RSF_结果输出.R,161
R,riskRegression,02_clinical/03_models/individual_0826/rsf/0826_RSF_结果输出.R,172
R,riskRegression,02_clinical/03_models/individual_0826/rsf/0826_RSF_结果输出.R,184
R,randomForestSRC,02_clinical/03_models/individual_0826/rsf/0826_RSF_结果输出.R,257
R,ggplot2,02_clinical/03_models/individual_0826/rsf/0826_RSF_结果输出.R,270
R,ggplot2,02_clinical/03_models/individual_0826/rsf/0826_RSF_结果输出.R,272
R,ggplot2,02_clinical/03_models/individual_0826/rsf/0826_RSF_结果输出.R,274
R,ggplot2,02_clinical/03_models/individual_0826/rsf/0826_RSF_结果输出.R,275
R,ggplot2,02_clinical/03_models/individual_0826/rsf/0826_RSF_结果输出.R,276
R,ggplot2,02_clinical/03_models/individual_0826/rsf/0826_RSF_结果输出.R,281
R,ggplot2,02_clinical/03_models/individual_0826/rsf/0826_RSF_结果输出.R,282
R,ggplot2,02_clinical/03_models/individual_0826/rsf/0826_RSF_结果输出.R,283
R,ggplot2,02_clinical/03_models/individual_0826/rsf/0826_RSF_结果输出.R,287
R,fastshap,02_clinical/03_models/individual_0826/rsf/0826_RSF_结果输出.R,348
R,shapviz,02_clinical/03_models/individual_0826/rsf/0826_RSF_结果输出.R,357
R,shapviz,02_clinical/03_models/individual_0826/rsf/0826_RSF_结果输出.R,359
R,ggplot2,02_clinical/03_models/individual_0826/rsf/0826_RSF_结果输出.R,364
R,ggplot2,02_clinical/03_models/individual_0826/rsf/0826_RSF_结果输出.R,365
R,ggplot2,02_clinical/03_models/individual_0826/rsf/0826_RSF_结果输出.R,366
R,ggplot2,02_clinical/03_models/individual_0826/rsf/0826_RSF_结果输出.R,370
R,shapviz,02_clinical/03_models/individual_0826/rsf/0826_RSF_结果输出.R,378
R,ggplot2,02_clinical/03_models/individual_0826/rsf/0826_RSF_结果输出.R,383
R,shapviz,02_clinical/03_models/individual_0826/rsf/0826_RSF_结果输出.R,385
R,ggplot2,02_clinical/03_models/individual_0826/rsf/0826_RSF_结果输出.R,390
R,ggplot2,02_clinical/03_models/individual_0826/rsf/0826_RSF_结果输出.R,394
R,shapviz,02_clinical/03_models/individual_0826/rsf/0826_RSF_结果输出.R,426
R,ggplot2,02_clinical/03_models/individual_0826/rsf/0826_RSF_结果输出.R,431
R,ggplot2,02_clinical/03_models/individual_0826/rsf/0826_RSF_结果输出.R,432
R,ggplot2,02_clinical/03_models/individual_0826/rsf/0826_RSF_结果输出.R,433
R,ggplot2,02_clinical/03_models/individual_0826/rsf/0826_RSF_结果输出.R,437
R,dplyr,02_clinical/03_models/individual_0826/rsf/0826_RSF_结果输出.R,453
R,survival,02_clinical/03_models/individual_0826/rsf/0826_RSF_结果输出.R,467
R,ggplot2,02_clinical/03_models/individual_0826/rsf/0826_RSF_结果输出.R,486
R,ggplot2,02_clinical/03_models/individual_0826/rsf/0826_RSF_结果输出.R,488
R,ggplot2,02_clinical/03_models/individual_0826/rsf/0826_RSF_结果输出.R,490
R,ggplot2,02_clinical/03_models/individual_0826/rsf/0826_RSF_结果输出.R,493
R,ggplot2,02_clinical/03_models/individual_0826/rsf/0826_RSF_结果输出.R,494
R,ggplot2,02_clinical/03_models/individual_0826/rsf/0826_RSF_结果输出.R,498
R,ggplot2,02_clinical/03_models/individual_0826/rsf/0826_RSF_结果输出.R,499
R,ggplot2,02_clinical/03_models/individual_0826/rsf/0826_RSF_结果输出.R,500
R,ggplot2,02_clinical/03_models/individual_0826/rsf/0826_RSF_结果输出.R,501
R,ggplot2,02_clinical/03_models/individual_0826/rsf/0826_RSF_结果输出.R,506
R,ggplot2,02_clinical/03_models/individual_0826/rsf/0826_RSF_结果输出.R,507
R,ggplot2,02_clinical/03_models/individual_0826/rsf/0826_RSF_结果输出.R,508
R,ggplot2,02_clinical/03_models/individual_0826/rsf/0826_RSF_结果输出.R,512
R,rmda,02_clinical/03_models/individual_0826/rsf/0826_RSF_结果输出.R,534
R,rmda,02_clinical/03_models/individual_0826/rsf/0826_RSF_结果输出.R,546
R,survival,02_clinical/03_models/individual_0826/rsf/0826_RSF_结果输出.R,574
R,survminer,02_clinical/03_models/individual_0826/rsf/0826_RSF_结果输出.R,579
R,ggplot2,02_clinical/03_models/individual_0826/rsf/0826_RSF_结果输出.R,592
R,flextable,02_clinical/03_models/individual_0826/rsf/0826_RSF_结果输出.R,605
R,flextable,02_clinical/03_models/individual_0826/rsf/0826_RSF_结果输出.R,606
R,flextable,02_clinical/03_models/individual_0826/rsf/0826_RSF_结果输出.R,607
R,flextable,02_clinical/03_models/individual_0826/rsf/0826_RSF_结果输出.R,608
R,flextable,02_clinical/03_models/individual_0826/rsf/0826_RSF_结果输出.R,609
R,flextable,02_clinical/03_models/individual_0826/rsf/0826_RSF_结果输出.R,610
R,flextable,02_clinical/03_models/individual_0826/rsf/0826_RSF_结果输出.R,613
R,flextable,02_clinical/03_models/individual_0826/rsf/0826_RSF_结果输出.R,614
R,flextable,02_clinical/03_models/individual_0826/rsf/0826_RSF_结果输出.R,615
R,flextable,02_clinical/03_models/individual_0826/rsf/0826_RSF_结果输出.R,616
R,flextable,02_clinical/03_models/individual_0826/rsf/0826_RSF_结果输出.R,617
R,flextable,02_clinical/03_models/individual_0826/rsf/0826_RSF_结果输出.R,618
R,flextable,02_clinical/03_models/individual_0826/rsf/0826_RSF_结果输出.R,619
R,flextable,02_clinical/03_models/individual_0826/rsf/0826_RSF_结果输出.R,620
R,flextable,02_clinical/03_models/individual_0826/rsf/0826_RSF_结果输出.R,621
R,flextable,02_clinical/03_models/individual_0826/rsf/0826_RSF_结果输出.R,622
R,flextable,02_clinical/03_models/individual_0826/rsf/0826_RSF_结果输出.R,623
R,flextable,02_clinical/03_models/individual_0826/rsf/0826_RSF_结果输出.R,627
R,officer,02_clinical/03_models/individual_0826/rsf/0826_RSF_结果输出.R,629
R,officer,02_clinical/03_models/individual_0826/rsf/0826_RSF_结果输出.R,630
R,officer,02_clinical/03_models/individual_0826/rsf/0826_RSF_结果输出.R,635
R,officer,02_clinical/03_models/individual_0826/rsf/0826_RSF_结果输出.R,646
R,flextable,02_clinical/03_models/individual_0826/rsf/0826_RSF_结果输出.R,647
R,officer,02_clinical/03_models/individual_0826/rsf/0826_RSF_结果输出.R,649
R,flextable,02_clinical/03_models/individual_0826/rsf/0826_RSF_结果输出.R,650
R,officer,02_clinical/03_models/individual_0826/rsf/0826_RSF_结果输出.R,651
R,officer,02_clinical/03_models/individual_0826/rsf/0826_RSF_结果输出.R,661
R,flextable,02_clinical/03_models/individual_0826/rsf/0826_RSF_结果输出.R,662
R,officer,02_clinical/03_models/individual_0826/rsf/0826_RSF_结果输出.R,663
R,officer,02_clinical/03_models/individual_0826/rsf/0826_RSF_结果输出.R,664
R,officer,02_clinical/03_models/individual_0826/rsf/0826_RSF_结果输出.R,666
R,officer,02_clinical/03_models/individual_0826/rsf/0826_RSF_结果输出.R,667
R,officer,02_clinical/03_models/individual_0826/rsf/0826_RSF_结果输出.R,668
R,officer,02_clinical/03_models/individual_0826/rsf/0826_RSF_结果输出.R,673
R,officer,02_clinical/03_models/individual_0826/rsf/0826_RSF_结果输出.R,674
R,officer,02_clinical/03_models/individual_0826/rsf/0826_RSF_结果输出.R,678
R,officer,02_clinical/03_models/individual_0826/rsf/0826_RSF_结果输出.R,679
R,officer,02_clinical/03_models/individual_0826/rsf/0826_RSF_结果输出.R,680
R,officer,02_clinical/03_models/individual_0826/rsf/0826_RSF_结果输出.R,684
R,officer,02_clinical/03_models/individual_0826/rsf/0826_RSF_结果输出.R,685
R,flextable,02_clinical/03_models/individual_0826/rsf/0826_RSF_结果输出.R,686
R,officer,02_clinical/03_models/individual_0826/rsf/0826_RSF_结果输出.R,687
R,officer,02_clinical/03_models/individual_0826/rsf/0826_RSF_结果输出.R,688
R,officer,02_clinical/03_models/individual_0826/rsf/0826_RSF_结果输出.R,692
R,officer,02_clinical/03_models/individual_0826/rsf/0826_RSF_结果输出.R,693
R,flextable,02_clinical/03_models/individual_0826/rsf/0826_RSF_结果输出.R,694
R,officer,02_clinical/03_models/individual_0826/rsf/0826_RSF_结果输出.R,695
R,officer,02_clinical/03_models/individual_0826/rsf/0826_RSF_结果输出.R,696
R,officer,02_clinical/03_models/individual_0826/rsf/0826_RSF_结果输出.R,700
R,officer,02_clinical/03_models/individual_0826/rsf/0826_RSF_结果输出.R,701
R,officer,02_clinical/03_models/individual_0826/rsf/0826_RSF_结果输出.R,702
R,officer,02_clinical/03_models/individual_0826/rsf/0826_RSF_结果输出.R,707
R,officer,02_clinical/03_models/individual_0826/rsf/0826_RSF_结果输出.R,708
R,officer,02_clinical/03_models/individual_0826/rsf/0826_RSF_结果输出.R,710
R,officer,02_clinical/03_models/individual_0826/rsf/0826_RSF_结果输出.R,711
R,officer,02_clinical/03_models/individual_0826/rsf/0826_RSF_结果输出.R,712
R,officer,02_clinical/03_models/individual_0826/rsf/0826_RSF_结果输出.R,717
R,officer,02_clinical/03_models/individual_0826/rsf/0826_RSF_结果输出.R,718
R,JMbayes2,02_clinical/03_models/individual_0826/jm/0831_JM结果输出.R,4
R,dplyr,02_clinical/03_models/individual_0826/jm/0831_JM结果输出.R,10
R,survival,02_clinical/03_models/individual_0826/jm/0831_JM结果输出.R,11
R,nlme,02_clinical/03_models/individual_0826/jm/0831_JM结果输出.R,12
R,JMbayes2,02_clinical/03_models/individual_0826/jm/0831_JM结果输出.R,13
R,prodlim,02_clinical/03_models/individual_0826/jm/0831_JM结果输出.R,14
R,riskRegression,02_clinical/03_models/individual_0826/jm/0831_JM结果输出.R,15
R,officer,02_clinical/03_models/individual_0826/jm/0831_JM结果输出.R,16
R,flextable,02_clinical/03_models/individual_0826/jm/0831_JM结果输出.R,17
R,coda,02_clinical/03_models/individual_0826/jm/0831_JM结果输出.R,18
R,parallel,02_clinical/03_models/individual_0826/jm/0831_JM结果输出.R,56
R,dplyr,02_clinical/03_models/individual_0826/jm/0831_JM结果输出.R,137
R,dplyr,02_clinical/03_models/individual_0826/jm/0831_JM结果输出.R,138
R,dplyr,02_clinical/03_models/individual_0826/jm/0831_JM结果输出.R,147
R,dplyr,02_clinical/03_models/individual_0826/jm/0831_JM结果输出.R,148
R,riskRegression,02_clinical/03_models/individual_0826/jm/0831_JM结果输出.R,201
R,dplyr,02_clinical/03_models/individual_0826/jm/0831_JM结果输出.R,250
R,dplyr,02_clinical/03_models/individual_0826/jm/0831_JM结果输出.R,265
R,dplyr,02_clinical/03_models/individual_0826/jm/0831_JM结果输出.R,270
R,dplyr,02_clinical/03_models/individual_0826/jm/0831_JM结果输出.R,271
R,dplyr,02_clinical/03_models/individual_0826/jm/0831_JM结果输出.R,272
R,dplyr,02_clinical/03_models/individual_0826/jm/0831_JM结果输出.R,275
R,dplyr,02_clinical/03_models/individual_0826/jm/0831_JM结果输出.R,276
R,dplyr,02_clinical/03_models/individual_0826/jm/0831_JM结果输出.R,277
R,dplyr,02_clinical/03_models/individual_0826/jm/0831_JM结果输出.R,279
R,dplyr,02_clinical/03_models/individual_0826/jm/0831_JM结果输出.R,281
R,dplyr,02_clinical/03_models/individual_0826/jm/0831_JM结果输出.R,282
R,dplyr,02_clinical/03_models/individual_0826/jm/0831_JM结果输出.R,285
R,dplyr,02_clinical/03_models/individual_0826/jm/0831_JM结果输出.R,286
R,dplyr,02_clinical/03_models/individual_0826/jm/0831_JM结果输出.R,289
R,dplyr,02_clinical/03_models/individual_0826/jm/0831_JM结果输出.R,291
R,dplyr,02_clinical/03_models/individual_0826/jm/0831_JM结果输出.R,292
R,dplyr,02_clinical/03_models/individual_0826/jm/0831_JM结果输出.R,293
R,dplyr,02_clinical/03_models/individual_0826/jm/0831_JM结果输出.R,294
R,dplyr,02_clinical/03_models/individual_0826/jm/0831_JM结果输出.R,295
R,dplyr,02_clinical/03_models/individual_0826/jm/0831_JM结果输出.R,296
R,dplyr,02_clinical/03_models/individual_0826/jm/0831_JM结果输出.R,297
R,dplyr,02_clinical/03_models/individual_0826/jm/0831_JM结果输出.R,298
R,dplyr,02_clinical/03_models/individual_0826/jm/0831_JM结果输出.R,299
R,stats,02_clinical/03_models/individual_0826/jm/0831_JM结果输出.R,302
R,JMbayes2,02_clinical/03_models/individual_0826/jm/0831_JM结果输出.R,351
R,nlme,02_clinical/03_models/individual_0826/jm/0831_JM结果输出.R,354
R,nlme,02_clinical/03_models/individual_0826/jm/0831_JM结果输出.R,358
R,nlme,02_clinical/03_models/individual_0826/jm/0831_JM结果输出.R,364
R,nlme,02_clinical/03_models/individual_0826/jm/0831_JM结果输出.R,370
R,stats,02_clinical/03_models/individual_0826/jm/0831_JM结果输出.R,396
R,survival,02_clinical/03_models/individual_0826/jm/0831_JM结果输出.R,408
R,JMbayes2,02_clinical/03_models/individual_0826/jm/0831_JM结果输出.R,419
R,JMbayes2,02_clinical/03_models/individual_0826/jm/0831_JM结果输出.R,474
R,JMbayes2,02_clinical/03_models/individual_0826/jm/0831_JM结果输出.R,477
R,JMbayes2,02_clinical/03_models/individual_0826/jm/0831_JM结果输出.R,480
R,JMbayes2,02_clinical/03_models/individual_0826/jm/0831_JM结果输出.R,483
R,survival,02_clinical/03_models/individual_0826/jm/0831_JM结果输出.R,546
R,survival,02_clinical/03_models/individual_0826/jm/0831_JM结果输出.R,549
R,JMbayes2,02_clinical/03_models/individual_0826/jm/0831_JM结果输出.R,589
R,stats,02_clinical/03_models/individual_0826/jm/0831_JM结果输出.R,604
R,stats,02_clinical/03_models/individual_0826/jm/0831_JM结果输出.R,621
R,flextable,02_clinical/03_models/individual_0826/jm/0831_JM结果输出.R,663
R,flextable,02_clinical/03_models/individual_0826/jm/0831_JM结果输出.R,664
R,flextable,02_clinical/03_models/individual_0826/jm/0831_JM结果输出.R,665
R,flextable,02_clinical/03_models/individual_0826/jm/0831_JM结果输出.R,666
R,flextable,02_clinical/03_models/individual_0826/jm/0831_JM结果输出.R,667
R,flextable,02_clinical/03_models/individual_0826/jm/0831_JM结果输出.R,668
R,flextable,02_clinical/03_models/individual_0826/jm/0831_JM结果输出.R,669
R,flextable,02_clinical/03_models/individual_0826/jm/0831_JM结果输出.R,670
R,flextable,02_clinical/03_models/individual_0826/jm/0831_JM结果输出.R,671
R,utils,02_clinical/03_models/individual_0826/jm/0831_JM结果输出.R,713
R,officer,02_clinical/03_models/individual_0826/jm/0831_JM结果输出.R,842
R,officer,02_clinical/03_models/individual_0826/jm/0831_JM结果输出.R,844
R,flextable,02_clinical/03_models/individual_0826/jm/0831_JM结果输出.R,849
R,flextable,02_clinical/03_models/individual_0826/jm/0831_JM结果输出.R,850
R,flextable,02_clinical/03_models/individual_0826/jm/0831_JM结果输出.R,851
R,flextable,02_clinical/03_models/individual_0826/jm/0831_JM结果输出.R,853
R,utils,02_clinical/03_models/individual_0826/jm/0831_JM结果输出.R,933
R,officer,02_clinical/03_models/individual_0826/jm/0831_JM结果输出.R,1293
R,officer,02_clinical/03_models/individual_0826/jm/0831_JM结果输出.R,1294
R,officer,02_clinical/03_models/individual_0826/jm/0831_JM结果输出.R,1295
R,officer,02_clinical/03_models/individual_0826/jm/0831_JM结果输出.R,1316
R,officer,02_clinical/03_models/individual_0826/jm/0831_JM结果输出.R,1319
R,officer,02_clinical/03_models/individual_0826/jm/0831_JM结果输出.R,1323
R,officer,02_clinical/03_models/individual_0826/jm/0831_JM结果输出.R,1324
R,officer,02_clinical/03_models/individual_0826/jm/0831_JM结果输出.R,1331
R,officer,02_clinical/03_models/individual_0826/jm/0831_JM结果输出.R,1334
R,dplyr,02_clinical/03_models/individual_0826/rsflc/0827_RSFLC结果输出.R,8
R,survival,02_clinical/03_models/individual_0826/rsflc/0827_RSFLC结果输出.R,9
R,DynForest,02_clinical/03_models/individual_0826/rsflc/0827_RSFLC结果输出.R,10
R,ggplot2,02_clinical/03_models/individual_0826/rsflc/0827_RSFLC结果输出.R,11
R,fastshap,02_clinical/03_models/individual_0826/rsflc/0827_RSFLC结果输出.R,12
R,shapviz,02_clinical/03_models/individual_0826/rsflc/0827_RSFLC结果输出.R,13
R,rmda,02_clinical/03_models/individual_0826/rsflc/0827_RSFLC结果输出.R,14
R,survminer,02_clinical/03_models/individual_0826/rsflc/0827_RSFLC结果输出.R,15
R,patchwork,02_clinical/03_models/individual_0826/rsflc/0827_RSFLC结果输出.R,16
R,pROC,02_clinical/03_models/individual_0826/rsflc/0827_RSFLC结果输出.R,17
R,prodlim,02_clinical/03_models/individual_0826/rsflc/0827_RSFLC结果输出.R,18
R,riskRegression,02_clinical/03_models/individual_0826/rsflc/0827_RSFLC结果输出.R,19
R,officer,02_clinical/03_models/individual_0826/rsflc/0827_RSFLC结果输出.R,20
R,flextable,02_clinical/03_models/individual_0826/rsflc/0827_RSFLC结果输出.R,21
R,stats,02_clinical/03_models/individual_0826/rsflc/0827_RSFLC结果输出.R,60
R,stats,02_clinical/03_models/individual_0826/rsflc/0827_RSFLC结果输出.R,62
R,DynForest,02_clinical/03_models/individual_0826/rsflc/0827_RSFLC结果输出.R,105
R,stats,02_clinical/03_models/individual_0826/rsflc/0827_RSFLC结果输出.R,223
R,pROC,02_clinical/03_models/individual_0826/rsflc/0827_RSFLC结果输出.R,245
R,survival,02_clinical/03_models/individual_0826/rsflc/0827_RSFLC结果输出.R,253
R,survival,02_clinical/03_models/individual_0826/rsflc/0827_RSFLC结果输出.R,254
R,dplyr,02_clinical/03_models/individual_0826/rsflc/0827_RSFLC结果输出.R,384
R,flextable,02_clinical/03_models/individual_0826/rsflc/0827_RSFLC结果输出.R,390
R,flextable,02_clinical/03_models/individual_0826/rsflc/0827_RSFLC结果输出.R,391
R,flextable,02_clinical/03_models/individual_0826/rsflc/0827_RSFLC结果输出.R,392
R,flextable,02_clinical/03_models/individual_0826/rsflc/0827_RSFLC结果输出.R,393
R,flextable,02_clinical/03_models/individual_0826/rsflc/0827_RSFLC结果输出.R,394
R,flextable,02_clinical/03_models/individual_0826/rsflc/0827_RSFLC结果输出.R,395
R,officer,02_clinical/03_models/individual_0826/rsflc/0827_RSFLC结果输出.R,400
R,officer,02_clinical/03_models/individual_0826/rsflc/0827_RSFLC结果输出.R,401
R,officer,02_clinical/03_models/individual_0826/rsflc/0827_RSFLC结果输出.R,404
R,dplyr,02_clinical/03_models/individual_0826/rsflc/0827_RSFLC结果输出.R,474
R,dplyr,02_clinical/03_models/individual_0826/rsflc/0827_RSFLC结果输出.R,478
R,dplyr,02_clinical/03_models/individual_0826/rsflc/0827_RSFLC结果输出.R,479
R,dplyr,02_clinical/03_models/individual_0826/rsflc/0827_RSFLC结果输出.R,481
R,dplyr,02_clinical/03_models/individual_0826/rsflc/0827_RSFLC结果输出.R,482
R,dplyr,02_clinical/03_models/individual_0826/rsflc/0827_RSFLC结果输出.R,488
R,dplyr,02_clinical/03_models/individual_0826/rsflc/0827_RSFLC结果输出.R,491
R,dplyr,02_clinical/03_models/individual_0826/rsflc/0827_RSFLC结果输出.R,496
R,dplyr,02_clinical/03_models/individual_0826/rsflc/0827_RSFLC结果输出.R,513
R,dplyr,02_clinical/03_models/individual_0826/rsflc/0827_RSFLC结果输出.R,514
R,dplyr,02_clinical/03_models/individual_0826/rsflc/0827_RSFLC结果输出.R,519
R,dplyr,02_clinical/03_models/individual_0826/rsflc/0827_RSFLC结果输出.R,528
R,DynForest,02_clinical/03_models/individual_0826/rsflc/0827_RSFLC结果输出.R,640
R,riskRegression,02_clinical/03_models/individual_0826/rsflc/0827_RSFLC结果输出.R,672
R,riskRegression,02_clinical/03_models/individual_0826/rsflc/0827_RSFLC结果输出.R,683
R,dplyr,02_clinical/03_models/individual_0826/rsflc/0827_RSFLC结果输出.R,879
R,ggplot2,02_clinical/03_models/individual_0826/rsflc/0827_RSFLC结果输出.R,889
R,ggplot2,02_clinical/03_models/individual_0826/rsflc/0827_RSFLC结果输出.R,891
R,ggplot2,02_clinical/03_models/individual_0826/rsflc/0827_RSFLC结果输出.R,893
R,ggplot2,02_clinical/03_models/individual_0826/rsflc/0827_RSFLC结果输出.R,894
R,ggplot2,02_clinical/03_models/individual_0826/rsflc/0827_RSFLC结果输出.R,895
R,ggplot2,02_clinical/03_models/individual_0826/rsflc/0827_RSFLC结果输出.R,903
R,ggplot2,02_clinical/03_models/individual_0826/rsflc/0827_RSFLC结果输出.R,904
R,ggplot2,02_clinical/03_models/individual_0826/rsflc/0827_RSFLC结果输出.R,905
R,ggplot2,02_clinical/03_models/individual_0826/rsflc/0827_RSFLC结果输出.R,907
R,fastshap,02_clinical/03_models/individual_0826/rsflc/0827_RSFLC结果输出.R,1024
R,shapviz,02_clinical/03_models/individual_0826/rsflc/0827_RSFLC结果输出.R,1047
R,shapviz,02_clinical/03_models/individual_0826/rsflc/0827_RSFLC结果输出.R,1066
R,ggplot2,02_clinical/03_models/individual_0826/rsflc/0827_RSFLC结果输出.R,1071
R,ggplot2,02_clinical/03_models/individual_0826/rsflc/0827_RSFLC结果输出.R,1072
R,ggplot2,02_clinical/03_models/individual_0826/rsflc/0827_RSFLC结果输出.R,1073
R,ggplot2,02_clinical/03_models/individual_0826/rsflc/0827_RSFLC结果输出.R,1075
R,shapviz,02_clinical/03_models/individual_0826/rsflc/0827_RSFLC结果输出.R,1077
R,ggplot2,02_clinical/03_models/individual_0826/rsflc/0827_RSFLC结果输出.R,1082
R,shapviz,02_clinical/03_models/individual_0826/rsflc/0827_RSFLC结果输出.R,1083
R,ggplot2,02_clinical/03_models/individual_0826/rsflc/0827_RSFLC结果输出.R,1088
R,ggplot2,02_clinical/03_models/individual_0826/rsflc/0827_RSFLC结果输出.R,1090
R,shapviz,02_clinical/03_models/individual_0826/rsflc/0827_RSFLC结果输出.R,1105
R,ggplot2,02_clinical/03_models/individual_0826/rsflc/0827_RSFLC结果输出.R,1110
R,ggplot2,02_clinical/03_models/individual_0826/rsflc/0827_RSFLC结果输出.R,1111
R,ggplot2,02_clinical/03_models/individual_0826/rsflc/0827_RSFLC结果输出.R,1112
R,ggplot2,02_clinical/03_models/individual_0826/rsflc/0827_RSFLC结果输出.R,1114
R,dplyr,02_clinical/03_models/individual_0826/rsflc/0827_RSFLC结果输出.R,1127
R,dplyr,02_clinical/03_models/individual_0826/rsflc/0827_RSFLC结果输出.R,1140
R,survival,02_clinical/03_models/individual_0826/rsflc/0827_RSFLC结果输出.R,1142
R,ggplot2,02_clinical/03_models/individual_0826/rsflc/0827_RSFLC结果输出.R,1158
R,ggplot2,02_clinical/03_models/individual_0826/rsflc/0827_RSFLC结果输出.R,1160
R,ggplot2,02_clinical/03_models/individual_0826/rsflc/0827_RSFLC结果输出.R,1162
R,ggplot2,02_clinical/03_models/individual_0826/rsflc/0827_RSFLC结果输出.R,1163
R,ggplot2,02_clinical/03_models/individual_0826/rsflc/0827_RSFLC结果输出.R,1164
R,ggplot2,02_clinical/03_models/individual_0826/rsflc/0827_RSFLC结果输出.R,1168
R,ggplot2,02_clinical/03_models/individual_0826/rsflc/0827_RSFLC结果输出.R,1169
R,ggplot2,02_clinical/03_models/individual_0826/rsflc/0827_RSFLC结果输出.R,1170
R,ggplot2,02_clinical/03_models/individual_0826/rsflc/0827_RSFLC结果输出.R,1171
R,ggplot2,02_clinical/03_models/individual_0826/rsflc/0827_RSFLC结果输出.R,1176
R,ggplot2,02_clinical/03_models/individual_0826/rsflc/0827_RSFLC结果输出.R,1177
R,ggplot2,02_clinical/03_models/individual_0826/rsflc/0827_RSFLC结果输出.R,1178
R,ggplot2,02_clinical/03_models/individual_0826/rsflc/0827_RSFLC结果输出.R,1182
R,rmda,02_clinical/03_models/individual_0826/rsflc/0827_RSFLC结果输出.R,1197
R,rmda,02_clinical/03_models/individual_0826/rsflc/0827_RSFLC结果输出.R,1209
R,survival,02_clinical/03_models/individual_0826/rsflc/0827_RSFLC结果输出.R,1237
R,survminer,02_clinical/03_models/individual_0826/rsflc/0827_RSFLC结果输出.R,1242
R,ggplot2,02_clinical/03_models/individual_0826/rsflc/0827_RSFLC结果输出.R,1255
R,flextable,02_clinical/03_models/individual_0826/rsflc/0827_RSFLC结果输出.R,1269
R,flextable,02_clinical/03_models/individual_0826/rsflc/0827_RSFLC结果输出.R,1270
R,flextable,02_clinical/03_models/individual_0826/rsflc/0827_RSFLC结果输出.R,1271
R,flextable,02_clinical/03_models/individual_0826/rsflc/0827_RSFLC结果输出.R,1274
R,flextable,02_clinical/03_models/individual_0826/rsflc/0827_RSFLC结果输出.R,1275
R,flextable,02_clinical/03_models/individual_0826/rsflc/0827_RSFLC结果输出.R,1276
R,flextable,02_clinical/03_models/individual_0826/rsflc/0827_RSFLC结果输出.R,1282
R,flextable,02_clinical/03_models/individual_0826/rsflc/0827_RSFLC结果输出.R,1283
R,flextable,02_clinical/03_models/individual_0826/rsflc/0827_RSFLC结果输出.R,1288
R,flextable,02_clinical/03_models/individual_0826/rsflc/0827_RSFLC结果输出.R,1289
R,flextable,02_clinical/03_models/individual_0826/rsflc/0827_RSFLC结果输出.R,1293
R,officer,02_clinical/03_models/individual_0826/rsflc/0827_RSFLC结果输出.R,1305
R,officer,02_clinical/03_models/individual_0826/rsflc/0827_RSFLC结果输出.R,1306
R,officer,02_clinical/03_models/individual_0826/rsflc/0827_RSFLC结果输出.R,1311
R,officer,02_clinical/03_models/individual_0826/rsflc/0827_RSFLC结果输出.R,1325
R,flextable,02_clinical/03_models/individual_0826/rsflc/0827_RSFLC结果输出.R,1326
R,officer,02_clinical/03_models/individual_0826/rsflc/0827_RSFLC结果输出.R,1328
R,flextable,02_clinical/03_models/individual_0826/rsflc/0827_RSFLC结果输出.R,1329
R,officer,02_clinical/03_models/individual_0826/rsflc/0827_RSFLC结果输出.R,1330
R,officer,02_clinical/03_models/individual_0826/rsflc/0827_RSFLC结果输出.R,1340
R,flextable,02_clinical/03_models/individual_0826/rsflc/0827_RSFLC结果输出.R,1342
R,officer,02_clinical/03_models/individual_0826/rsflc/0827_RSFLC结果输出.R,1344
R,officer,02_clinical/03_models/individual_0826/rsflc/0827_RSFLC结果输出.R,1353
R,officer,02_clinical/03_models/individual_0826/rsflc/0827_RSFLC结果输出.R,1354
R,officer,02_clinical/03_models/individual_0826/rsflc/0827_RSFLC结果输出.R,1355
R,officer,02_clinical/03_models/individual_0826/rsflc/0827_RSFLC结果输出.R,1367
R,officer,02_clinical/03_models/individual_0826/rsflc/0827_RSFLC结果输出.R,1372
R,officer,02_clinical/03_models/individual_0826/rsflc/0827_RSFLC结果输出.R,1373
R,flextable,02_clinical/03_models/individual_0826/rsflc/0827_RSFLC结果输出.R,1375
R,officer,02_clinical/03_models/individual_0826/rsflc/0827_RSFLC结果输出.R,1381
R,officer,02_clinical/03_models/individual_0826/rsflc/0827_RSFLC结果输出.R,1382
R,flextable,02_clinical/03_models/individual_0826/rsflc/0827_RSFLC结果输出.R,1383
R,officer,02_clinical/03_models/individual_0826/rsflc/0827_RSFLC结果输出.R,1384
R,officer,02_clinical/03_models/individual_0826/rsflc/0827_RSFLC结果输出.R,1393
R,officer,02_clinical/03_models/individual_0826/rsflc/0827_RSFLC结果输出.R,1394
R,officer,02_clinical/03_models/individual_0826/rsflc/0827_RSFLC结果输出.R,1395
R,officer,02_clinical/03_models/individual_0826/rsflc/0827_RSFLC结果输出.R,1404
R,officer,02_clinical/03_models/individual_0826/rsflc/0827_RSFLC结果输出.R,1405
R,officer,02_clinical/03_models/individual_0826/rsflc/0827_RSFLC结果输出.R,1406
R,dplyr,02_clinical/03_models/individual_0826/support/0826_RSF_超参数筛选.R,6
R,survival,02_clinical/03_models/individual_0826/support/0826_RSF_超参数筛选.R,7
R,randomForestSRC,02_clinical/03_models/individual_0826/support/0826_RSF_超参数筛选.R,8
R,riskRegression,02_clinical/03_models/individual_0826/support/0826_RSF_超参数筛选.R,9
R,prodlim,02_clinical/03_models/individual_0826/support/0826_RSF_超参数筛选.R,10
R,parallel,02_clinical/03_models/individual_0826/support/0826_RSF_超参数筛选.R,12
R,randomForestSRC,02_clinical/03_models/individual_0826/support/0826_RSF_超参数筛选.R,132
R,survival,02_clinical/03_models/individual_0826/support/0826_RSF_超参数筛选.R,161
R,survival,02_clinical/03_models/individual_0826/support/0826_RSF_超参数筛选.R,179
R,riskRegression,02_clinical/03_models/individual_0826/support/0826_RSF_超参数筛选.R,188
R,riskRegression,02_clinical/03_models/individual_0826/support/0826_RSF_超参数筛选.R,200
R,dplyr,02_clinical/03_models/individual_0826/support/0826_RSFLC超参数筛选.R,8
R,survival,02_clinical/03_models/individual_0826/support/0826_RSFLC超参数筛选.R,9
R,DynForest,02_clinical/03_models/individual_0826/support/0826_RSFLC超参数筛选.R,10
R,pROC,02_clinical/03_models/individual_0826/support/0826_RSFLC超参数筛选.R,11
R,stats,02_clinical/03_models/individual_0826/support/0826_RSFLC超参数筛选.R,45
R,stats,02_clinical/03_models/individual_0826/support/0826_RSFLC超参数筛选.R,47
R,DynForest,02_clinical/03_models/individual_0826/support/0826_RSFLC超参数筛选.R,90
R,stats,02_clinical/03_models/individual_0826/support/0826_RSFLC超参数筛选.R,205
R,pROC,02_clinical/03_models/individual_0826/support/0826_RSFLC超参数筛选.R,227
R,survival,02_clinical/03_models/individual_0826/support/0826_RSFLC超参数筛选.R,235
R,survival,02_clinical/03_models/individual_0826/support/0826_RSFLC超参数筛选.R,236
R,dplyr,02_clinical/03_models/individual_0826/support/0826_RSFLC超参数筛选.R,275
R,dplyr,02_clinical/03_models/individual_0826/support/0826_RSFLC超参数筛选.R,279
R,dplyr,02_clinical/03_models/individual_0826/support/0826_RSFLC超参数筛选.R,280
R,dplyr,02_clinical/03_models/individual_0826/support/0826_RSFLC超参数筛选.R,282
R,dplyr,02_clinical/03_models/individual_0826/support/0826_RSFLC超参数筛选.R,283
R,dplyr,02_clinical/03_models/individual_0826/support/0826_RSFLC超参数筛选.R,289
R,dplyr,02_clinical/03_models/individual_0826/support/0826_RSFLC超参数筛选.R,292
R,dplyr,02_clinical/03_models/individual_0826/support/0826_RSFLC超参数筛选.R,297
R,dplyr,02_clinical/03_models/individual_0826/support/0826_RSFLC超参数筛选.R,314
R,dplyr,02_clinical/03_models/individual_0826/support/0826_RSFLC超参数筛选.R,315
R,dplyr,02_clinical/03_models/individual_0826/support/0826_RSFLC超参数筛选.R,320
R,dplyr,02_clinical/03_models/individual_0826/support/0826_RSFLC超参数筛选.R,329
R,DynForest,02_clinical/03_models/individual_0826/support/0826_RSFLC超参数筛选.R,486
R,JMbayes2,02_clinical/03_models/individual_0826/support/0827_JM_base.R,4
R,dplyr,02_clinical/03_models/individual_0826/support/0827_JM_base.R,10
R,survival,02_clinical/03_models/individual_0826/support/0827_JM_base.R,11
R,nlme,02_clinical/03_models/individual_0826/support/0827_JM_base.R,12
R,JMbayes2,02_clinical/03_models/individual_0826/support/0827_JM_base.R,13
R,prodlim,02_clinical/03_models/individual_0826/support/0827_JM_base.R,14
R,riskRegression,02_clinical/03_models/individual_0826/support/0827_JM_base.R,15
R,officer,02_clinical/03_models/individual_0826/support/0827_JM_base.R,16
R,flextable,02_clinical/03_models/individual_0826/support/0827_JM_base.R,17
R,coda,02_clinical/03_models/individual_0826/support/0827_JM_base.R,18
R,parallel,02_clinical/03_models/individual_0826/support/0827_JM_base.R,34
R,dplyr,02_clinical/03_models/individual_0826/support/0827_JM_base.R,115
R,dplyr,02_clinical/03_models/individual_0826/support/0827_JM_base.R,116
R,dplyr,02_clinical/03_models/individual_0826/support/0827_JM_base.R,125
R,dplyr,02_clinical/03_models/individual_0826/support/0827_JM_base.R,126
R,riskRegression,02_clinical/03_models/individual_0826/support/0827_JM_base.R,179
R,dplyr,02_clinical/03_models/individual_0826/support/0827_JM_base.R,228
R,dplyr,02_clinical/03_models/individual_0826/support/0827_JM_base.R,243
R,dplyr,02_clinical/03_models/individual_0826/support/0827_JM_base.R,248
R,dplyr,02_clinical/03_models/individual_0826/support/0827_JM_base.R,249
R,dplyr,02_clinical/03_models/individual_0826/support/0827_JM_base.R,250
R,dplyr,02_clinical/03_models/individual_0826/support/0827_JM_base.R,253
R,dplyr,02_clinical/03_models/individual_0826/support/0827_JM_base.R,254
R,dplyr,02_clinical/03_models/individual_0826/support/0827_JM_base.R,255
R,dplyr,02_clinical/03_models/individual_0826/support/0827_JM_base.R,257
R,dplyr,02_clinical/03_models/individual_0826/support/0827_JM_base.R,259
R,dplyr,02_clinical/03_models/individual_0826/support/0827_JM_base.R,260
R,dplyr,02_clinical/03_models/individual_0826/support/0827_JM_base.R,263
R,dplyr,02_clinical/03_models/individual_0826/support/0827_JM_base.R,264
R,dplyr,02_clinical/03_models/individual_0826/support/0827_JM_base.R,267
R,dplyr,02_clinical/03_models/individual_0826/support/0827_JM_base.R,269
R,dplyr,02_clinical/03_models/individual_0826/support/0827_JM_base.R,270
R,dplyr,02_clinical/03_models/individual_0826/support/0827_JM_base.R,271
R,dplyr,02_clinical/03_models/individual_0826/support/0827_JM_base.R,272
R,dplyr,02_clinical/03_models/individual_0826/support/0827_JM_base.R,273
R,dplyr,02_clinical/03_models/individual_0826/support/0827_JM_base.R,274
R,dplyr,02_clinical/03_models/individual_0826/support/0827_JM_base.R,275
R,dplyr,02_clinical/03_models/individual_0826/support/0827_JM_base.R,276
R,dplyr,02_clinical/03_models/individual_0826/support/0827_JM_base.R,277
R,stats,02_clinical/03_models/individual_0826/support/0827_JM_base.R,280
R,JMbayes2,02_clinical/03_models/individual_0826/support/0827_JM_base.R,329
R,nlme,02_clinical/03_models/individual_0826/support/0827_JM_base.R,332
R,nlme,02_clinical/03_models/individual_0826/support/0827_JM_base.R,336
R,nlme,02_clinical/03_models/individual_0826/support/0827_JM_base.R,342
R,nlme,02_clinical/03_models/individual_0826/support/0827_JM_base.R,348
R,stats,02_clinical/03_models/individual_0826/support/0827_JM_base.R,374
R,survival,02_clinical/03_models/individual_0826/support/0827_JM_base.R,386
R,JMbayes2,02_clinical/03_models/individual_0826/support/0827_JM_base.R,397
R,survival,02_clinical/03_models/individual_0826/support/0827_JM_base.R,443
R,survival,02_clinical/03_models/individual_0826/support/0827_JM_base.R,450
R,JMbayes2,02_clinical/03_models/individual_0826/support/0827_JM_base.R,518
R,stats,02_clinical/03_models/individual_0826/support/0827_JM_base.R,533
R,stats,02_clinical/03_models/individual_0826/support/0827_JM_base.R,550
R,flextable,02_clinical/03_models/individual_0826/support/0827_JM_base.R,592
R,flextable,02_clinical/03_models/individual_0826/support/0827_JM_base.R,593
R,flextable,02_clinical/03_models/individual_0826/support/0827_JM_base.R,594
R,flextable,02_clinical/03_models/individual_0826/support/0827_JM_base.R,595
R,flextable,02_clinical/03_models/individual_0826/support/0827_JM_base.R,596
R,flextable,02_clinical/03_models/individual_0826/support/0827_JM_base.R,597
R,flextable,02_clinical/03_models/individual_0826/support/0827_JM_base.R,598
R,flextable,02_clinical/03_models/individual_0826/support/0827_JM_base.R,599
R,flextable,02_clinical/03_models/individual_0826/support/0827_JM_base.R,600
R,utils,02_clinical/03_models/individual_0826/support/0827_JM_base.R,642
R,officer,02_clinical/03_models/individual_0826/support/0827_JM_base.R,771
R,officer,02_clinical/03_models/individual_0826/support/0827_JM_base.R,773
R,flextable,02_clinical/03_models/individual_0826/support/0827_JM_base.R,778
R,flextable,02_clinical/03_models/individual_0826/support/0827_JM_base.R,779
R,flextable,02_clinical/03_models/individual_0826/support/0827_JM_base.R,780
R,flextable,02_clinical/03_models/individual_0826/support/0827_JM_base.R,782
R,utils,02_clinical/03_models/individual_0826/support/0827_JM_base.R,862
R,officer,02_clinical/03_models/individual_0826/support/0827_JM_base.R,1181
R,officer,02_clinical/03_models/individual_0826/support/0827_JM_base.R,1182
R,officer,02_clinical/03_models/individual_0826/support/0827_JM_base.R,1183
R,officer,02_clinical/03_models/individual_0826/support/0827_JM_base.R,1204
R,officer,02_clinical/03_models/individual_0826/support/0827_JM_base.R,1207
R,officer,02_clinical/03_models/individual_0826/support/0827_JM_base.R,1211
R,officer,02_clinical/03_models/individual_0826/support/0827_JM_base.R,1212
R,officer,02_clinical/03_models/individual_0826/support/0827_JM_base.R,1219
R,officer,02_clinical/03_models/individual_0826/support/0827_JM_base.R,1222
R,dplyr,02_clinical/04_evaluation/alternative_static_contract/COX_5_4A_corrected.R,5
R,survival,02_clinical/04_evaluation/alternative_static_contract/COX_5_4A_corrected.R,6
R,riskRegression,02_clinical/04_evaluation/alternative_static_contract/COX_5_4A_corrected.R,7
R,prodlim,02_clinical/04_evaluation/alternative_static_contract/COX_5_4A_corrected.R,8
R,officer,02_clinical/04_evaluation/alternative_static_contract/COX_5_4A_corrected.R,9
R,flextable,02_clinical/04_evaluation/alternative_static_contract/COX_5_4A_corrected.R,10
R,dplyr,02_clinical/04_evaluation/alternative_static_contract/RSF_5_4A_corrected.R,5
R,survival,02_clinical/04_evaluation/alternative_static_contract/RSF_5_4A_corrected.R,6
R,randomForestSRC,02_clinical/04_evaluation/alternative_static_contract/RSF_5_4A_corrected.R,7
R,riskRegression,02_clinical/04_evaluation/alternative_static_contract/RSF_5_4A_corrected.R,8
R,prodlim,02_clinical/04_evaluation/alternative_static_contract/RSF_5_4A_corrected.R,9
R,ggplot2,02_clinical/04_evaluation/alternative_static_contract/RSF_5_4A_corrected.R,10
R,rmda,02_clinical/04_evaluation/alternative_static_contract/RSF_5_4A_corrected.R,11
R,fastshap,02_clinical/04_evaluation/alternative_static_contract/RSF_5_4A_corrected.R,12
R,shapviz,02_clinical/04_evaluation/alternative_static_contract/RSF_5_4A_corrected.R,13
R,patchwork,02_clinical/04_evaluation/alternative_static_contract/RSF_5_4A_corrected.R,14
R,officer,02_clinical/04_evaluation/alternative_static_contract/RSF_5_4A_corrected.R,15
R,flextable,02_clinical/04_evaluation/alternative_static_contract/RSF_5_4A_corrected.R,16
R,parallel,02_clinical/04_evaluation/alternative_static_contract/RSF_5_4A_corrected.R,20
R,fastshap,02_clinical/04_evaluation/alternative_static_contract/RSF_5_4A_corrected.R,353
R,shapviz,02_clinical/04_evaluation/alternative_static_contract/RSF_5_4A_corrected.R,361
R,shapviz,02_clinical/04_evaluation/alternative_static_contract/RSF_5_4A_corrected.R,370
R,shapviz,02_clinical/04_evaluation/alternative_static_contract/RSF_5_4A_corrected.R,378
R,shapviz,02_clinical/04_evaluation/alternative_static_contract/RSF_5_4A_corrected.R,380
R,shapviz,02_clinical/04_evaluation/alternative_static_contract/RSF_5_4A_corrected.R,387
R,pROC,02_clinical/04_evaluation/alternative_dynamic_contract/common_dynamic_metric_contract.R,206
R,survival,02_clinical/04_evaluation/alternative_dynamic_contract/common_dynamic_metric_contract.R,217
R,survival,02_clinical/04_evaluation/alternative_dynamic_contract/common_dynamic_metric_contract.R,218
R,dplyr,02_clinical/04_evaluation/alternative_dynamic_contract/JM_5_4B_corrected.R,3
R,survival,02_clinical/04_evaluation/alternative_dynamic_contract/JM_5_4B_corrected.R,4
R,nlme,02_clinical/04_evaluation/alternative_dynamic_contract/JM_5_4B_corrected.R,5
R,JMbayes2,02_clinical/04_evaluation/alternative_dynamic_contract/JM_5_4B_corrected.R,6
R,pROC,02_clinical/04_evaluation/alternative_dynamic_contract/JM_5_4B_corrected.R,7
R,parallel,02_clinical/04_evaluation/alternative_dynamic_contract/JM_5_4B_corrected.R,35
R,nlme,02_clinical/04_evaluation/alternative_dynamic_contract/JM_5_4B_corrected.R,82
R,nlme,02_clinical/04_evaluation/alternative_dynamic_contract/JM_5_4B_corrected.R,86
R,stats,02_clinical/04_evaluation/alternative_dynamic_contract/JM_5_4B_corrected.R,93
R,survival,02_clinical/04_evaluation/alternative_dynamic_contract/JM_5_4B_corrected.R,96
R,JMbayes2,02_clinical/04_evaluation/alternative_dynamic_contract/JM_5_4B_corrected.R,101
R,stats,02_clinical/04_evaluation/alternative_dynamic_contract/JM_5_4B_corrected.R,183
R,DynForest,02_clinical/04_evaluation/alternative_dynamic_contract/RSFLC_5_4B_corrected.R,3
R,survival,02_clinical/04_evaluation/alternative_dynamic_contract/RSFLC_5_4B_corrected.R,4
R,pROC,02_clinical/04_evaluation/alternative_dynamic_contract/RSFLC_5_4B_corrected.R,5
R,parallel,02_clinical/04_evaluation/alternative_dynamic_contract/RSFLC_5_4B_corrected.R,36
R,stats,02_clinical/04_evaluation/alternative_dynamic_contract/RSFLC_5_4B_corrected.R,58
R,stats,02_clinical/04_evaluation/alternative_dynamic_contract/RSFLC_5_4B_corrected.R,59
R,DynForest,02_clinical/04_evaluation/alternative_dynamic_contract/RSFLC_5_4B_corrected.R,77
R,stats,02_clinical/04_evaluation/alternative_dynamic_contract/RSFLC_5_4B_corrected.R,117
R,stats,02_clinical/04_evaluation/alternative_dynamic_contract/RSFLC_5_4B_corrected.R,118
R,survival,02_clinical/04_evaluation/alternative_dynamic_contract/RSFLC_5_4B_corrected.R,139
R,survival,02_clinical/04_evaluation/alternative_dynamic_contract/RSFLC_5_4B_corrected.R,140
R,stats,02_clinical/04_evaluation/alternative_dynamic_contract/rsflc_safe_predict.R,2
R,stats,02_clinical/04_evaluation/alternative_dynamic_contract/rsflc_safe_predict.R,9
R,stats,02_clinical/04_evaluation/alternative_dynamic_contract/rsflc_safe_predict.R,10
R,stats,02_clinical/04_evaluation/alternative_dynamic_contract/rsflc_safe_predict.R,11
R,stats,02_clinical/04_evaluation/alternative_dynamic_contract/rsflc_safe_predict.R,12
R,MASS,02_clinical/04_evaluation/alternative_dynamic_contract/rsflc_safe_predict.R,19
R,parallel,02_clinical/04_evaluation/alternative_dynamic_contract/rsflc_safe_predict.R,108
R,parallel,02_clinical/04_evaluation/alternative_dynamic_contract/rsflc_safe_predict.R,109
R,MASS,02_clinical/04_evaluation/alternative_dynamic_contract/rsflc_safe_predict.R,110
R,parallel,02_clinical/04_evaluation/alternative_dynamic_contract/rsflc_safe_predict.R,110
R,parallel,02_clinical/04_evaluation/alternative_dynamic_contract/rsflc_safe_predict.R,111
R,parallel,02_clinical/04_evaluation/alternative_dynamic_contract/rsflc_safe_predict.R,117
R,dplyr,02_clinical/05_explanation/rsflc_shap/RSFLC_stroke_fit.R,12
R,DynForest,02_clinical/05_explanation/rsflc_shap/RSFLC_stroke_fit.R,13
R,jsonlite,02_clinical/05_explanation/rsflc_shap/RSFLC_stroke_fit.R,14
R,randomForest,02_clinical/05_explanation/rsflc_shap/RSFLC_stroke_fit.R,15
R,DynForest,02_clinical/05_explanation/rsflc_shap/RSFLC_stroke_fit.R,186
R,pROC,02_clinical/05_explanation/rsflc_shap/RSFLC_stroke_fit.R,231
R,DynForest,02_clinical/05_explanation/rsflc_shap/RSFLC_stroke_fit.R,272
R,DynForest,02_clinical/05_explanation/rsflc_shap/RSFLC_stroke_predict.R,10
R,jsonlite,02_clinical/05_explanation/rsflc_shap/RSFLC_stroke_predict.R,11
Python,__future__,02_clinical/05_explanation/rsflc_shap/RSFLC_stroke_SHAP.py,7
Python,json,02_clinical/05_explanation/rsflc_shap/RSFLC_stroke_SHAP.py,9
Python,subprocess,02_clinical/05_explanation/rsflc_shap/RSFLC_stroke_SHAP.py,10
Python,tempfile,02_clinical/05_explanation/rsflc_shap/RSFLC_stroke_SHAP.py,11
Python,pathlib,02_clinical/05_explanation/rsflc_shap/RSFLC_stroke_SHAP.py,12
Python,matplotlib,02_clinical/05_explanation/rsflc_shap/RSFLC_stroke_SHAP.py,14
Python,numpy,02_clinical/05_explanation/rsflc_shap/RSFLC_stroke_SHAP.py,15
Python,pandas,02_clinical/05_explanation/rsflc_shap/RSFLC_stroke_SHAP.py,16
Python,shap,02_clinical/05_explanation/rsflc_shap/RSFLC_stroke_SHAP.py,17
Python,pathlib,02_clinical/06_reporting/update_article.py,1
Python,math,02_clinical/06_reporting/update_article.py,2
Python,pandas,02_clinical/06_reporting/update_article.py,3
Python,docx,02_clinical/06_reporting/update_article.py,4
Python,docx,02_clinical/06_reporting/update_article.py,5
Python,docx,02_clinical/06_reporting/update_article.py,6
Python,docx,02_clinical/06_reporting/update_article.py,7
Python,docx,02_clinical/06_reporting/update_article.py,8
Python,docx,02_clinical/06_reporting/update_article.py,9
Python,pathlib,02_clinical/06_reporting/verify_article.py,1
Python,docx,02_clinical/06_reporting/verify_article.py,2
Python,zipfile,02_clinical/06_reporting/verify_article.py,3
Python,pandas,02_clinical/06_reporting/fig_ch5.py,1
Python,numpy,02_clinical/06_reporting/fig_ch5.py,2
Python,matplotlib,02_clinical/06_reporting/fig_ch5.py,3
Python,math,02_clinical/06_reporting/fig_ch5.py,4
Python,os,02_clinical/06_reporting/fig_ch5.py,5
R,survival,90_history/simulation/cb217ff475_5_Jointmodel_TRY.R,1
R,rms,90_history/simulation/cb217ff475_5_Jointmodel_TRY.R,2
R,timeROC,90_history/simulation/cb217ff475_5_Jointmodel_TRY.R,3
R,dplyr,90_history/simulation/cb217ff475_5_Jointmodel_TRY.R,4
R,joineRML,90_history/simulation/cb217ff475_5_Jointmodel_TRY.R,5
R,readxl,90_history/simulation/cb217ff475_5_Jointmodel_TRY.R,6
R,writexl,90_history/simulation/cb217ff475_5_Jointmodel_TRY.R,7
R,tidyverse,90_history/simulation/cb217ff475_5_Jointmodel_TRY.R,8
R,tidyverse,90_history/simulation/3404a5f8fb_5_Jointmodel模型实现.R,2
R,flexsurv,90_history/simulation/3404a5f8fb_5_Jointmodel模型实现.R,3
R,survival,90_history/simulation/3404a5f8fb_5_Jointmodel模型实现.R,4
R,writexl,90_history/simulation/3404a5f8fb_5_Jointmodel模型实现.R,5
R,readxl,90_history/simulation/3404a5f8fb_5_Jointmodel模型实现.R,6
R,DynForest,90_history/simulation/450c8d6cf6_5_RSF_LC模型_尝试.R,13
R,dplyr,90_history/simulation/450c8d6cf6_5_RSF_LC模型_尝试.R,14
R,readxl,90_history/simulation/450c8d6cf6_5_RSF_LC模型_尝试.R,15
R,purrr,90_history/simulation/450c8d6cf6_5_RSF_LC模型_尝试.R,16
R,survival,90_history/simulation/450c8d6cf6_5_RSF_LC模型_尝试.R,17
R,survival,90_history/simulation/450c8d6cf6_5_RSF_LC模型_尝试.R,222
R,timeROC,90_history/simulation/450c8d6cf6_5_RSF_LC模型_尝试.R,225
R,survival,90_history/simulation/450c8d6cf6_5_RSF_LC模型_尝试.R,235
R,timeROC,90_history/simulation/450c8d6cf6_5_RSF_LC模型_尝试.R,321
R,DynForest,90_history/simulation/450c8d6cf6_5_RSF_LC模型_尝试.R,363
R,survival,90_history/simulation/450c8d6cf6_5_RSF_LC模型_尝试.R,437
R,timeROC,90_history/simulation/450c8d6cf6_5_RSF_LC模型_尝试.R,440
R,survival,90_history/simulation/450c8d6cf6_5_RSF_LC模型_尝试.R,450
R,timeROC,90_history/simulation/450c8d6cf6_5_RSF_LC模型_尝试.R,536
R,DynForest,90_history/simulation/450c8d6cf6_5_RSF_LC模型_尝试.R,578
R,survival,90_history/simulation/450c8d6cf6_5_RSF_LC模型_尝试.R,677
R,survival,90_history/simulation/450c8d6cf6_5_RSF_LC模型_尝试.R,685
R,timeROC,90_history/simulation/450c8d6cf6_5_RSF_LC模型_尝试.R,693
R,timeROC,90_history/simulation/450c8d6cf6_5_RSF_LC模型_尝试.R,701
R,survival,90_history/simulation/4eb9bd9808_5_单一时间点_COX.R,1
R,rms,90_history/simulation/4eb9bd9808_5_单一时间点_COX.R,2
R,timeROC,90_history/simulation/4eb9bd9808_5_单一时间点_COX.R,3
R,dplyr,90_history/simulation/4eb9bd9808_5_单一时间点_COX.R,4
R,joineRML,90_history/simulation/4eb9bd9808_5_单一时间点_COX.R,5
R,readxl,90_history/simulation/4eb9bd9808_5_单一时间点_COX.R,6
R,writexl,90_history/simulation/4eb9bd9808_5_单一时间点_COX.R,7
R,tidyverse,90_history/simulation/4eb9bd9808_5_单一时间点_COX.R,8
R,tidyverse,90_history/simulation/57eae9ab1b_4_TEST_模拟数据.r,7
R,MASS,90_history/simulation/57eae9ab1b_4_TEST_模拟数据.r,8
R,writexl,90_history/simulation/57eae9ab1b_4_TEST_模拟数据.r,9
R,rlang,90_history/simulation/57eae9ab1b_4_TEST_模拟数据.r,10
R,dplyr,90_history/simulation/57eae9ab1b_4_TEST_模拟数据.r,125
R,dplyr,90_history/simulation/57eae9ab1b_4_TEST_模拟数据.r,147
R,dplyr,90_history/simulation/57eae9ab1b_4_TEST_模拟数据.r,180
R,survival,90_history/simulation/075176e029_5_JMBayes_TEST.r,8
R,nlme,90_history/simulation/075176e029_5_JMBayes_TEST.r,9
R,JMbayes2,90_history/simulation/075176e029_5_JMBayes_TEST.r,10
R,readxl,90_history/simulation/075176e029_5_JMBayes_TEST.r,11
R,writexl,90_history/simulation/075176e029_5_JMBayes_TEST.r,12
R,dplyr,90_history/simulation/075176e029_5_JMBayes_TEST.r,13
R,tidyverse,90_history/simulation/075176e029_5_JMBayes_TEST.r,14
R,survival,90_history/simulation/ba05e8d068_5_JM_TEST.R,7
R,timeROC,90_history/simulation/ba05e8d068_5_JM_TEST.R,8
R,dplyr,90_history/simulation/ba05e8d068_5_JM_TEST.R,9
R,joineRML,90_history/simulation/ba05e8d068_5_JM_TEST.R,10
R,readxl,90_history/simulation/ba05e8d068_5_JM_TEST.R,11
R,writexl,90_history/simulation/ba05e8d068_5_JM_TEST.R,12
R,tidyverse,90_history/simulation/ba05e8d068_5_JM_TEST.R,13
R,survival,90_history/simulation/41cf71f3d7_5_RSF_TEST.R,7
R,rms,90_history/simulation/41cf71f3d7_5_RSF_TEST.R,8
R,timeROC,90_history/simulation/41cf71f3d7_5_RSF_TEST.R,9
R,dplyr,90_history/simulation/41cf71f3d7_5_RSF_TEST.R,10
R,randomForestSRC,90_history/simulation/41cf71f3d7_5_RSF_TEST.R,11
R,readxl,90_history/simulation/41cf71f3d7_5_RSF_TEST.R,12
R,writexl,90_history/simulation/41cf71f3d7_5_RSF_TEST.R,13
R,tidyverse,90_history/simulation/41cf71f3d7_5_RSF_TEST.R,14
R,survival,90_history/simulation/b0ab5ae3e5_5_TEST_模拟JM200.R,7
R,timeROC,90_history/simulation/b0ab5ae3e5_5_TEST_模拟JM200.R,8
R,dplyr,90_history/simulation/b0ab5ae3e5_5_TEST_模拟JM200.R,9
R,joineRML,90_history/simulation/b0ab5ae3e5_5_TEST_模拟JM200.R,10
R,readxl,90_history/simulation/b0ab5ae3e5_5_TEST_模拟JM200.R,11
R,writexl,90_history/simulation/b0ab5ae3e5_5_TEST_模拟JM200.R,12
R,tidyverse,90_history/simulation/b0ab5ae3e5_5_TEST_模拟JM200.R,13
R,survival,90_history/simulation/15f4b8b4c1_5_TEST_模拟RSF200.R,8
R,timeROC,90_history/simulation/15f4b8b4c1_5_TEST_模拟RSF200.R,9
R,dplyr,90_history/simulation/15f4b8b4c1_5_TEST_模拟RSF200.R,10
R,randomForestSRC,90_history/simulation/15f4b8b4c1_5_TEST_模拟RSF200.R,11
R,readxl,90_history/simulation/15f4b8b4c1_5_TEST_模拟RSF200.R,12
R,writexl,90_history/simulation/15f4b8b4c1_5_TEST_模拟RSF200.R,13
R,tidyverse,90_history/simulation/15f4b8b4c1_5_TEST_模拟RSF200.R,14
R,tidyverse,90_history/simulation/c0db261cf2_查找协变量被剔除的示例.R,6
R,dplyr,90_history/simulation/c0db261cf2_查找协变量被剔除的示例.R,56
R,dplyr,90_history/simulation/c0db261cf2_查找协变量被剔除的示例.R,59
R,dplyr,90_history/simulation/c0db261cf2_查找协变量被剔除的示例.R,64
R,survival,90_history/simulation/90b02ba668_debug_ranef_mjoint.R,2
R,joineRML,90_history/simulation/90b02ba668_debug_ranef_mjoint.R,3
R,readxl,90_history/simulation/90b02ba668_debug_ranef_mjoint.R,4
R,readxl,90_history/clinical/c756b8822a_0417实例数据引入.R,1
R,dplyr,90_history/clinical/c756b8822a_0417实例数据引入.R,2
R,readxl,90_history/clinical/c756b8822a_0417实例数据引入.R,291
R,dplyr,90_history/clinical/c756b8822a_0417实例数据引入.R,292
R,stringr,90_history/clinical/c756b8822a_0417实例数据引入.R,293
R,dplyr,90_history/clinical/1d0ce62170_0424实例数据纵向处理.R,1
R,tidyr,90_history/clinical/1d0ce62170_0424实例数据纵向处理.R,2
R,missForest,90_history/clinical/1d0ce62170_0424实例数据纵向处理.R,3
R,readxl,90_history/clinical/1d0ce62170_0424实例数据纵向处理.R,4
R,dplyr,90_history/clinical/1d0ce62170_0424实例数据纵向处理.R,87
R,dplyr,90_history/clinical/1d0ce62170_0424实例数据纵向处理.R,95
R,missRanger,90_history/clinical/1d0ce62170_0424实例数据纵向处理.R,96
R,tibble,90_history/clinical/1d0ce62170_0424实例数据纵向处理.R,154
R,dplyr,90_history/clinical/1d0ce62170_0424实例数据纵向处理.R,224
R,dplyr,90_history/clinical/6908624d99_0428实例数据分析.R,36
R,dplyr,90_history/clinical/6908624d99_0428实例数据分析.R,37
R,dplyr,90_history/clinical/6908624d99_0428实例数据分析.R,60
R,timeROC,90_history/clinical/6908624d99_0428实例数据分析.R,83
R,dplyr,90_history/clinical/6908624d99_0428实例数据分析.R,102
R,dplyr,90_history/clinical/6908624d99_0428实例数据分析.R,103
R,dplyr,90_history/clinical/6908624d99_0428实例数据分析.R,104
R,dplyr,90_history/clinical/6908624d99_0428实例数据分析.R,105
R,dplyr,90_history/clinical/6908624d99_0428实例数据分析.R,111
R,dplyr,90_history/clinical/6908624d99_0428实例数据分析.R,112
R,dplyr,90_history/clinical/6908624d99_0428实例数据分析.R,113
R,dplyr,90_history/clinical/6908624d99_0428实例数据分析.R,114
R,dplyr,90_history/clinical/6908624d99_0428实例数据分析.R,115
R,dplyr,90_history/clinical/6908624d99_0428实例数据分析.R,131
R,dplyr,90_history/clinical/6908624d99_0428实例数据分析.R,134
R,stats,90_history/clinical/6908624d99_0428实例数据分析.R,137
R,stats,90_history/clinical/6908624d99_0428实例数据分析.R,140
R,dplyr,90_history/clinical/6908624d99_0428实例数据分析.R,149
R,DynForest,90_history/clinical/6908624d99_0428实例数据分析.R,154
R,survival,90_history/clinical/6908624d99_0428实例数据分析.R,240
R,survival,90_history/clinical/6908624d99_0428实例数据分析.R,248
R,timeROC,90_history/clinical/6908624d99_0428实例数据分析.R,256
R,timeROC,90_history/clinical/6908624d99_0428实例数据分析.R,264
R,dplyr,90_history/clinical/8dc5adcc93_0506处理.R,10
R,stats,90_history/clinical/8dc5adcc93_0506处理.R,158
R,dplyr,90_history/clinical/8dc5adcc93_0506处理.R,163
R,dplyr,90_history/clinical/8dc5adcc93_0506处理.R,167
R,dplyr,90_history/clinical/8dc5adcc93_0506处理.R,168
R,dplyr,90_history/clinical/8dc5adcc93_0506处理.R,178
R,dplyr,90_history/clinical/a162021efd_0506实例分析.R,33
R,dplyr,90_history/clinical/a162021efd_0506实例分析.R,34
R,dplyr,90_history/clinical/a162021efd_0506实例分析.R,57
R,timeROC,90_history/clinical/a162021efd_0506实例分析.R,95
R,dplyr,90_history/clinical/a162021efd_0506实例分析.R,105
R,stats,90_history/clinical/a162021efd_0506实例分析.R,119
R,stats,90_history/clinical/a162021efd_0506实例分析.R,122
R,dplyr,90_history/clinical/a162021efd_0506实例分析.R,131
R,dplyr,90_history/clinical/a162021efd_0506实例分析.R,132
R,dplyr,90_history/clinical/a162021efd_0506实例分析.R,133
R,dplyr,90_history/clinical/a162021efd_0506实例分析.R,134
R,dplyr,90_history/clinical/a162021efd_0506实例分析.R,139
R,dplyr,90_history/clinical/a162021efd_0506实例分析.R,140
R,dplyr,90_history/clinical/a162021efd_0506实例分析.R,141
R,dplyr,90_history/clinical/a162021efd_0506实例分析.R,142
R,dplyr,90_history/clinical/a162021efd_0506实例分析.R,143
R,dplyr,90_history/clinical/a162021efd_0506实例分析.R,159
R,dplyr,90_history/clinical/a162021efd_0506实例分析.R,162
R,dplyr,90_history/clinical/a162021efd_0506实例分析.R,166
R,DynForest,90_history/clinical/a162021efd_0506实例分析.R,169
R,stats,90_history/clinical/a162021efd_0506实例分析.R,187
R,survival,90_history/clinical/a162021efd_0506实例分析.R,227
R,survival,90_history/clinical/a162021efd_0506实例分析.R,230
R,timeROC,90_history/clinical/a162021efd_0506实例分析.R,233
R,timeROC,90_history/clinical/a162021efd_0506实例分析.R,240
R,dplyr,90_history/clinical/e1233bcfa5_5折交叉验证COX.R,1
R,survival,90_history/clinical/e1233bcfa5_5折交叉验证COX.R,2
R,timeROC,90_history/clinical/e1233bcfa5_5折交叉验证COX.R,3
R,pROC,90_history/clinical/e1233bcfa5_5折交叉验证COX.R,4
R,dplyr,90_history/clinical/e1233bcfa5_5折交叉验证COX.R,73
R,dplyr,90_history/clinical/e1233bcfa5_5折交叉验证COX.R,110
R,dplyr,90_history/clinical/e1233bcfa5_5折交叉验证COX.R,111
R,dplyr,90_history/clinical/e1233bcfa5_5折交叉验证COX.R,126
R,dplyr,90_history/clinical/e1233bcfa5_5折交叉验证COX.R,133
R,stats,90_history/clinical/e1233bcfa5_5折交叉验证COX.R,189
R,stats,90_history/clinical/e1233bcfa5_5折交叉验证COX.R,193
R,stats,90_history/clinical/e1233bcfa5_5折交叉验证COX.R,200
R,survival,90_history/clinical/e1233bcfa5_5折交叉验证COX.R,216
R,pROC,90_history/clinical/e1233bcfa5_5折交叉验证COX.R,263
R,pROC,90_history/clinical/e1233bcfa5_5折交叉验证COX.R,270
R,survival,90_history/clinical/e1233bcfa5_5折交叉验证COX.R,273
R,survival,90_history/clinical/e1233bcfa5_5折交叉验证COX.R,274
R,survival,90_history/clinical/e1233bcfa5_5折交叉验证COX.R,325
R,dplyr,90_history/clinical/e1233bcfa5_5折交叉验证COX.R,402
R,dplyr,90_history/clinical/e1233bcfa5_5折交叉验证COX.R,403
R,dplyr,90_history/clinical/1801bff5f8_5折交叉验证JM.R,1
R,survival,90_history/clinical/1801bff5f8_5折交叉验证JM.R,2
R,timeROC,90_history/clinical/1801bff5f8_5折交叉验证JM.R,3
R,joineRML,90_history/clinical/1801bff5f8_5折交叉验证JM.R,4
R,dplyr,90_history/clinical/1801bff5f8_5折交叉验证JM.R,58
R,dplyr,90_history/clinical/1801bff5f8_5折交叉验证JM.R,59
R,dplyr,90_history/clinical/1801bff5f8_5折交叉验证JM.R,139
R,dplyr,90_history/clinical/1801bff5f8_5折交叉验证JM.R,140
R,dplyr,90_history/clinical/1801bff5f8_5折交叉验证JM.R,145
R,dplyr,90_history/clinical/1801bff5f8_5折交叉验证JM.R,146
R,dplyr,90_history/clinical/1801bff5f8_5折交叉验证JM.R,147
R,dplyr,90_history/clinical/1801bff5f8_5折交叉验证JM.R,157
R,dplyr,90_history/clinical/1801bff5f8_5折交叉验证JM.R,158
R,dplyr,90_history/clinical/1801bff5f8_5折交叉验证JM.R,172
R,dplyr,90_history/clinical/1801bff5f8_5折交叉验证JM.R,213
R,dplyr,90_history/clinical/1801bff5f8_5折交叉验证JM.R,220
R,dplyr,90_history/clinical/1801bff5f8_5折交叉验证JM.R,221
R,pROC,90_history/clinical/1801bff5f8_5折交叉验证JM.R,338
R,pROC,90_history/clinical/1801bff5f8_5折交叉验证JM.R,343
R,survival,90_history/clinical/1801bff5f8_5折交叉验证JM.R,345
R,survival,90_history/clinical/1801bff5f8_5折交叉验证JM.R,346
R,joineRML,90_history/clinical/1801bff5f8_5折交叉验证JM.R,401
R,dplyr,90_history/clinical/1801bff5f8_5折交叉验证JM.R,458
R,dplyr,90_history/clinical/1801bff5f8_5折交叉验证JM.R,459
R,dplyr,90_history/clinical/1801bff5f8_5折交叉验证JM.R,465
R,dplyr,90_history/clinical/1801bff5f8_5折交叉验证JM.R,467
R,dplyr,90_history/clinical/6b3e8ad680_5折交叉验证RSF.R,1
R,survival,90_history/clinical/6b3e8ad680_5折交叉验证RSF.R,2
R,randomForestSRC,90_history/clinical/6b3e8ad680_5折交叉验证RSF.R,3
R,timeROC,90_history/clinical/6b3e8ad680_5折交叉验证RSF.R,4
R,dplyr,90_history/clinical/6b3e8ad680_5折交叉验证RSF.R,55
R,dplyr,90_history/clinical/6b3e8ad680_5折交叉验证RSF.R,85
R,dplyr,90_history/clinical/6b3e8ad680_5折交叉验证RSF.R,86
R,dplyr,90_history/clinical/6b3e8ad680_5折交叉验证RSF.R,93
R,dplyr,90_history/clinical/6b3e8ad680_5折交叉验证RSF.R,104
R,dplyr,90_history/clinical/6b3e8ad680_5折交叉验证RSF.R,111
R,dplyr,90_history/clinical/6b3e8ad680_5折交叉验证RSF.R,114
R,dplyr,90_history/clinical/6b3e8ad680_5折交叉验证RSF.R,120
R,pROC,90_history/clinical/6b3e8ad680_5折交叉验证RSF.R,223
R,pROC,90_history/clinical/6b3e8ad680_5折交叉验证RSF.R,230
R,survival,90_history/clinical/6b3e8ad680_5折交叉验证RSF.R,234
R,survival,90_history/clinical/6b3e8ad680_5折交叉验证RSF.R,235
R,parallel,90_history/clinical/6b3e8ad680_5折交叉验证RSF.R,306
R,parallel,90_history/clinical/6b3e8ad680_5折交叉验证RSF.R,307
R,dplyr,90_history/clinical/6b3e8ad680_5折交叉验证RSF.R,317
R,dplyr,90_history/clinical/6b3e8ad680_5折交叉验证RSF.R,318
R,survival,90_history/clinical/6b3e8ad680_5折交叉验证RSF.R,382
R,randomForestSRC,90_history/clinical/6b3e8ad680_5折交叉验证RSF.R,387
R,dplyr,90_history/clinical/ff6bae137a_5折交叉验证RSF_LC.R,1
R,tidyr,90_history/clinical/ff6bae137a_5折交叉验证RSF_LC.R,2
R,readxl,90_history/clinical/ff6bae137a_5折交叉验证RSF_LC.R,3
R,purrr,90_history/clinical/ff6bae137a_5折交叉验证RSF_LC.R,4
R,DynForest,90_history/clinical/ff6bae137a_5折交叉验证RSF_LC.R,5
R,missForest,90_history/clinical/ff6bae137a_5折交叉验证RSF_LC.R,6
R,pROC,90_history/clinical/ff6bae137a_5折交叉验证RSF_LC.R,7
R,survival,90_history/clinical/ff6bae137a_5折交叉验证RSF_LC.R,8
R,dplyr,90_history/clinical/ff6bae137a_5折交叉验证RSF_LC.R,49
R,dplyr,90_history/clinical/ff6bae137a_5折交叉验证RSF_LC.R,50
R,dplyr,90_history/clinical/ff6bae137a_5折交叉验证RSF_LC.R,55
R,dplyr,90_history/clinical/ff6bae137a_5折交叉验证RSF_LC.R,56
R,dplyr,90_history/clinical/ff6bae137a_5折交叉验证RSF_LC.R,57
R,dplyr,90_history/clinical/ff6bae137a_5折交叉验证RSF_LC.R,61
R,dplyr,90_history/clinical/ff6bae137a_5折交叉验证RSF_LC.R,62
R,dplyr,90_history/clinical/ff6bae137a_5折交叉验证RSF_LC.R,73
R,dplyr,90_history/clinical/ff6bae137a_5折交叉验证RSF_LC.R,78
R,dplyr,90_history/clinical/ff6bae137a_5折交叉验证RSF_LC.R,79
R,dplyr,90_history/clinical/ff6bae137a_5折交叉验证RSF_LC.R,83
R,dplyr,90_history/clinical/ff6bae137a_5折交叉验证RSF_LC.R,120
R,dplyr,90_history/clinical/ff6bae137a_5折交叉验证RSF_LC.R,121
R,dplyr,90_history/clinical/ff6bae137a_5折交叉验证RSF_LC.R,125
R,pROC,90_history/clinical/ff6bae137a_5折交叉验证RSF_LC.R,185
R,pROC,90_history/clinical/ff6bae137a_5折交叉验证RSF_LC.R,192
R,survival,90_history/clinical/ff6bae137a_5折交叉验证RSF_LC.R,213
R,survival,90_history/clinical/ff6bae137a_5折交叉验证RSF_LC.R,214
R,DynForest,90_history/clinical/ff6bae137a_5折交叉验证RSF_LC.R,254
R,dplyr,90_history/clinical/ff6bae137a_5折交叉验证RSF_LC.R,282
R,dplyr,90_history/clinical/ff6bae137a_5折交叉验证RSF_LC.R,283
R,dplyr,90_history/clinical/ff6bae137a_5折交叉验证RSF_LC.R,288
R,dplyr,90_history/clinical/ff6bae137a_5折交叉验证RSF_LC.R,289
R,dplyr,90_history/clinical/ff6bae137a_5折交叉验证RSF_LC.R,290
R,dplyr,90_history/clinical/ff6bae137a_5折交叉验证RSF_LC.R,296
R,dplyr,90_history/clinical/ff6bae137a_5折交叉验证RSF_LC.R,297
R,dplyr,90_history/clinical/ff6bae137a_5折交叉验证RSF_LC.R,308
R,dplyr,90_history/clinical/ff6bae137a_5折交叉验证RSF_LC.R,314
R,dplyr,90_history/clinical/ff6bae137a_5折交叉验证RSF_LC.R,315
R,dplyr,90_history/clinical/ff6bae137a_5折交叉验证RSF_LC.R,319
R,DynForest,90_history/clinical/ff6bae137a_5折交叉验证RSF_LC.R,352
R,dplyr,90_history/clinical/ff6bae137a_5折交叉验证RSF_LC.R,394
R,dplyr,90_history/clinical/ff6bae137a_5折交叉验证RSF_LC.R,395
R,dplyr,90_history/clinical/ff6bae137a_5折交叉验证RSF_LC.R,432
R,dplyr,90_history/clinical/ff6bae137a_5折交叉验证RSF_LC.R,433
R,dplyr,90_history/clinical/ff6bae137a_5折交叉验证RSF_LC.R,462
R,dplyr,90_history/clinical/ff6bae137a_5折交叉验证RSF_LC.R,463
R,DynForest,90_history/clinical/ff6bae137a_5折交叉验证RSF_LC.R,490
R,dplyr,90_history/clinical/ff6bae137a_5折交叉验证RSF_LC.R,529
R,dplyr,90_history/clinical/ff6bae137a_5折交叉验证RSF_LC.R,530
R,dplyr,90_history/clinical/ff6bae137a_5折交叉验证RSF_LC.R,534
R,pROC,90_history/clinical/ff6bae137a_5折交叉验证RSF_LC.R,576
R,pROC,90_history/clinical/ff6bae137a_5折交叉验证RSF_LC.R,583
R,survival,90_history/clinical/ff6bae137a_5折交叉验证RSF_LC.R,608
R,survival,90_history/clinical/ff6bae137a_5折交叉验证RSF_LC.R,609
R,dplyr,90_history/clinical/ff6bae137a_5折交叉验证RSF_LC.R,642
R,dplyr,90_history/clinical/ff6bae137a_5折交叉验证RSF_LC.R,643
R,dplyr,90_history/clinical/ff6bae137a_5折交叉验证RSF_LC.R,648
R,dplyr,90_history/clinical/ff6bae137a_5折交叉验证RSF_LC.R,649
R,dplyr,90_history/clinical/ff6bae137a_5折交叉验证RSF_LC.R,650
R,dplyr,90_history/clinical/ff6bae137a_5折交叉验证RSF_LC.R,656
R,dplyr,90_history/clinical/ff6bae137a_5折交叉验证RSF_LC.R,657
R,dplyr,90_history/clinical/ff6bae137a_5折交叉验证RSF_LC.R,668
R,dplyr,90_history/clinical/ff6bae137a_5折交叉验证RSF_LC.R,674
R,dplyr,90_history/clinical/ff6bae137a_5折交叉验证RSF_LC.R,675
R,dplyr,90_history/clinical/ff6bae137a_5折交叉验证RSF_LC.R,679
R,DynForest,90_history/clinical/ff6bae137a_5折交叉验证RSF_LC.R,712
R,dplyr,90_history/clinical/ff6bae137a_5折交叉验证RSF_LC.R,752
R,dplyr,90_history/clinical/ff6bae137a_5折交叉验证RSF_LC.R,753
R,dplyr,90_history/clinical/ff6bae137a_5折交叉验证RSF_LC.R,772
R,dplyr,90_history/clinical/ff6bae137a_5折交叉验证RSF_LC.R,773
R,DynForest,90_history/clinical/ff6bae137a_5折交叉验证RSF_LC.R,793
R,dplyr,90_history/clinical/ff6bae137a_5折交叉验证RSF_LC.R,825
R,dplyr,90_history/clinical/ff6bae137a_5折交叉验证RSF_LC.R,826
R,dplyr,90_history/clinical/ff6bae137a_5折交叉验证RSF_LC.R,830
R,pROC,90_history/clinical/ff6bae137a_5折交叉验证RSF_LC.R,865
R,pROC,90_history/clinical/ff6bae137a_5折交叉验证RSF_LC.R,872
R,survival,90_history/clinical/ff6bae137a_5折交叉验证RSF_LC.R,892
R,survival,90_history/clinical/ff6bae137a_5折交叉验证RSF_LC.R,893
R,dplyr,90_history/clinical/1a13803ad7_RSFLC_gcs.R,6
R,dplyr,90_history/clinical/1a13803ad7_RSFLC_gcs.R,7
R,dplyr,90_history/clinical/1a13803ad7_RSFLC_gcs.R,12
R,dplyr,90_history/clinical/1a13803ad7_RSFLC_gcs.R,13
R,dplyr,90_history/clinical/1a13803ad7_RSFLC_gcs.R,14
R,dplyr,90_history/clinical/1a13803ad7_RSFLC_gcs.R,21
R,dplyr,90_history/clinical/1a13803ad7_RSFLC_gcs.R,22
R,dplyr,90_history/clinical/1a13803ad7_RSFLC_gcs.R,33
R,dplyr,90_history/clinical/1a13803ad7_RSFLC_gcs.R,46
R,dplyr,90_history/clinical/1a13803ad7_RSFLC_gcs.R,47
R,dplyr,90_history/clinical/1a13803ad7_RSFLC_gcs.R,51
R,DynForest,90_history/clinical/1a13803ad7_RSFLC_gcs.R,61
R,dplyr,90_history/clinical/97c6aef8f0_RSFLC_sofa.R,6
R,dplyr,90_history/clinical/97c6aef8f0_RSFLC_sofa.R,7
R,dplyr,90_history/clinical/97c6aef8f0_RSFLC_sofa.R,12
R,dplyr,90_history/clinical/97c6aef8f0_RSFLC_sofa.R,13
R,dplyr,90_history/clinical/97c6aef8f0_RSFLC_sofa.R,14
R,dplyr,90_history/clinical/97c6aef8f0_RSFLC_sofa.R,21
R,dplyr,90_history/clinical/97c6aef8f0_RSFLC_sofa.R,22
R,dplyr,90_history/clinical/97c6aef8f0_RSFLC_sofa.R,33
R,dplyr,90_history/clinical/97c6aef8f0_RSFLC_sofa.R,46
R,dplyr,90_history/clinical/97c6aef8f0_RSFLC_sofa.R,47
R,dplyr,90_history/clinical/97c6aef8f0_RSFLC_sofa.R,51
R,DynForest,90_history/clinical/97c6aef8f0_RSFLC_sofa.R,61
R,DynForest,90_history/clinical/e1fc292a18_RSFLC_sofa_fold.R,21
R,dplyr,90_history/clinical/34809a1de5_RSFLC_sofa_fold_分段运行.R,8
R,DynForest,90_history/clinical/34809a1de5_RSFLC_sofa_fold_分段运行.R,9
R,pROC,90_history/clinical/34809a1de5_RSFLC_sofa_fold_分段运行.R,10
R,dplyr,90_history/clinical/34809a1de5_RSFLC_sofa_fold_分段运行.R,17
R,dplyr,90_history/clinical/34809a1de5_RSFLC_sofa_fold_分段运行.R,18
R,DynForest,90_history/clinical/34809a1de5_RSFLC_sofa_fold_分段运行.R,45
R,dplyr,90_history/clinical/34809a1de5_RSFLC_sofa_fold_分段运行.R,84
R,dplyr,90_history/clinical/34809a1de5_RSFLC_sofa_fold_分段运行.R,85
R,dplyr,90_history/clinical/34809a1de5_RSFLC_sofa_fold_分段运行.R,89
R,pROC,90_history/clinical/34809a1de5_RSFLC_sofa_fold_分段运行.R,127
R,pROC,90_history/clinical/34809a1de5_RSFLC_sofa_fold_分段运行.R,134
R,dplyr,90_history/clinical/50d2e36a96_RSF_fold_分段运行.R,7
R,survival,90_history/clinical/50d2e36a96_RSF_fold_分段运行.R,8
R,randomForestSRC,90_history/clinical/50d2e36a96_RSF_fold_分段运行.R,9
R,dplyr,90_history/clinical/50d2e36a96_RSF_fold_分段运行.R,24
R,dplyr,90_history/clinical/50d2e36a96_RSF_fold_分段运行.R,54
R,dplyr,90_history/clinical/50d2e36a96_RSF_fold_分段运行.R,59
R,dplyr,90_history/clinical/50d2e36a96_RSF_fold_分段运行.R,68
R,randomForestSRC,90_history/clinical/50d2e36a96_RSF_fold_分段运行.R,86
R,survival,90_history/clinical/50d2e36a96_RSF_fold_分段运行.R,87
R,dplyr,90_history/clinical/e4d3d42148_cal_3_test.R,26
R,dplyr,90_history/clinical/e4d3d42148_cal_3_test.R,27
R,dplyr,90_history/clinical/e4d3d42148_cal_3_test.R,31
R,pROC,90_history/clinical/e4d3d42148_cal_3_test.R,91
R,pROC,90_history/clinical/e4d3d42148_cal_3_test.R,98
R,survival,90_history/clinical/e4d3d42148_cal_3_test.R,119
R,survival,90_history/clinical/e4d3d42148_cal_3_test.R,120
R,dplyr,90_history/clinical/27f57182fb_建模COX.R,1
R,tidyr,90_history/clinical/27f57182fb_建模COX.R,2
R,DynForest,90_history/clinical/27f57182fb_建模COX.R,3
R,parallel,90_history/clinical/27f57182fb_建模COX.R,105
R,pROC,90_history/clinical/27f57182fb_建模COX.R,145
R,pROC,90_history/clinical/27f57182fb_建模COX.R,150
R,dplyr,90_history/clinical/5c6f9305e6_建模RSFLC.R,1
R,tidyr,90_history/clinical/5c6f9305e6_建模RSFLC.R,2
R,readxl,90_history/clinical/5c6f9305e6_建模RSFLC.R,3
R,purrr,90_history/clinical/5c6f9305e6_建模RSFLC.R,4
R,DynForest,90_history/clinical/5c6f9305e6_建模RSFLC.R,5
R,missForest,90_history/clinical/5c6f9305e6_建模RSFLC.R,6
R,pROC,90_history/clinical/5c6f9305e6_建模RSFLC.R,432
R,pROC,90_history/clinical/5c6f9305e6_建模RSFLC.R,439
R,survival,90_history/clinical/5c6f9305e6_建模RSFLC.R,463
R,survival,90_history/clinical/5c6f9305e6_建模RSFLC.R,464
R,survival,90_history/clinical/5c6f9305e6_建模RSFLC.R,471
R,survival,90_history/clinical/5c6f9305e6_建模RSFLC.R,472
R,dplyr,90_history/clinical/5c6f9305e6_建模RSFLC.R,661
R,dplyr,90_history/clinical/5c6f9305e6_建模RSFLC.R,662
R,dplyr,90_history/clinical/5c6f9305e6_建模RSFLC.R,667
R,dplyr,90_history/clinical/5c6f9305e6_建模RSFLC.R,668
R,dplyr,90_history/clinical/5c6f9305e6_建模RSFLC.R,669
R,dplyr,90_history/clinical/5c6f9305e6_建模RSFLC.R,673
R,dplyr,90_history/clinical/5c6f9305e6_建模RSFLC.R,674
R,dplyr,90_history/clinical/5c6f9305e6_建模RSFLC.R,685
R,dplyr,90_history/clinical/5c6f9305e6_建模RSFLC.R,690
R,dplyr,90_history/clinical/5c6f9305e6_建模RSFLC.R,691
R,dplyr,90_history/clinical/5c6f9305e6_建模RSFLC.R,695
R,pROC,90_history/clinical/5c6f9305e6_建模RSFLC.R,792
R,pROC,90_history/clinical/5c6f9305e6_建模RSFLC.R,799
R,survival,90_history/clinical/5c6f9305e6_建模RSFLC.R,823
R,survival,90_history/clinical/5c6f9305e6_建模RSFLC.R,824
R,survival,90_history/clinical/5c6f9305e6_建模RSFLC.R,831
R,survival,90_history/clinical/5c6f9305e6_建模RSFLC.R,832
R,DynForest,90_history/clinical/5c6f9305e6_建模RSFLC.R,869
R,dplyr,90_history/clinical/aa0c6aee92_结果处理.R,1
R,tidyr,90_history/clinical/aa0c6aee92_结果处理.R,2
R,rstatix,90_history/clinical/aa0c6aee92_结果处理.R,3
R,survival,90_history/clinical/feae89a3ec_JMBayes-20260723.R,2
R,rms,90_history/clinical/feae89a3ec_JMBayes-20260723.R,3
R,timeROC,90_history/clinical/feae89a3ec_JMBayes-20260723.R,4
R,dplyr,90_history/clinical/feae89a3ec_JMBayes-20260723.R,5
R,readxl,90_history/clinical/feae89a3ec_JMBayes-20260723.R,6
R,tidyverse,90_history/clinical/feae89a3ec_JMBayes-20260723.R,7
R,nlme,90_history/clinical/feae89a3ec_JMBayes-20260723.R,8
R,JMbayes2,90_history/clinical/feae89a3ec_JMBayes-20260723.R,9
R,parallel,90_history/clinical/feae89a3ec_JMBayes-20260723.R,10
Python,__future__,90_history/reporting_edits/ba32552744__add_ch5_tuning_0827_4.py,3
Python,copy,90_history/reporting_edits/ba32552744__add_ch5_tuning_0827_4.py,5
Python,re,90_history/reporting_edits/ba32552744__add_ch5_tuning_0827_4.py,6
Python,shutil,90_history/reporting_edits/ba32552744__add_ch5_tuning_0827_4.py,7
Python,pathlib,90_history/reporting_edits/ba32552744__add_ch5_tuning_0827_4.py,8
Python,pandas,90_history/reporting_edits/ba32552744__add_ch5_tuning_0827_4.py,10
Python,docx,90_history/reporting_edits/ba32552744__add_ch5_tuning_0827_4.py,11
Python,docx,90_history/reporting_edits/ba32552744__add_ch5_tuning_0827_4.py,12
Python,docx,90_history/reporting_edits/ba32552744__add_ch5_tuning_0827_4.py,13
Python,docx,90_history/reporting_edits/ba32552744__add_ch5_tuning_0827_4.py,14
Python,docx,90_history/reporting_edits/ba32552744__add_ch5_tuning_0827_4.py,15
Python,__future__,90_history/reporting_edits/9f17eba7bd__delete_533_0827_6.py,3
Python,copy,90_history/reporting_edits/9f17eba7bd__delete_533_0827_6.py,5
Python,re,90_history/reporting_edits/9f17eba7bd__delete_533_0827_6.py,6
Python,shutil,90_history/reporting_edits/9f17eba7bd__delete_533_0827_6.py,7
Python,pathlib,90_history/reporting_edits/9f17eba7bd__delete_533_0827_6.py,8
Python,docx,90_history/reporting_edits/9f17eba7bd__delete_533_0827_6.py,10
Python,docx,90_history/reporting_edits/9f17eba7bd__delete_533_0827_6.py,11
Python,docx,90_history/reporting_edits/9f17eba7bd__delete_533_0827_6.py,12
Python,pathlib,90_history/reporting_edits/d6ec0b1f06__fix_ch5_framework_0827_3.py,3
Python,docx,90_history/reporting_edits/d6ec0b1f06__fix_ch5_framework_0827_3.py,5
Python,sys,90_history/reporting_edits/ce4a9c9d06__inspect_table_fmt.py,2
Python,docx,90_history/reporting_edits/ce4a9c9d06__inspect_table_fmt.py,4
Python,docx,90_history/reporting_edits/ce4a9c9d06__inspect_table_fmt.py,5
Python,lxml,90_history/reporting_edits/ce4a9c9d06__inspect_table_fmt.py,6
Python,__future__,90_history/reporting_edits/015c599a97__revise_ch5_0828_1.py,3
Python,copy,90_history/reporting_edits/015c599a97__revise_ch5_0828_1.py,5
Python,shutil,90_history/reporting_edits/015c599a97__revise_ch5_0828_1.py,6
Python,pathlib,90_history/reporting_edits/015c599a97__revise_ch5_0828_1.py,7
Python,pandas,90_history/reporting_edits/015c599a97__revise_ch5_0828_1.py,9
Python,docx,90_history/reporting_edits/015c599a97__revise_ch5_0828_1.py,10
Python,docx,90_history/reporting_edits/015c599a97__revise_ch5_0828_1.py,11
Python,docx,90_history/reporting_edits/015c599a97__revise_ch5_0828_1.py,12
Python,docx,90_history/reporting_edits/015c599a97__revise_ch5_0828_1.py,13
Python,docx,90_history/reporting_edits/015c599a97__revise_ch5_0828_1.py,14
Python,docx,90_history/reporting_edits/015c599a97__revise_ch5_0828_1.py,137
Python,__future__,90_history/reporting_edits/4d9df0e5ce__split_table51_schemeC.py,3
Python,copy,90_history/reporting_edits/4d9df0e5ce__split_table51_schemeC.py,5
Python,shutil,90_history/reporting_edits/4d9df0e5ce__split_table51_schemeC.py,6
Python,pathlib,90_history/reporting_edits/4d9df0e5ce__split_table51_schemeC.py,7
Python,docx,90_history/reporting_edits/4d9df0e5ce__split_table51_schemeC.py,9
Python,docx,90_history/reporting_edits/4d9df0e5ce__split_table51_schemeC.py,10
Python,docx,90_history/reporting_edits/4d9df0e5ce__split_table51_schemeC.py,11
Python,docx,90_history/reporting_edits/4d9df0e5ce__split_table51_schemeC.py,12
Python,docx,90_history/reporting_edits/4d9df0e5ce__split_table51_schemeC.py,368
Python,__future__,90_history/reporting_edits/345f3aa42c__update_ch5_0828_2.py,3
Python,importlib,90_history/reporting_edits/345f3aa42c__update_ch5_0828_2.py,5
Python,shutil,90_history/reporting_edits/345f3aa42c__update_ch5_0828_2.py,6
Python,sys,90_history/reporting_edits/345f3aa42c__update_ch5_0828_2.py,7
Python,pathlib,90_history/reporting_edits/345f3aa42c__update_ch5_0828_2.py,8
Python,pandas,90_history/reporting_edits/345f3aa42c__update_ch5_0828_2.py,10
Python,docx,90_history/reporting_edits/345f3aa42c__update_ch5_0828_2.py,11
Python,docx,90_history/reporting_edits/345f3aa42c__update_ch5_0828_2.py,12
Python,__future__,90_history/reporting_edits/f6968fcb97__update_ch5_framework_0827_3.py,3
Python,shutil,90_history/reporting_edits/f6968fcb97__update_ch5_framework_0827_3.py,5
Python,pathlib,90_history/reporting_edits/f6968fcb97__update_ch5_framework_0827_3.py,6
Python,docx,90_history/reporting_edits/f6968fcb97__update_ch5_framework_0827_3.py,8
Python,__future__,90_history/reporting_edits/2de2648388__update_ch5_table_format_0827.py,3
Python,copy,90_history/reporting_edits/2de2648388__update_ch5_table_format_0827.py,5
Python,shutil,90_history/reporting_edits/2de2648388__update_ch5_table_format_0827.py,6
Python,pathlib,90_history/reporting_edits/2de2648388__update_ch5_table_format_0827.py,7
Python,numpy,90_history/reporting_edits/2de2648388__update_ch5_table_format_0827.py,9
Python,pandas,90_history/reporting_edits/2de2648388__update_ch5_table_format_0827.py,10
Python,docx,90_history/reporting_edits/2de2648388__update_ch5_table_format_0827.py,11
Python,docx,90_history/reporting_edits/2de2648388__update_ch5_table_format_0827.py,12
Python,docx,90_history/reporting_edits/2de2648388__update_ch5_table_format_0827.py,13
Python,docx,90_history/reporting_edits/2de2648388__update_ch5_table_format_0827.py,14
Python,__future__,90_history/reporting_edits/a5f0899b83__update_table52_schemeA.py,3
Python,copy,90_history/reporting_edits/a5f0899b83__update_table52_schemeA.py,5
Python,shutil,90_history/reporting_edits/a5f0899b83__update_table52_schemeA.py,6
Python,pathlib,90_history/reporting_edits/a5f0899b83__update_table52_schemeA.py,7
Python,docx,90_history/reporting_edits/a5f0899b83__update_table52_schemeA.py,9
Python,docx,90_history/reporting_edits/a5f0899b83__update_table52_schemeA.py,10
Python,docx,90_history/reporting_edits/a5f0899b83__update_table52_schemeA.py,11
Python,docx,90_history/reporting_edits/a5f0899b83__update_table52_schemeA.py,12
Python,docx,90_history/reporting_edits/a5f0899b83__update_table52_schemeA.py,226
Python,__future__,90_history/reporting_edits/1ca4c97eb6__update_tuning_0827_5.py,3
Python,shutil,90_history/reporting_edits/1ca4c97eb6__update_tuning_0827_5.py,5
Python,pathlib,90_history/reporting_edits/1ca4c97eb6__update_tuning_0827_5.py,6
Python,pandas,90_history/reporting_edits/1ca4c97eb6__update_tuning_0827_5.py,8
Python,docx,90_history/reporting_edits/1ca4c97eb6__update_tuning_0827_5.py,9
Python,docx,90_history/reporting_edits/1ca4c97eb6__update_tuning_0827_5.py,10
Python,docx,90_history/reporting_edits/1ca4c97eb6__update_tuning_0827_5.py,11
Python,docx,90_history/reporting_edits/1ca4c97eb6__update_tuning_0827_5.py,12
Python,__future__,90_history/clinical/bf0487096e_RSFLC_SHAP.py,14
Python,json,90_history/clinical/bf0487096e_RSFLC_SHAP.py,16
Python,subprocess,90_history/clinical/bf0487096e_RSFLC_SHAP.py,17
Python,tempfile,90_history/clinical/bf0487096e_RSFLC_SHAP.py,18
Python,pathlib,90_history/clinical/bf0487096e_RSFLC_SHAP.py,19
Python,matplotlib,90_history/clinical/bf0487096e_RSFLC_SHAP.py,21
Python,numpy,90_history/clinical/bf0487096e_RSFLC_SHAP.py,22
Python,pandas,90_history/clinical/bf0487096e_RSFLC_SHAP.py,23
Python,shap,90_history/clinical/bf0487096e_RSFLC_SHAP.py,24
R,dplyr,90_history/clinical/6e38f85e26_RSFLC_fit_model.R,13
R,readxl,90_history/clinical/6e38f85e26_RSFLC_fit_model.R,14
R,DynForest,90_history/clinical/6e38f85e26_RSFLC_fit_model.R,15
R,jsonlite,90_history/clinical/6e38f85e26_RSFLC_fit_model.R,16
R,DynForest,90_history/clinical/6e38f85e26_RSFLC_fit_model.R,99
R,survival,90_history/clinical/6e38f85e26_RSFLC_fit_model.R,136
R,survival,90_history/clinical/6e38f85e26_RSFLC_fit_model.R,137
R,DynForest,90_history/clinical/3d60b1df0c_RSFLC_predict_bridge.R,9
R,jsonlite,90_history/clinical/3d60b1df0c_RSFLC_predict_bridge.R,10
Python,pathlib,90_history/clinical/625c42d743_SHAP作图.py,4
Python,numpy,90_history/clinical/625c42d743_SHAP作图.py,6
Python,pandas,90_history/clinical/625c42d743_SHAP作图.py,7
Python,matplotlib,90_history/clinical/625c42d743_SHAP作图.py,8
Python,sklearn,90_history/clinical/625c42d743_SHAP作图.py,9
Python,sklearn,90_history/clinical/625c42d743_SHAP作图.py,10
Python,shap,90_history/clinical/625c42d743_SHAP作图.py,11
R,survival,90_history/clinical/c4d6f67638_t1.R,1
R,rms,90_history/clinical/c4d6f67638_t1.R,2
R,timeROC,90_history/clinical/c4d6f67638_t1.R,3
R,dplyr,90_history/clinical/c4d6f67638_t1.R,4
R,joineRML,90_history/clinical/c4d6f67638_t1.R,5
R,readxl,90_history/clinical/c4d6f67638_t1.R,6
R,writexl,90_history/clinical/c4d6f67638_t1.R,7
R,tidyverse,90_history/clinical/c4d6f67638_t1.R,8
R,dplyr,90_history/clinical/ec666847b5_t2.R,2
R,purrr,90_history/clinical/ec666847b5_t2.R,3
R,readxl,90_history/clinical/ec666847b5_t2.R,4
R,survival,90_history/clinical/ec666847b5_t2.R,5
R,timeROC,90_history/clinical/ec666847b5_t2.R,6
R,DynForest,90_history/clinical/ec666847b5_t2.R,7
R,survival,90_history/clinical/ec666847b5_t2.R,27
R,DynForest,90_history/clinical/ec666847b5_t2.R,117
R,timeROC,90_history/clinical/ec666847b5_t2.R,172
R,timeROC,90_history/clinical/ec666847b5_t2.R,176
R,survival,90_history/clinical/ec666847b5_t2.R,198
R,survival,90_history/clinical/ec666847b5_t2.R,199
R,dplyr,90_history/clinical/fd0a363613_RSF_tune_fold5.R,7
R,survival,90_history/clinical/fd0a363613_RSF_tune_fold5.R,8
R,randomForestSRC,90_history/clinical/fd0a363613_RSF_tune_fold5.R,9
R,prodlim,90_history/clinical/fd0a363613_RSF_tune_fold5.R,10
R,riskRegression,90_history/clinical/fd0a363613_RSF_tune_fold5.R,11
R,parallel,90_history/clinical/fd0a363613_RSF_tune_fold5.R,19
R,riskRegression,90_history/clinical/fd0a363613_RSF_tune_fold5.R,74
R,survival,90_history/clinical/fd0a363613_RSF_tune_fold5.R,97
R,survival,90_history/clinical/fd0a363613_RSF_tune_fold5.R,98
R,dplyr,90_history/clinical/fd0a363613_RSF_tune_fold5.R,123
R,dplyr,90_history/clinical/fd0a363613_RSF_tune_fold5.R,142
R,dplyr,90_history/clinical/fd0a363613_RSF_tune_fold5.R,147
R,dplyr,90_history/clinical/fd0a363613_RSF_tune_fold5.R,153
R,randomForestSRC,90_history/clinical/fd0a363613_RSF_tune_fold5.R,264
R,randomForestSRC,90_history/clinical/98c0b5f68d_RSF最优模型输出结果.R,9
R,randomForestSRC,90_history/clinical/98c0b5f68d_RSF最优模型输出结果.R,34
R,ggplot2,90_history/clinical/98c0b5f68d_RSF最优模型输出结果.R,47
R,ggplot2,90_history/clinical/98c0b5f68d_RSF最优模型输出结果.R,49
R,ggplot2,90_history/clinical/98c0b5f68d_RSF最优模型输出结果.R,51
R,ggplot2,90_history/clinical/98c0b5f68d_RSF最优模型输出结果.R,52
R,ggplot2,90_history/clinical/98c0b5f68d_RSF最优模型输出结果.R,53
R,ggplot2,90_history/clinical/98c0b5f68d_RSF最优模型输出结果.R,58
R,ggplot2,90_history/clinical/98c0b5f68d_RSF最优模型输出结果.R,59
R,ggplot2,90_history/clinical/98c0b5f68d_RSF最优模型输出结果.R,60
R,ggplot2,90_history/clinical/98c0b5f68d_RSF最优模型输出结果.R,64
R,fastshap,90_history/clinical/98c0b5f68d_RSF最优模型输出结果.R,122
R,shapviz,90_history/clinical/98c0b5f68d_RSF最优模型输出结果.R,131
R,shapviz,90_history/clinical/98c0b5f68d_RSF最优模型输出结果.R,133
R,ggplot2,90_history/clinical/98c0b5f68d_RSF最优模型输出结果.R,138
R,ggplot2,90_history/clinical/98c0b5f68d_RSF最优模型输出结果.R,139
R,ggplot2,90_history/clinical/98c0b5f68d_RSF最优模型输出结果.R,140
R,ggplot2,90_history/clinical/98c0b5f68d_RSF最优模型输出结果.R,144
R,shapviz,90_history/clinical/98c0b5f68d_RSF最优模型输出结果.R,152
R,ggplot2,90_history/clinical/98c0b5f68d_RSF最优模型输出结果.R,157
R,shapviz,90_history/clinical/98c0b5f68d_RSF最优模型输出结果.R,159
R,ggplot2,90_history/clinical/98c0b5f68d_RSF最优模型输出结果.R,164
R,ggplot2,90_history/clinical/98c0b5f68d_RSF最优模型输出结果.R,168
R,shapviz,90_history/clinical/98c0b5f68d_RSF最优模型输出结果.R,177
R,ggplot2,90_history/clinical/98c0b5f68d_RSF最优模型输出结果.R,182
R,ggplot2,90_history/clinical/98c0b5f68d_RSF最优模型输出结果.R,183
R,ggplot2,90_history/clinical/98c0b5f68d_RSF最优模型输出结果.R,184
R,ggplot2,90_history/clinical/98c0b5f68d_RSF最优模型输出结果.R,188
R,dplyr,90_history/clinical/98c0b5f68d_RSF最优模型输出结果.R,201
R,survival,90_history/clinical/98c0b5f68d_RSF最优模型输出结果.R,215
R,ggplot2,90_history/clinical/98c0b5f68d_RSF最优模型输出结果.R,234
R,ggplot2,90_history/clinical/98c0b5f68d_RSF最优模型输出结果.R,236
R,ggplot2,90_history/clinical/98c0b5f68d_RSF最优模型输出结果.R,238
R,ggplot2,90_history/clinical/98c0b5f68d_RSF最优模型输出结果.R,241
R,ggplot2,90_history/clinical/98c0b5f68d_RSF最优模型输出结果.R,242
R,ggplot2,90_history/clinical/98c0b5f68d_RSF最优模型输出结果.R,246
R,ggplot2,90_history/clinical/98c0b5f68d_RSF最优模型输出结果.R,247
R,ggplot2,90_history/clinical/98c0b5f68d_RSF最优模型输出结果.R,248
R,ggplot2,90_history/clinical/98c0b5f68d_RSF最优模型输出结果.R,249
R,ggplot2,90_history/clinical/98c0b5f68d_RSF最优模型输出结果.R,254
R,ggplot2,90_history/clinical/98c0b5f68d_RSF最优模型输出结果.R,255
R,ggplot2,90_history/clinical/98c0b5f68d_RSF最优模型输出结果.R,256
R,ggplot2,90_history/clinical/98c0b5f68d_RSF最优模型输出结果.R,260
R,rmda,90_history/clinical/98c0b5f68d_RSF最优模型输出结果.R,273
R,rmda,90_history/clinical/98c0b5f68d_RSF最优模型输出结果.R,285
R,survival,90_history/clinical/98c0b5f68d_RSF最优模型输出结果.R,310
R,survminer,90_history/clinical/98c0b5f68d_RSF最优模型输出结果.R,315
R,ggplot2,90_history/clinical/98c0b5f68d_RSF最优模型输出结果.R,328
R,dplyr,90_history/clinical/44f65bc7be_RSFLC_20V_tune_fold5.R,6
R,survival,90_history/clinical/44f65bc7be_RSFLC_20V_tune_fold5.R,7
R,DynForest,90_history/clinical/44f65bc7be_RSFLC_20V_tune_fold5.R,8
R,prodlim,90_history/clinical/44f65bc7be_RSFLC_20V_tune_fold5.R,9
R,riskRegression,90_history/clinical/44f65bc7be_RSFLC_20V_tune_fold5.R,10
R,stats,90_history/clinical/44f65bc7be_RSFLC_20V_tune_fold5.R,44
R,stats,90_history/clinical/44f65bc7be_RSFLC_20V_tune_fold5.R,46
R,DynForest,90_history/clinical/44f65bc7be_RSFLC_20V_tune_fold5.R,125
R,survival,90_history/clinical/44f65bc7be_RSFLC_20V_tune_fold5.R,174
R,survival,90_history/clinical/44f65bc7be_RSFLC_20V_tune_fold5.R,175
R,survival,90_history/clinical/44f65bc7be_RSFLC_20V_tune_fold5.R,239
R,survival,90_history/clinical/44f65bc7be_RSFLC_20V_tune_fold5.R,240
R,riskRegression,90_history/clinical/44f65bc7be_RSFLC_20V_tune_fold5.R,251
R,dplyr,90_history/clinical/44f65bc7be_RSFLC_20V_tune_fold5.R,307
R,dplyr,90_history/clinical/44f65bc7be_RSFLC_20V_tune_fold5.R,308
R,dplyr,90_history/clinical/44f65bc7be_RSFLC_20V_tune_fold5.R,311
R,dplyr,90_history/clinical/44f65bc7be_RSFLC_20V_tune_fold5.R,313
R,dplyr,90_history/clinical/44f65bc7be_RSFLC_20V_tune_fold5.R,314
R,dplyr,90_history/clinical/44f65bc7be_RSFLC_20V_tune_fold5.R,315
R,dplyr,90_history/clinical/44f65bc7be_RSFLC_20V_tune_fold5.R,316
R,dplyr,90_history/clinical/44f65bc7be_RSFLC_20V_tune_fold5.R,322
R,dplyr,90_history/clinical/44f65bc7be_RSFLC_20V_tune_fold5.R,341
R,dplyr,90_history/clinical/44f65bc7be_RSFLC_20V_tune_fold5.R,346
R,dplyr,90_history/clinical/44f65bc7be_RSFLC_20V_tune_fold5.R,353
R,dplyr,90_history/clinical/44f65bc7be_RSFLC_20V_tune_fold5.R,364
R,dplyr,90_history/clinical/50948ae612_RSFLC最优模型输出结果.R,6
R,survival,90_history/clinical/50948ae612_RSFLC最优模型输出结果.R,7
R,DynForest,90_history/clinical/50948ae612_RSFLC最优模型输出结果.R,8
R,ggplot2,90_history/clinical/50948ae612_RSFLC最优模型输出结果.R,9
R,fastshap,90_history/clinical/50948ae612_RSFLC最优模型输出结果.R,10
R,shapviz,90_history/clinical/50948ae612_RSFLC最优模型输出结果.R,11
R,rmda,90_history/clinical/50948ae612_RSFLC最优模型输出结果.R,12
R,survminer,90_history/clinical/50948ae612_RSFLC最优模型输出结果.R,13
R,patchwork,90_history/clinical/50948ae612_RSFLC最优模型输出结果.R,14
R,pROC,90_history/clinical/50948ae612_RSFLC最优模型输出结果.R,15
R,prodlim,90_history/clinical/50948ae612_RSFLC最优模型输出结果.R,16
R,riskRegression,90_history/clinical/50948ae612_RSFLC最优模型输出结果.R,17
R,officer,90_history/clinical/50948ae612_RSFLC最优模型输出结果.R,18
R,flextable,90_history/clinical/50948ae612_RSFLC最优模型输出结果.R,19
R,DynForest,90_history/clinical/50948ae612_RSFLC最优模型输出结果.R,88
R,pROC,90_history/clinical/50948ae612_RSFLC最优模型输出结果.R,139
R,survival,90_history/clinical/50948ae612_RSFLC最优模型输出结果.R,147
R,survival,90_history/clinical/50948ae612_RSFLC最优模型输出结果.R,148
R,dplyr,90_history/clinical/50948ae612_RSFLC最优模型输出结果.R,271
R,flextable,90_history/clinical/50948ae612_RSFLC最优模型输出结果.R,277
R,flextable,90_history/clinical/50948ae612_RSFLC最优模型输出结果.R,278
R,flextable,90_history/clinical/50948ae612_RSFLC最优模型输出结果.R,279
R,flextable,90_history/clinical/50948ae612_RSFLC最优模型输出结果.R,280
R,flextable,90_history/clinical/50948ae612_RSFLC最优模型输出结果.R,281
R,flextable,90_history/clinical/50948ae612_RSFLC最优模型输出结果.R,282
R,officer,90_history/clinical/50948ae612_RSFLC最优模型输出结果.R,287
R,officer,90_history/clinical/50948ae612_RSFLC最优模型输出结果.R,288
R,officer,90_history/clinical/50948ae612_RSFLC最优模型输出结果.R,291
R,dplyr,90_history/clinical/50948ae612_RSFLC最优模型输出结果.R,352
R,dplyr,90_history/clinical/50948ae612_RSFLC最优模型输出结果.R,353
R,dplyr,90_history/clinical/50948ae612_RSFLC最优模型输出结果.R,358
R,dplyr,90_history/clinical/50948ae612_RSFLC最优模型输出结果.R,359
R,dplyr,90_history/clinical/50948ae612_RSFLC最优模型输出结果.R,360
R,dplyr,90_history/clinical/50948ae612_RSFLC最优模型输出结果.R,361
R,dplyr,90_history/clinical/50948ae612_RSFLC最优模型输出结果.R,367
R,dplyr,90_history/clinical/50948ae612_RSFLC最优模型输出结果.R,385
R,dplyr,90_history/clinical/50948ae612_RSFLC最优模型输出结果.R,390
R,dplyr,90_history/clinical/50948ae612_RSFLC最优模型输出结果.R,396
R,dplyr,90_history/clinical/50948ae612_RSFLC最优模型输出结果.R,407
R,dplyr,90_history/clinical/50948ae612_RSFLC最优模型输出结果.R,458
R,dplyr,90_history/clinical/50948ae612_RSFLC最优模型输出结果.R,459
R,dplyr,90_history/clinical/50948ae612_RSFLC最优模型输出结果.R,462
R,dplyr,90_history/clinical/50948ae612_RSFLC最优模型输出结果.R,464
R,dplyr,90_history/clinical/50948ae612_RSFLC最优模型输出结果.R,465
R,dplyr,90_history/clinical/50948ae612_RSFLC最优模型输出结果.R,466
R,dplyr,90_history/clinical/50948ae612_RSFLC最优模型输出结果.R,467
R,stats,90_history/clinical/50948ae612_RSFLC最优模型输出结果.R,501
R,stats,90_history/clinical/50948ae612_RSFLC最优模型输出结果.R,503
R,DynForest,90_history/clinical/50948ae612_RSFLC最优模型输出结果.R,559
R,riskRegression,90_history/clinical/50948ae612_RSFLC最优模型输出结果.R,591
R,riskRegression,90_history/clinical/50948ae612_RSFLC最优模型输出结果.R,602
R,DynForest,90_history/clinical/50948ae612_RSFLC最优模型输出结果.R,670
R,DynForest,90_history/clinical/50948ae612_RSFLC最优模型输出结果.R,677
R,ggplot2,90_history/clinical/50948ae612_RSFLC最优模型输出结果.R,696
R,ggplot2,90_history/clinical/50948ae612_RSFLC最优模型输出结果.R,698
R,ggplot2,90_history/clinical/50948ae612_RSFLC最优模型输出结果.R,700
R,ggplot2,90_history/clinical/50948ae612_RSFLC最优模型输出结果.R,701
R,ggplot2,90_history/clinical/50948ae612_RSFLC最优模型输出结果.R,702
R,ggplot2,90_history/clinical/50948ae612_RSFLC最优模型输出结果.R,707
R,ggplot2,90_history/clinical/50948ae612_RSFLC最优模型输出结果.R,708
R,ggplot2,90_history/clinical/50948ae612_RSFLC最优模型输出结果.R,709
R,ggplot2,90_history/clinical/50948ae612_RSFLC最优模型输出结果.R,711
R,fastshap,90_history/clinical/50948ae612_RSFLC最优模型输出结果.R,813
R,shapviz,90_history/clinical/50948ae612_RSFLC最优模型输出结果.R,836
R,shapviz,90_history/clinical/50948ae612_RSFLC最优模型输出结果.R,855
R,ggplot2,90_history/clinical/50948ae612_RSFLC最优模型输出结果.R,860
R,ggplot2,90_history/clinical/50948ae612_RSFLC最优模型输出结果.R,861
R,ggplot2,90_history/clinical/50948ae612_RSFLC最优模型输出结果.R,862
R,ggplot2,90_history/clinical/50948ae612_RSFLC最优模型输出结果.R,864
R,shapviz,90_history/clinical/50948ae612_RSFLC最优模型输出结果.R,866
R,ggplot2,90_history/clinical/50948ae612_RSFLC最优模型输出结果.R,871
R,shapviz,90_history/clinical/50948ae612_RSFLC最优模型输出结果.R,872
R,ggplot2,90_history/clinical/50948ae612_RSFLC最优模型输出结果.R,877
R,ggplot2,90_history/clinical/50948ae612_RSFLC最优模型输出结果.R,879
R,shapviz,90_history/clinical/50948ae612_RSFLC最优模型输出结果.R,893
R,ggplot2,90_history/clinical/50948ae612_RSFLC最优模型输出结果.R,898
R,ggplot2,90_history/clinical/50948ae612_RSFLC最优模型输出结果.R,899
R,ggplot2,90_history/clinical/50948ae612_RSFLC最优模型输出结果.R,900
R,ggplot2,90_history/clinical/50948ae612_RSFLC最优模型输出结果.R,902
R,dplyr,90_history/clinical/50948ae612_RSFLC最优模型输出结果.R,915
R,dplyr,90_history/clinical/50948ae612_RSFLC最优模型输出结果.R,928
R,survival,90_history/clinical/50948ae612_RSFLC最优模型输出结果.R,930
R,ggplot2,90_history/clinical/50948ae612_RSFLC最优模型输出结果.R,946
R,ggplot2,90_history/clinical/50948ae612_RSFLC最优模型输出结果.R,948
R,ggplot2,90_history/clinical/50948ae612_RSFLC最优模型输出结果.R,950
R,ggplot2,90_history/clinical/50948ae612_RSFLC最优模型输出结果.R,951
R,ggplot2,90_history/clinical/50948ae612_RSFLC最优模型输出结果.R,952
R,ggplot2,90_history/clinical/50948ae612_RSFLC最优模型输出结果.R,956
R,ggplot2,90_history/clinical/50948ae612_RSFLC最优模型输出结果.R,957
R,ggplot2,90_history/clinical/50948ae612_RSFLC最优模型输出结果.R,958
R,ggplot2,90_history/clinical/50948ae612_RSFLC最优模型输出结果.R,959
R,ggplot2,90_history/clinical/50948ae612_RSFLC最优模型输出结果.R,964
R,ggplot2,90_history/clinical/50948ae612_RSFLC最优模型输出结果.R,965
R,ggplot2,90_history/clinical/50948ae612_RSFLC最优模型输出结果.R,966
R,ggplot2,90_history/clinical/50948ae612_RSFLC最优模型输出结果.R,970
R,rmda,90_history/clinical/50948ae612_RSFLC最优模型输出结果.R,985
R,rmda,90_history/clinical/50948ae612_RSFLC最优模型输出结果.R,997
R,survival,90_history/clinical/50948ae612_RSFLC最优模型输出结果.R,1025
R,survminer,90_history/clinical/50948ae612_RSFLC最优模型输出结果.R,1030
R,ggplot2,90_history/clinical/50948ae612_RSFLC最优模型输出结果.R,1043
R,flextable,90_history/clinical/50948ae612_RSFLC最优模型输出结果.R,1057
R,flextable,90_history/clinical/50948ae612_RSFLC最优模型输出结果.R,1058
R,flextable,90_history/clinical/50948ae612_RSFLC最优模型输出结果.R,1059
R,flextable,90_history/clinical/50948ae612_RSFLC最优模型输出结果.R,1062
R,flextable,90_history/clinical/50948ae612_RSFLC最优模型输出结果.R,1063
R,flextable,90_history/clinical/50948ae612_RSFLC最优模型输出结果.R,1064
R,flextable,90_history/clinical/50948ae612_RSFLC最优模型输出结果.R,1070
R,flextable,90_history/clinical/50948ae612_RSFLC最优模型输出结果.R,1071
R,flextable,90_history/clinical/50948ae612_RSFLC最优模型输出结果.R,1076
R,flextable,90_history/clinical/50948ae612_RSFLC最优模型输出结果.R,1077
R,flextable,90_history/clinical/50948ae612_RSFLC最优模型输出结果.R,1081
R,officer,90_history/clinical/50948ae612_RSFLC最优模型输出结果.R,1093
R,officer,90_history/clinical/50948ae612_RSFLC最优模型输出结果.R,1094
R,officer,90_history/clinical/50948ae612_RSFLC最优模型输出结果.R,1099
R,officer,90_history/clinical/50948ae612_RSFLC最优模型输出结果.R,1110
R,flextable,90_history/clinical/50948ae612_RSFLC最优模型输出结果.R,1111
R,officer,90_history/clinical/50948ae612_RSFLC最优模型输出结果.R,1113
R,flextable,90_history/clinical/50948ae612_RSFLC最优模型输出结果.R,1114
R,officer,90_history/clinical/50948ae612_RSFLC最优模型输出结果.R,1115
R,officer,90_history/clinical/50948ae612_RSFLC最优模型输出结果.R,1125
R,flextable,90_history/clinical/50948ae612_RSFLC最优模型输出结果.R,1127
R,officer,90_history/clinical/50948ae612_RSFLC最优模型输出结果.R,1129
R,officer,90_history/clinical/50948ae612_RSFLC最优模型输出结果.R,1138
R,officer,90_history/clinical/50948ae612_RSFLC最优模型输出结果.R,1139
R,officer,90_history/clinical/50948ae612_RSFLC最优模型输出结果.R,1140
R,officer,90_history/clinical/50948ae612_RSFLC最优模型输出结果.R,1152
R,officer,90_history/clinical/50948ae612_RSFLC最优模型输出结果.R,1157
R,officer,90_history/clinical/50948ae612_RSFLC最优模型输出结果.R,1158
R,flextable,90_history/clinical/50948ae612_RSFLC最优模型输出结果.R,1160
R,officer,90_history/clinical/50948ae612_RSFLC最优模型输出结果.R,1166
R,officer,90_history/clinical/50948ae612_RSFLC最优模型输出结果.R,1167
R,flextable,90_history/clinical/50948ae612_RSFLC最优模型输出结果.R,1168
R,officer,90_history/clinical/50948ae612_RSFLC最优模型输出结果.R,1169
R,officer,90_history/clinical/50948ae612_RSFLC最优模型输出结果.R,1178
R,officer,90_history/clinical/50948ae612_RSFLC最优模型输出结果.R,1179
R,officer,90_history/clinical/50948ae612_RSFLC最优模型输出结果.R,1180
R,officer,90_history/clinical/50948ae612_RSFLC最优模型输出结果.R,1189
R,officer,90_history/clinical/50948ae612_RSFLC最优模型输出结果.R,1190
R,officer,90_history/clinical/50948ae612_RSFLC最优模型输出结果.R,1191
R,dplyr,90_history/clinical/00e3638ff6_RSFLC_baseline_0826.R,1
R,survival,90_history/clinical/00e3638ff6_RSFLC_baseline_0826.R,2
R,DynForest,90_history/clinical/00e3638ff6_RSFLC_baseline_0826.R,3
R,ggplot2,90_history/clinical/00e3638ff6_RSFLC_baseline_0826.R,4
R,fastshap,90_history/clinical/00e3638ff6_RSFLC_baseline_0826.R,5
R,shapviz,90_history/clinical/00e3638ff6_RSFLC_baseline_0826.R,6
R,rmda,90_history/clinical/00e3638ff6_RSFLC_baseline_0826.R,7
R,survminer,90_history/clinical/00e3638ff6_RSFLC_baseline_0826.R,8
R,patchwork,90_history/clinical/00e3638ff6_RSFLC_baseline_0826.R,9
R,pROC,90_history/clinical/00e3638ff6_RSFLC_baseline_0826.R,10
R,prodlim,90_history/clinical/00e3638ff6_RSFLC_baseline_0826.R,11
R,riskRegression,90_history/clinical/00e3638ff6_RSFLC_baseline_0826.R,12
R,officer,90_history/clinical/00e3638ff6_RSFLC_baseline_0826.R,13
R,flextable,90_history/clinical/00e3638ff6_RSFLC_baseline_0826.R,14
R,DynForest,90_history/clinical/00e3638ff6_RSFLC_baseline_0826.R,100
R,pROC,90_history/clinical/00e3638ff6_RSFLC_baseline_0826.R,151
R,survival,90_history/clinical/00e3638ff6_RSFLC_baseline_0826.R,159
R,survival,90_history/clinical/00e3638ff6_RSFLC_baseline_0826.R,160
R,dplyr,90_history/clinical/00e3638ff6_RSFLC_baseline_0826.R,208
R,dplyr,90_history/clinical/00e3638ff6_RSFLC_baseline_0826.R,341
R,flextable,90_history/clinical/00e3638ff6_RSFLC_baseline_0826.R,347
R,flextable,90_history/clinical/00e3638ff6_RSFLC_baseline_0826.R,348
R,flextable,90_history/clinical/00e3638ff6_RSFLC_baseline_0826.R,349
R,flextable,90_history/clinical/00e3638ff6_RSFLC_baseline_0826.R,350
R,flextable,90_history/clinical/00e3638ff6_RSFLC_baseline_0826.R,351
R,flextable,90_history/clinical/00e3638ff6_RSFLC_baseline_0826.R,352
R,officer,90_history/clinical/00e3638ff6_RSFLC_baseline_0826.R,357
R,officer,90_history/clinical/00e3638ff6_RSFLC_baseline_0826.R,358
R,officer,90_history/clinical/00e3638ff6_RSFLC_baseline_0826.R,361
R,dplyr,90_history/clinical/00e3638ff6_RSFLC_baseline_0826.R,423
R,dplyr,90_history/clinical/00e3638ff6_RSFLC_baseline_0826.R,424
R,dplyr,90_history/clinical/00e3638ff6_RSFLC_baseline_0826.R,429
R,dplyr,90_history/clinical/00e3638ff6_RSFLC_baseline_0826.R,430
R,dplyr,90_history/clinical/00e3638ff6_RSFLC_baseline_0826.R,431
R,dplyr,90_history/clinical/00e3638ff6_RSFLC_baseline_0826.R,432
R,dplyr,90_history/clinical/00e3638ff6_RSFLC_baseline_0826.R,438
R,dplyr,90_history/clinical/00e3638ff6_RSFLC_baseline_0826.R,456
R,dplyr,90_history/clinical/00e3638ff6_RSFLC_baseline_0826.R,461
R,dplyr,90_history/clinical/00e3638ff6_RSFLC_baseline_0826.R,467
R,dplyr,90_history/clinical/00e3638ff6_RSFLC_baseline_0826.R,478
R,DynForest,90_history/clinical/00e3638ff6_RSFLC_baseline_0826.R,624
R,dplyr,90_history/clinical/00e3638ff6_RSFLC_baseline_0826.R,728
R,dplyr,90_history/clinical/00e3638ff6_RSFLC_baseline_0826.R,729
R,dplyr,90_history/clinical/00e3638ff6_RSFLC_baseline_0826.R,732
R,dplyr,90_history/clinical/00e3638ff6_RSFLC_baseline_0826.R,734
R,dplyr,90_history/clinical/00e3638ff6_RSFLC_baseline_0826.R,735
R,dplyr,90_history/clinical/00e3638ff6_RSFLC_baseline_0826.R,736
R,dplyr,90_history/clinical/00e3638ff6_RSFLC_baseline_0826.R,737
R,stats,90_history/clinical/00e3638ff6_RSFLC_baseline_0826.R,771
R,stats,90_history/clinical/00e3638ff6_RSFLC_baseline_0826.R,773
R,DynForest,90_history/clinical/00e3638ff6_RSFLC_baseline_0826.R,829
R,riskRegression,90_history/clinical/00e3638ff6_RSFLC_baseline_0826.R,861
R,riskRegression,90_history/clinical/00e3638ff6_RSFLC_baseline_0826.R,872
R,DynForest,90_history/clinical/00e3638ff6_RSFLC_baseline_0826.R,940
R,DynForest,90_history/clinical/00e3638ff6_RSFLC_baseline_0826.R,947
R,ggplot2,90_history/clinical/00e3638ff6_RSFLC_baseline_0826.R,966
R,ggplot2,90_history/clinical/00e3638ff6_RSFLC_baseline_0826.R,968
R,ggplot2,90_history/clinical/00e3638ff6_RSFLC_baseline_0826.R,970
R,ggplot2,90_history/clinical/00e3638ff6_RSFLC_baseline_0826.R,971
R,ggplot2,90_history/clinical/00e3638ff6_RSFLC_baseline_0826.R,972
R,ggplot2,90_history/clinical/00e3638ff6_RSFLC_baseline_0826.R,977
R,ggplot2,90_history/clinical/00e3638ff6_RSFLC_baseline_0826.R,978
R,ggplot2,90_history/clinical/00e3638ff6_RSFLC_baseline_0826.R,979
R,ggplot2,90_history/clinical/00e3638ff6_RSFLC_baseline_0826.R,981
R,fastshap,90_history/clinical/00e3638ff6_RSFLC_baseline_0826.R,1083
R,shapviz,90_history/clinical/00e3638ff6_RSFLC_baseline_0826.R,1106
R,shapviz,90_history/clinical/00e3638ff6_RSFLC_baseline_0826.R,1125
R,ggplot2,90_history/clinical/00e3638ff6_RSFLC_baseline_0826.R,1130
R,ggplot2,90_history/clinical/00e3638ff6_RSFLC_baseline_0826.R,1131
R,ggplot2,90_history/clinical/00e3638ff6_RSFLC_baseline_0826.R,1132
R,ggplot2,90_history/clinical/00e3638ff6_RSFLC_baseline_0826.R,1134
R,shapviz,90_history/clinical/00e3638ff6_RSFLC_baseline_0826.R,1136
R,ggplot2,90_history/clinical/00e3638ff6_RSFLC_baseline_0826.R,1141
R,shapviz,90_history/clinical/00e3638ff6_RSFLC_baseline_0826.R,1142
R,ggplot2,90_history/clinical/00e3638ff6_RSFLC_baseline_0826.R,1147
R,ggplot2,90_history/clinical/00e3638ff6_RSFLC_baseline_0826.R,1149
R,shapviz,90_history/clinical/00e3638ff6_RSFLC_baseline_0826.R,1163
R,ggplot2,90_history/clinical/00e3638ff6_RSFLC_baseline_0826.R,1168
R,ggplot2,90_history/clinical/00e3638ff6_RSFLC_baseline_0826.R,1169
R,ggplot2,90_history/clinical/00e3638ff6_RSFLC_baseline_0826.R,1170
R,ggplot2,90_history/clinical/00e3638ff6_RSFLC_baseline_0826.R,1172
R,dplyr,90_history/clinical/00e3638ff6_RSFLC_baseline_0826.R,1185
R,dplyr,90_history/clinical/00e3638ff6_RSFLC_baseline_0826.R,1198
R,survival,90_history/clinical/00e3638ff6_RSFLC_baseline_0826.R,1200
R,ggplot2,90_history/clinical/00e3638ff6_RSFLC_baseline_0826.R,1216
R,ggplot2,90_history/clinical/00e3638ff6_RSFLC_baseline_0826.R,1218
R,ggplot2,90_history/clinical/00e3638ff6_RSFLC_baseline_0826.R,1220
R,ggplot2,90_history/clinical/00e3638ff6_RSFLC_baseline_0826.R,1221
R,ggplot2,90_history/clinical/00e3638ff6_RSFLC_baseline_0826.R,1222
R,ggplot2,90_history/clinical/00e3638ff6_RSFLC_baseline_0826.R,1226
R,ggplot2,90_history/clinical/00e3638ff6_RSFLC_baseline_0826.R,1227
R,ggplot2,90_history/clinical/00e3638ff6_RSFLC_baseline_0826.R,1228
R,ggplot2,90_history/clinical/00e3638ff6_RSFLC_baseline_0826.R,1229
R,ggplot2,90_history/clinical/00e3638ff6_RSFLC_baseline_0826.R,1234
R,ggplot2,90_history/clinical/00e3638ff6_RSFLC_baseline_0826.R,1235
R,ggplot2,90_history/clinical/00e3638ff6_RSFLC_baseline_0826.R,1236
R,ggplot2,90_history/clinical/00e3638ff6_RSFLC_baseline_0826.R,1240
R,rmda,90_history/clinical/00e3638ff6_RSFLC_baseline_0826.R,1255
R,rmda,90_history/clinical/00e3638ff6_RSFLC_baseline_0826.R,1267
R,survival,90_history/clinical/00e3638ff6_RSFLC_baseline_0826.R,1295
R,survminer,90_history/clinical/00e3638ff6_RSFLC_baseline_0826.R,1300
R,ggplot2,90_history/clinical/00e3638ff6_RSFLC_baseline_0826.R,1313
R,flextable,90_history/clinical/00e3638ff6_RSFLC_baseline_0826.R,1327
R,flextable,90_history/clinical/00e3638ff6_RSFLC_baseline_0826.R,1328
R,flextable,90_history/clinical/00e3638ff6_RSFLC_baseline_0826.R,1329
R,flextable,90_history/clinical/00e3638ff6_RSFLC_baseline_0826.R,1332
R,flextable,90_history/clinical/00e3638ff6_RSFLC_baseline_0826.R,1333
R,flextable,90_history/clinical/00e3638ff6_RSFLC_baseline_0826.R,1334
R,flextable,90_history/clinical/00e3638ff6_RSFLC_baseline_0826.R,1340
R,flextable,90_history/clinical/00e3638ff6_RSFLC_baseline_0826.R,1341
R,flextable,90_history/clinical/00e3638ff6_RSFLC_baseline_0826.R,1346
R,flextable,90_history/clinical/00e3638ff6_RSFLC_baseline_0826.R,1347
R,flextable,90_history/clinical/00e3638ff6_RSFLC_baseline_0826.R,1351
R,officer,90_history/clinical/00e3638ff6_RSFLC_baseline_0826.R,1363
R,officer,90_history/clinical/00e3638ff6_RSFLC_baseline_0826.R,1364
R,officer,90_history/clinical/00e3638ff6_RSFLC_baseline_0826.R,1369
R,officer,90_history/clinical/00e3638ff6_RSFLC_baseline_0826.R,1380
R,flextable,90_history/clinical/00e3638ff6_RSFLC_baseline_0826.R,1381
R,officer,90_history/clinical/00e3638ff6_RSFLC_baseline_0826.R,1383
R,flextable,90_history/clinical/00e3638ff6_RSFLC_baseline_0826.R,1384
R,officer,90_history/clinical/00e3638ff6_RSFLC_baseline_0826.R,1385
R,officer,90_history/clinical/00e3638ff6_RSFLC_baseline_0826.R,1395
R,flextable,90_history/clinical/00e3638ff6_RSFLC_baseline_0826.R,1397
R,officer,90_history/clinical/00e3638ff6_RSFLC_baseline_0826.R,1399
R,officer,90_history/clinical/00e3638ff6_RSFLC_baseline_0826.R,1408
R,officer,90_history/clinical/00e3638ff6_RSFLC_baseline_0826.R,1409
R,officer,90_history/clinical/00e3638ff6_RSFLC_baseline_0826.R,1410
R,officer,90_history/clinical/00e3638ff6_RSFLC_baseline_0826.R,1422
R,officer,90_history/clinical/00e3638ff6_RSFLC_baseline_0826.R,1427
R,officer,90_history/clinical/00e3638ff6_RSFLC_baseline_0826.R,1428
R,flextable,90_history/clinical/00e3638ff6_RSFLC_baseline_0826.R,1430
R,officer,90_history/clinical/00e3638ff6_RSFLC_baseline_0826.R,1436
R,officer,90_history/clinical/00e3638ff6_RSFLC_baseline_0826.R,1437
R,flextable,90_history/clinical/00e3638ff6_RSFLC_baseline_0826.R,1438
R,officer,90_history/clinical/00e3638ff6_RSFLC_baseline_0826.R,1439
R,officer,90_history/clinical/00e3638ff6_RSFLC_baseline_0826.R,1448
R,officer,90_history/clinical/00e3638ff6_RSFLC_baseline_0826.R,1449
R,officer,90_history/clinical/00e3638ff6_RSFLC_baseline_0826.R,1450
R,officer,90_history/clinical/00e3638ff6_RSFLC_baseline_0826.R,1459
R,officer,90_history/clinical/00e3638ff6_RSFLC_baseline_0826.R,1460
R,officer,90_history/clinical/00e3638ff6_RSFLC_baseline_0826.R,1461
R,dplyr,90_history/clinical/2f3183e2a3_RSF_baseline_0826.R,1
R,survival,90_history/clinical/2f3183e2a3_RSF_baseline_0826.R,2
R,randomForestSRC,90_history/clinical/2f3183e2a3_RSF_baseline_0826.R,3
R,riskRegression,90_history/clinical/2f3183e2a3_RSF_baseline_0826.R,4
R,prodlim,90_history/clinical/2f3183e2a3_RSF_baseline_0826.R,5
R,ggplot2,90_history/clinical/2f3183e2a3_RSF_baseline_0826.R,6
R,fastshap,90_history/clinical/2f3183e2a3_RSF_baseline_0826.R,7
R,shapviz,90_history/clinical/2f3183e2a3_RSF_baseline_0826.R,8
R,rmda,90_history/clinical/2f3183e2a3_RSF_baseline_0826.R,9
R,survminer,90_history/clinical/2f3183e2a3_RSF_baseline_0826.R,10
R,patchwork,90_history/clinical/2f3183e2a3_RSF_baseline_0826.R,11
R,parallel,90_history/clinical/2f3183e2a3_RSF_baseline_0826.R,13
R,randomForestSRC,90_history/clinical/2f3183e2a3_RSF_baseline_0826.R,75
R,survival,90_history/clinical/2f3183e2a3_RSF_baseline_0826.R,106
R,survival,90_history/clinical/2f3183e2a3_RSF_baseline_0826.R,127
R,riskRegression,90_history/clinical/2f3183e2a3_RSF_baseline_0826.R,136
R,riskRegression,90_history/clinical/2f3183e2a3_RSF_baseline_0826.R,149
R,randomForestSRC,90_history/clinical/2f3183e2a3_RSF_baseline_0826.R,246
R,randomForestSRC,90_history/clinical/2f3183e2a3_RSF_baseline_0826.R,271
R,ggplot2,90_history/clinical/2f3183e2a3_RSF_baseline_0826.R,284
R,ggplot2,90_history/clinical/2f3183e2a3_RSF_baseline_0826.R,286
R,ggplot2,90_history/clinical/2f3183e2a3_RSF_baseline_0826.R,288
R,ggplot2,90_history/clinical/2f3183e2a3_RSF_baseline_0826.R,289
R,ggplot2,90_history/clinical/2f3183e2a3_RSF_baseline_0826.R,290
R,ggplot2,90_history/clinical/2f3183e2a3_RSF_baseline_0826.R,295
R,ggplot2,90_history/clinical/2f3183e2a3_RSF_baseline_0826.R,296
R,ggplot2,90_history/clinical/2f3183e2a3_RSF_baseline_0826.R,297
R,ggplot2,90_history/clinical/2f3183e2a3_RSF_baseline_0826.R,301
R,fastshap,90_history/clinical/2f3183e2a3_RSF_baseline_0826.R,359
R,shapviz,90_history/clinical/2f3183e2a3_RSF_baseline_0826.R,368
R,shapviz,90_history/clinical/2f3183e2a3_RSF_baseline_0826.R,370
R,ggplot2,90_history/clinical/2f3183e2a3_RSF_baseline_0826.R,375
R,ggplot2,90_history/clinical/2f3183e2a3_RSF_baseline_0826.R,376
R,ggplot2,90_history/clinical/2f3183e2a3_RSF_baseline_0826.R,377
R,ggplot2,90_history/clinical/2f3183e2a3_RSF_baseline_0826.R,381
R,shapviz,90_history/clinical/2f3183e2a3_RSF_baseline_0826.R,389
R,ggplot2,90_history/clinical/2f3183e2a3_RSF_baseline_0826.R,394
R,shapviz,90_history/clinical/2f3183e2a3_RSF_baseline_0826.R,396
R,ggplot2,90_history/clinical/2f3183e2a3_RSF_baseline_0826.R,401
R,ggplot2,90_history/clinical/2f3183e2a3_RSF_baseline_0826.R,405
R,shapviz,90_history/clinical/2f3183e2a3_RSF_baseline_0826.R,414
R,ggplot2,90_history/clinical/2f3183e2a3_RSF_baseline_0826.R,419
R,ggplot2,90_history/clinical/2f3183e2a3_RSF_baseline_0826.R,420
R,ggplot2,90_history/clinical/2f3183e2a3_RSF_baseline_0826.R,421
R,ggplot2,90_history/clinical/2f3183e2a3_RSF_baseline_0826.R,425
R,dplyr,90_history/clinical/2f3183e2a3_RSF_baseline_0826.R,438
R,survival,90_history/clinical/2f3183e2a3_RSF_baseline_0826.R,452
R,ggplot2,90_history/clinical/2f3183e2a3_RSF_baseline_0826.R,471
R,ggplot2,90_history/clinical/2f3183e2a3_RSF_baseline_0826.R,473
R,ggplot2,90_history/clinical/2f3183e2a3_RSF_baseline_0826.R,475
R,ggplot2,90_history/clinical/2f3183e2a3_RSF_baseline_0826.R,478
R,ggplot2,90_history/clinical/2f3183e2a3_RSF_baseline_0826.R,479
R,ggplot2,90_history/clinical/2f3183e2a3_RSF_baseline_0826.R,483
R,ggplot2,90_history/clinical/2f3183e2a3_RSF_baseline_0826.R,484
R,ggplot2,90_history/clinical/2f3183e2a3_RSF_baseline_0826.R,485
R,ggplot2,90_history/clinical/2f3183e2a3_RSF_baseline_0826.R,486
R,ggplot2,90_history/clinical/2f3183e2a3_RSF_baseline_0826.R,491
R,ggplot2,90_history/clinical/2f3183e2a3_RSF_baseline_0826.R,492
R,ggplot2,90_history/clinical/2f3183e2a3_RSF_baseline_0826.R,493
R,ggplot2,90_history/clinical/2f3183e2a3_RSF_baseline_0826.R,497
R,rmda,90_history/clinical/2f3183e2a3_RSF_baseline_0826.R,510
R,rmda,90_history/clinical/2f3183e2a3_RSF_baseline_0826.R,522
R,survival,90_history/clinical/2f3183e2a3_RSF_baseline_0826.R,547
R,survminer,90_history/clinical/2f3183e2a3_RSF_baseline_0826.R,552
R,ggplot2,90_history/clinical/2f3183e2a3_RSF_baseline_0826.R,565
R,dplyr,90_history/clinical/9effca22a9_RSF_5fold.R,1
R,survival,90_history/clinical/9effca22a9_RSF_5fold.R,2
R,randomForestSRC,90_history/clinical/9effca22a9_RSF_5fold.R,3
R,riskRegression,90_history/clinical/9effca22a9_RSF_5fold.R,4
R,prodlim,90_history/clinical/9effca22a9_RSF_5fold.R,5
R,parallel,90_history/clinical/9effca22a9_RSF_5fold.R,7
R,randomForestSRC,90_history/clinical/9effca22a9_RSF_5fold.R,96
R,survival,90_history/clinical/9effca22a9_RSF_5fold.R,121
R,riskRegression,90_history/clinical/9effca22a9_RSF_5fold.R,129
R,dplyr,90_history/clinical/a373a8cf4c_RSF_tune_grid_0824.R,7
R,survival,90_history/clinical/a373a8cf4c_RSF_tune_grid_0824.R,8
R,randomForestSRC,90_history/clinical/a373a8cf4c_RSF_tune_grid_0824.R,9
R,parallel,90_history/clinical/a373a8cf4c_RSF_tune_grid_0824.R,11
R,randomForestSRC,90_history/clinical/a373a8cf4c_RSF_tune_grid_0824.R,83
R,randomForestSRC,90_history/clinical/a373a8cf4c_RSF_tune_grid_0824.R,132
R,dplyr,90_history/clinical/f0a7351ae4_新COX.R,2
R,survival,90_history/clinical/f0a7351ae4_新COX.R,3
R,randomForestSRC,90_history/clinical/f0a7351ae4_新COX.R,4
R,riskRegression,90_history/clinical/f0a7351ae4_新COX.R,5
R,rstudioapi,90_history/clinical/f0a7351ae4_新COX.R,6
R,officer,90_history/clinical/f0a7351ae4_新COX.R,7
R,flextable,90_history/clinical/f0a7351ae4_新COX.R,8
R,parallel,90_history/clinical/f0a7351ae4_新COX.R,10
R,survival,90_history/clinical/f0a7351ae4_新COX.R,95
R,survival,90_history/clinical/f0a7351ae4_新COX.R,113
R,survival,90_history/clinical/f0a7351ae4_新COX.R,119
R,riskRegression,90_history/clinical/f0a7351ae4_新COX.R,127
R,survival,90_history/clinical/f0a7351ae4_新COX.R,129
R,riskRegression,90_history/clinical/f0a7351ae4_新COX.R,140
R,dplyr,90_history/clinical/dbc90b3a17_新RSF.R,2
R,survival,90_history/clinical/dbc90b3a17_新RSF.R,3
R,randomForestSRC,90_history/clinical/dbc90b3a17_新RSF.R,4
R,riskRegression,90_history/clinical/dbc90b3a17_新RSF.R,5
R,prodlim,90_history/clinical/dbc90b3a17_新RSF.R,6
R,ggplot2,90_history/clinical/dbc90b3a17_新RSF.R,7
R,fastshap,90_history/clinical/dbc90b3a17_新RSF.R,8
R,shapviz,90_history/clinical/dbc90b3a17_新RSF.R,9
R,rmda,90_history/clinical/dbc90b3a17_新RSF.R,10
R,survminer,90_history/clinical/dbc90b3a17_新RSF.R,11
R,patchwork,90_history/clinical/dbc90b3a17_新RSF.R,12
R,rstudioapi,90_history/clinical/dbc90b3a17_新RSF.R,13
R,officer,90_history/clinical/dbc90b3a17_新RSF.R,14
R,flextable,90_history/clinical/dbc90b3a17_新RSF.R,15
R,parallel,90_history/clinical/dbc90b3a17_新RSF.R,20
R,rstudioapi,90_history/clinical/dbc90b3a17_新RSF.R,25
R,rstudioapi,90_history/clinical/dbc90b3a17_新RSF.R,27
R,writexl,90_history/clinical/dbc90b3a17_新RSF.R,111
R,randomForestSRC,90_history/clinical/dbc90b3a17_新RSF.R,142
R,randomForestSRC,90_history/clinical/dbc90b3a17_新RSF.R,171
R,survival,90_history/clinical/dbc90b3a17_新RSF.R,195
R,survival,90_history/clinical/dbc90b3a17_新RSF.R,220
R,riskRegression,90_history/clinical/dbc90b3a17_新RSF.R,261
R,riskRegression,90_history/clinical/dbc90b3a17_新RSF.R,274
R,randomForestSRC,90_history/clinical/dbc90b3a17_新RSF.R,342
R,ggplot2,90_history/clinical/dbc90b3a17_新RSF.R,357
R,ggplot2,90_history/clinical/dbc90b3a17_新RSF.R,359
R,ggplot2,90_history/clinical/dbc90b3a17_新RSF.R,361
R,ggplot2,90_history/clinical/dbc90b3a17_新RSF.R,362
R,ggplot2,90_history/clinical/dbc90b3a17_新RSF.R,363
R,ggplot2,90_history/clinical/dbc90b3a17_新RSF.R,368
R,ggplot2,90_history/clinical/dbc90b3a17_新RSF.R,369
R,ggplot2,90_history/clinical/dbc90b3a17_新RSF.R,370
R,ggplot2,90_history/clinical/dbc90b3a17_新RSF.R,374
R,fastshap,90_history/clinical/dbc90b3a17_新RSF.R,416
R,shapviz,90_history/clinical/dbc90b3a17_新RSF.R,425
R,shapviz,90_history/clinical/dbc90b3a17_新RSF.R,427
R,ggplot2,90_history/clinical/dbc90b3a17_新RSF.R,432
R,ggplot2,90_history/clinical/dbc90b3a17_新RSF.R,433
R,ggplot2,90_history/clinical/dbc90b3a17_新RSF.R,434
R,ggplot2,90_history/clinical/dbc90b3a17_新RSF.R,438
R,shapviz,90_history/clinical/dbc90b3a17_新RSF.R,446
R,ggplot2,90_history/clinical/dbc90b3a17_新RSF.R,451
R,shapviz,90_history/clinical/dbc90b3a17_新RSF.R,453
R,ggplot2,90_history/clinical/dbc90b3a17_新RSF.R,458
R,ggplot2,90_history/clinical/dbc90b3a17_新RSF.R,462
R,shapviz,90_history/clinical/dbc90b3a17_新RSF.R,471
R,ggplot2,90_history/clinical/dbc90b3a17_新RSF.R,476
R,ggplot2,90_history/clinical/dbc90b3a17_新RSF.R,477
R,ggplot2,90_history/clinical/dbc90b3a17_新RSF.R,478
R,ggplot2,90_history/clinical/dbc90b3a17_新RSF.R,482
R,dplyr,90_history/clinical/dbc90b3a17_新RSF.R,514
R,survival,90_history/clinical/dbc90b3a17_新RSF.R,528
R,ggplot2,90_history/clinical/dbc90b3a17_新RSF.R,547
R,ggplot2,90_history/clinical/dbc90b3a17_新RSF.R,549
R,ggplot2,90_history/clinical/dbc90b3a17_新RSF.R,551
R,ggplot2,90_history/clinical/dbc90b3a17_新RSF.R,554
R,ggplot2,90_history/clinical/dbc90b3a17_新RSF.R,555
R,ggplot2,90_history/clinical/dbc90b3a17_新RSF.R,559
R,ggplot2,90_history/clinical/dbc90b3a17_新RSF.R,560
R,ggplot2,90_history/clinical/dbc90b3a17_新RSF.R,561
R,ggplot2,90_history/clinical/dbc90b3a17_新RSF.R,562
R,ggplot2,90_history/clinical/dbc90b3a17_新RSF.R,567
R,ggplot2,90_history/clinical/dbc90b3a17_新RSF.R,568
R,ggplot2,90_history/clinical/dbc90b3a17_新RSF.R,569
R,ggplot2,90_history/clinical/dbc90b3a17_新RSF.R,573
R,rmda,90_history/clinical/dbc90b3a17_新RSF.R,587
R,rmda,90_history/clinical/dbc90b3a17_新RSF.R,599
R,survival,90_history/clinical/dbc90b3a17_新RSF.R,626
R,survminer,90_history/clinical/dbc90b3a17_新RSF.R,631
R,ggplot2,90_history/clinical/dbc90b3a17_新RSF.R,644
R,flextable,90_history/clinical/dbc90b3a17_新RSF.R,655
R,flextable,90_history/clinical/dbc90b3a17_新RSF.R,656
R,flextable,90_history/clinical/dbc90b3a17_新RSF.R,657
R,flextable,90_history/clinical/dbc90b3a17_新RSF.R,658
R,flextable,90_history/clinical/dbc90b3a17_新RSF.R,659
R,flextable,90_history/clinical/dbc90b3a17_新RSF.R,660
R,flextable,90_history/clinical/dbc90b3a17_新RSF.R,661
R,flextable,90_history/clinical/dbc90b3a17_新RSF.R,663
R,flextable,90_history/clinical/dbc90b3a17_新RSF.R,664
R,flextable,90_history/clinical/dbc90b3a17_新RSF.R,665
R,flextable,90_history/clinical/dbc90b3a17_新RSF.R,666
R,flextable,90_history/clinical/dbc90b3a17_新RSF.R,667
R,flextable,90_history/clinical/dbc90b3a17_新RSF.R,668
R,flextable,90_history/clinical/dbc90b3a17_新RSF.R,669
R,flextable,90_history/clinical/dbc90b3a17_新RSF.R,670
R,flextable,90_history/clinical/dbc90b3a17_新RSF.R,672
R,flextable,90_history/clinical/dbc90b3a17_新RSF.R,673
R,flextable,90_history/clinical/dbc90b3a17_新RSF.R,674
R,flextable,90_history/clinical/dbc90b3a17_新RSF.R,675
R,flextable,90_history/clinical/dbc90b3a17_新RSF.R,676
R,flextable,90_history/clinical/dbc90b3a17_新RSF.R,677
R,flextable,90_history/clinical/dbc90b3a17_新RSF.R,678
R,flextable,90_history/clinical/dbc90b3a17_新RSF.R,679
R,flextable,90_history/clinical/dbc90b3a17_新RSF.R,681
R,flextable,90_history/clinical/dbc90b3a17_新RSF.R,682
R,flextable,90_history/clinical/dbc90b3a17_新RSF.R,683
R,flextable,90_history/clinical/dbc90b3a17_新RSF.R,684
R,flextable,90_history/clinical/dbc90b3a17_新RSF.R,685
R,flextable,90_history/clinical/dbc90b3a17_新RSF.R,686
R,flextable,90_history/clinical/dbc90b3a17_新RSF.R,687
R,flextable,90_history/clinical/dbc90b3a17_新RSF.R,688
R,flextable,90_history/clinical/dbc90b3a17_新RSF.R,690
R,flextable,90_history/clinical/dbc90b3a17_新RSF.R,691
R,flextable,90_history/clinical/dbc90b3a17_新RSF.R,692
R,flextable,90_history/clinical/dbc90b3a17_新RSF.R,693
R,flextable,90_history/clinical/dbc90b3a17_新RSF.R,694
R,flextable,90_history/clinical/dbc90b3a17_新RSF.R,695
R,flextable,90_history/clinical/dbc90b3a17_新RSF.R,699
R,flextable,90_history/clinical/dbc90b3a17_新RSF.R,700
R,officer,90_history/clinical/dbc90b3a17_新RSF.R,704
R,officer,90_history/clinical/dbc90b3a17_新RSF.R,705
R,officer,90_history/clinical/dbc90b3a17_新RSF.R,710
R,officer,90_history/clinical/dbc90b3a17_新RSF.R,719
R,flextable,90_history/clinical/dbc90b3a17_新RSF.R,720
R,officer,90_history/clinical/dbc90b3a17_新RSF.R,722
R,flextable,90_history/clinical/dbc90b3a17_新RSF.R,723
R,officer,90_history/clinical/dbc90b3a17_新RSF.R,724
R,officer,90_history/clinical/dbc90b3a17_新RSF.R,734
R,flextable,90_history/clinical/dbc90b3a17_新RSF.R,735
R,officer,90_history/clinical/dbc90b3a17_新RSF.R,736
R,officer,90_history/clinical/dbc90b3a17_新RSF.R,737
R,officer,90_history/clinical/dbc90b3a17_新RSF.R,744
R,officer,90_history/clinical/dbc90b3a17_新RSF.R,745
R,officer,90_history/clinical/dbc90b3a17_新RSF.R,746
R,officer,90_history/clinical/dbc90b3a17_新RSF.R,751
R,officer,90_history/clinical/dbc90b3a17_新RSF.R,752
R,officer,90_history/clinical/dbc90b3a17_新RSF.R,759
R,officer,90_history/clinical/dbc90b3a17_新RSF.R,760
R,officer,90_history/clinical/dbc90b3a17_新RSF.R,761
R,officer,90_history/clinical/dbc90b3a17_新RSF.R,768
R,officer,90_history/clinical/dbc90b3a17_新RSF.R,769
R,flextable,90_history/clinical/dbc90b3a17_新RSF.R,770
R,officer,90_history/clinical/dbc90b3a17_新RSF.R,771
R,officer,90_history/clinical/dbc90b3a17_新RSF.R,772
R,officer,90_history/clinical/dbc90b3a17_新RSF.R,779
R,officer,90_history/clinical/dbc90b3a17_新RSF.R,780
R,flextable,90_history/clinical/dbc90b3a17_新RSF.R,781
R,officer,90_history/clinical/dbc90b3a17_新RSF.R,782
R,officer,90_history/clinical/dbc90b3a17_新RSF.R,783
R,officer,90_history/clinical/dbc90b3a17_新RSF.R,790
R,officer,90_history/clinical/dbc90b3a17_新RSF.R,791
R,officer,90_history/clinical/dbc90b3a17_新RSF.R,792
R,officer,90_history/clinical/dbc90b3a17_新RSF.R,797
R,officer,90_history/clinical/dbc90b3a17_新RSF.R,798
R,officer,90_history/clinical/dbc90b3a17_新RSF.R,805
R,officer,90_history/clinical/dbc90b3a17_新RSF.R,806
R,officer,90_history/clinical/dbc90b3a17_新RSF.R,807
R,officer,90_history/clinical/dbc90b3a17_新RSF.R,812
R,officer,90_history/clinical/dbc90b3a17_新RSF.R,813
R,dplyr,90_history/clinical/e160aea228_0826_RSFLC结果输出.R,8
R,survival,90_history/clinical/e160aea228_0826_RSFLC结果输出.R,9
R,DynForest,90_history/clinical/e160aea228_0826_RSFLC结果输出.R,10
R,ggplot2,90_history/clinical/e160aea228_0826_RSFLC结果输出.R,11
R,fastshap,90_history/clinical/e160aea228_0826_RSFLC结果输出.R,12
R,shapviz,90_history/clinical/e160aea228_0826_RSFLC结果输出.R,13
R,rmda,90_history/clinical/e160aea228_0826_RSFLC结果输出.R,14
R,survminer,90_history/clinical/e160aea228_0826_RSFLC结果输出.R,15
R,patchwork,90_history/clinical/e160aea228_0826_RSFLC结果输出.R,16
R,pROC,90_history/clinical/e160aea228_0826_RSFLC结果输出.R,17
R,prodlim,90_history/clinical/e160aea228_0826_RSFLC结果输出.R,18
R,riskRegression,90_history/clinical/e160aea228_0826_RSFLC结果输出.R,19
R,officer,90_history/clinical/e160aea228_0826_RSFLC结果输出.R,20
R,flextable,90_history/clinical/e160aea228_0826_RSFLC结果输出.R,21
R,stats,90_history/clinical/e160aea228_0826_RSFLC结果输出.R,60
R,stats,90_history/clinical/e160aea228_0826_RSFLC结果输出.R,62
R,DynForest,90_history/clinical/e160aea228_0826_RSFLC结果输出.R,105
R,stats,90_history/clinical/e160aea228_0826_RSFLC结果输出.R,223
R,pROC,90_history/clinical/e160aea228_0826_RSFLC结果输出.R,245
R,survival,90_history/clinical/e160aea228_0826_RSFLC结果输出.R,253
R,survival,90_history/clinical/e160aea228_0826_RSFLC结果输出.R,254
R,dplyr,90_history/clinical/e160aea228_0826_RSFLC结果输出.R,384
R,flextable,90_history/clinical/e160aea228_0826_RSFLC结果输出.R,390
R,flextable,90_history/clinical/e160aea228_0826_RSFLC结果输出.R,391
R,flextable,90_history/clinical/e160aea228_0826_RSFLC结果输出.R,392
R,flextable,90_history/clinical/e160aea228_0826_RSFLC结果输出.R,393
R,flextable,90_history/clinical/e160aea228_0826_RSFLC结果输出.R,394
R,flextable,90_history/clinical/e160aea228_0826_RSFLC结果输出.R,395
R,officer,90_history/clinical/e160aea228_0826_RSFLC结果输出.R,400
R,officer,90_history/clinical/e160aea228_0826_RSFLC结果输出.R,401
R,officer,90_history/clinical/e160aea228_0826_RSFLC结果输出.R,404
R,dplyr,90_history/clinical/e160aea228_0826_RSFLC结果输出.R,474
R,dplyr,90_history/clinical/e160aea228_0826_RSFLC结果输出.R,478
R,dplyr,90_history/clinical/e160aea228_0826_RSFLC结果输出.R,479
R,dplyr,90_history/clinical/e160aea228_0826_RSFLC结果输出.R,481
R,dplyr,90_history/clinical/e160aea228_0826_RSFLC结果输出.R,482
R,dplyr,90_history/clinical/e160aea228_0826_RSFLC结果输出.R,488
R,dplyr,90_history/clinical/e160aea228_0826_RSFLC结果输出.R,491
R,dplyr,90_history/clinical/e160aea228_0826_RSFLC结果输出.R,496
R,dplyr,90_history/clinical/e160aea228_0826_RSFLC结果输出.R,513
R,dplyr,90_history/clinical/e160aea228_0826_RSFLC结果输出.R,514
R,dplyr,90_history/clinical/e160aea228_0826_RSFLC结果输出.R,519
R,dplyr,90_history/clinical/e160aea228_0826_RSFLC结果输出.R,528
R,DynForest,90_history/clinical/e160aea228_0826_RSFLC结果输出.R,640
R,riskRegression,90_history/clinical/e160aea228_0826_RSFLC结果输出.R,672
R,riskRegression,90_history/clinical/e160aea228_0826_RSFLC结果输出.R,683
R,ggplot2,90_history/clinical/e160aea228_0826_RSFLC结果输出.R,773
R,ggplot2,90_history/clinical/e160aea228_0826_RSFLC结果输出.R,775
R,ggplot2,90_history/clinical/e160aea228_0826_RSFLC结果输出.R,777
R,ggplot2,90_history/clinical/e160aea228_0826_RSFLC结果输出.R,778
R,ggplot2,90_history/clinical/e160aea228_0826_RSFLC结果输出.R,779
R,ggplot2,90_history/clinical/e160aea228_0826_RSFLC结果输出.R,784
R,ggplot2,90_history/clinical/e160aea228_0826_RSFLC结果输出.R,785
R,ggplot2,90_history/clinical/e160aea228_0826_RSFLC结果输出.R,786
R,ggplot2,90_history/clinical/e160aea228_0826_RSFLC结果输出.R,788
R,fastshap,90_history/clinical/e160aea228_0826_RSFLC结果输出.R,890
R,shapviz,90_history/clinical/e160aea228_0826_RSFLC结果输出.R,913
R,shapviz,90_history/clinical/e160aea228_0826_RSFLC结果输出.R,932
R,ggplot2,90_history/clinical/e160aea228_0826_RSFLC结果输出.R,937
R,ggplot2,90_history/clinical/e160aea228_0826_RSFLC结果输出.R,938
R,ggplot2,90_history/clinical/e160aea228_0826_RSFLC结果输出.R,939
R,ggplot2,90_history/clinical/e160aea228_0826_RSFLC结果输出.R,941
R,shapviz,90_history/clinical/e160aea228_0826_RSFLC结果输出.R,943
R,ggplot2,90_history/clinical/e160aea228_0826_RSFLC结果输出.R,948
R,shapviz,90_history/clinical/e160aea228_0826_RSFLC结果输出.R,949
R,ggplot2,90_history/clinical/e160aea228_0826_RSFLC结果输出.R,954
R,ggplot2,90_history/clinical/e160aea228_0826_RSFLC结果输出.R,956
R,shapviz,90_history/clinical/e160aea228_0826_RSFLC结果输出.R,971
R,ggplot2,90_history/clinical/e160aea228_0826_RSFLC结果输出.R,976
R,ggplot2,90_history/clinical/e160aea228_0826_RSFLC结果输出.R,977
R,ggplot2,90_history/clinical/e160aea228_0826_RSFLC结果输出.R,978
R,ggplot2,90_history/clinical/e160aea228_0826_RSFLC结果输出.R,980
R,dplyr,90_history/clinical/e160aea228_0826_RSFLC结果输出.R,993
R,dplyr,90_history/clinical/e160aea228_0826_RSFLC结果输出.R,1006
R,survival,90_history/clinical/e160aea228_0826_RSFLC结果输出.R,1008
R,ggplot2,90_history/clinical/e160aea228_0826_RSFLC结果输出.R,1024
R,ggplot2,90_history/clinical/e160aea228_0826_RSFLC结果输出.R,1026
R,ggplot2,90_history/clinical/e160aea228_0826_RSFLC结果输出.R,1028
R,ggplot2,90_history/clinical/e160aea228_0826_RSFLC结果输出.R,1029
R,ggplot2,90_history/clinical/e160aea228_0826_RSFLC结果输出.R,1030
R,ggplot2,90_history/clinical/e160aea228_0826_RSFLC结果输出.R,1034
R,ggplot2,90_history/clinical/e160aea228_0826_RSFLC结果输出.R,1035
R,ggplot2,90_history/clinical/e160aea228_0826_RSFLC结果输出.R,1036
R,ggplot2,90_history/clinical/e160aea228_0826_RSFLC结果输出.R,1037
R,ggplot2,90_history/clinical/e160aea228_0826_RSFLC结果输出.R,1042
R,ggplot2,90_history/clinical/e160aea228_0826_RSFLC结果输出.R,1043
R,ggplot2,90_history/clinical/e160aea228_0826_RSFLC结果输出.R,1044
R,ggplot2,90_history/clinical/e160aea228_0826_RSFLC结果输出.R,1048
R,rmda,90_history/clinical/e160aea228_0826_RSFLC结果输出.R,1063
R,rmda,90_history/clinical/e160aea228_0826_RSFLC结果输出.R,1075
R,survival,90_history/clinical/e160aea228_0826_RSFLC结果输出.R,1103
R,survminer,90_history/clinical/e160aea228_0826_RSFLC结果输出.R,1108
R,ggplot2,90_history/clinical/e160aea228_0826_RSFLC结果输出.R,1121
R,flextable,90_history/clinical/e160aea228_0826_RSFLC结果输出.R,1135
R,flextable,90_history/clinical/e160aea228_0826_RSFLC结果输出.R,1136
R,flextable,90_history/clinical/e160aea228_0826_RSFLC结果输出.R,1137
R,flextable,90_history/clinical/e160aea228_0826_RSFLC结果输出.R,1140
R,flextable,90_history/clinical/e160aea228_0826_RSFLC结果输出.R,1141
R,flextable,90_history/clinical/e160aea228_0826_RSFLC结果输出.R,1142
R,flextable,90_history/clinical/e160aea228_0826_RSFLC结果输出.R,1148
R,flextable,90_history/clinical/e160aea228_0826_RSFLC结果输出.R,1149
R,flextable,90_history/clinical/e160aea228_0826_RSFLC结果输出.R,1154
R,flextable,90_history/clinical/e160aea228_0826_RSFLC结果输出.R,1155
R,flextable,90_history/clinical/e160aea228_0826_RSFLC结果输出.R,1159
R,officer,90_history/clinical/e160aea228_0826_RSFLC结果输出.R,1171
R,officer,90_history/clinical/e160aea228_0826_RSFLC结果输出.R,1172
R,officer,90_history/clinical/e160aea228_0826_RSFLC结果输出.R,1177
R,officer,90_history/clinical/e160aea228_0826_RSFLC结果输出.R,1191
R,flextable,90_history/clinical/e160aea228_0826_RSFLC结果输出.R,1192
R,officer,90_history/clinical/e160aea228_0826_RSFLC结果输出.R,1194
R,flextable,90_history/clinical/e160aea228_0826_RSFLC结果输出.R,1195
R,officer,90_history/clinical/e160aea228_0826_RSFLC结果输出.R,1196
R,officer,90_history/clinical/e160aea228_0826_RSFLC结果输出.R,1206
R,flextable,90_history/clinical/e160aea228_0826_RSFLC结果输出.R,1208
R,officer,90_history/clinical/e160aea228_0826_RSFLC结果输出.R,1210
R,officer,90_history/clinical/e160aea228_0826_RSFLC结果输出.R,1219
R,officer,90_history/clinical/e160aea228_0826_RSFLC结果输出.R,1220
R,officer,90_history/clinical/e160aea228_0826_RSFLC结果输出.R,1221
R,officer,90_history/clinical/e160aea228_0826_RSFLC结果输出.R,1233
R,officer,90_history/clinical/e160aea228_0826_RSFLC结果输出.R,1238
R,officer,90_history/clinical/e160aea228_0826_RSFLC结果输出.R,1239
R,flextable,90_history/clinical/e160aea228_0826_RSFLC结果输出.R,1241
R,officer,90_history/clinical/e160aea228_0826_RSFLC结果输出.R,1247
R,officer,90_history/clinical/e160aea228_0826_RSFLC结果输出.R,1248
R,flextable,90_history/clinical/e160aea228_0826_RSFLC结果输出.R,1249
R,officer,90_history/clinical/e160aea228_0826_RSFLC结果输出.R,1250
R,officer,90_history/clinical/e160aea228_0826_RSFLC结果输出.R,1259
R,officer,90_history/clinical/e160aea228_0826_RSFLC结果输出.R,1260
R,officer,90_history/clinical/e160aea228_0826_RSFLC结果输出.R,1261
R,officer,90_history/clinical/e160aea228_0826_RSFLC结果输出.R,1270
R,officer,90_history/clinical/e160aea228_0826_RSFLC结果输出.R,1271
R,officer,90_history/clinical/e160aea228_0826_RSFLC结果输出.R,1272
R,JMbayes2,90_history/clinical/40586f99ed_0827_JM.R,4
R,riskRegression,90_history/clinical/40586f99ed_0827_JM.R,7
R,dplyr,90_history/clinical/40586f99ed_0827_JM.R,11
R,survival,90_history/clinical/40586f99ed_0827_JM.R,12
R,nlme,90_history/clinical/40586f99ed_0827_JM.R,13
R,JMbayes2,90_history/clinical/40586f99ed_0827_JM.R,14
R,prodlim,90_history/clinical/40586f99ed_0827_JM.R,15
R,riskRegression,90_history/clinical/40586f99ed_0827_JM.R,16
R,officer,90_history/clinical/40586f99ed_0827_JM.R,17
R,flextable,90_history/clinical/40586f99ed_0827_JM.R,18
R,coda,90_history/clinical/40586f99ed_0827_JM.R,19
R,dplyr,90_history/clinical/40586f99ed_0827_JM.R,90
R,dplyr,90_history/clinical/40586f99ed_0827_JM.R,91
R,riskRegression,90_history/clinical/40586f99ed_0827_JM.R,145
R,dplyr,90_history/clinical/40586f99ed_0827_JM.R,194
R,dplyr,90_history/clinical/40586f99ed_0827_JM.R,209
R,dplyr,90_history/clinical/40586f99ed_0827_JM.R,214
R,dplyr,90_history/clinical/40586f99ed_0827_JM.R,215
R,dplyr,90_history/clinical/40586f99ed_0827_JM.R,216
R,dplyr,90_history/clinical/40586f99ed_0827_JM.R,219
R,dplyr,90_history/clinical/40586f99ed_0827_JM.R,220
R,dplyr,90_history/clinical/40586f99ed_0827_JM.R,221
R,dplyr,90_history/clinical/40586f99ed_0827_JM.R,223
R,dplyr,90_history/clinical/40586f99ed_0827_JM.R,225
R,dplyr,90_history/clinical/40586f99ed_0827_JM.R,226
R,dplyr,90_history/clinical/40586f99ed_0827_JM.R,229
R,dplyr,90_history/clinical/40586f99ed_0827_JM.R,230
R,dplyr,90_history/clinical/40586f99ed_0827_JM.R,233
R,dplyr,90_history/clinical/40586f99ed_0827_JM.R,235
R,dplyr,90_history/clinical/40586f99ed_0827_JM.R,236
R,dplyr,90_history/clinical/40586f99ed_0827_JM.R,237
R,dplyr,90_history/clinical/40586f99ed_0827_JM.R,238
R,dplyr,90_history/clinical/40586f99ed_0827_JM.R,239
R,dplyr,90_history/clinical/40586f99ed_0827_JM.R,240
R,dplyr,90_history/clinical/40586f99ed_0827_JM.R,241
R,dplyr,90_history/clinical/40586f99ed_0827_JM.R,242
R,dplyr,90_history/clinical/40586f99ed_0827_JM.R,243
R,stats,90_history/clinical/40586f99ed_0827_JM.R,246
R,nlme,90_history/clinical/40586f99ed_0827_JM.R,299
R,nlme,90_history/clinical/40586f99ed_0827_JM.R,303
R,nlme,90_history/clinical/40586f99ed_0827_JM.R,309
R,nlme,90_history/clinical/40586f99ed_0827_JM.R,315
R,stats,90_history/clinical/40586f99ed_0827_JM.R,341
R,survival,90_history/clinical/40586f99ed_0827_JM.R,353
R,JMbayes2,90_history/clinical/40586f99ed_0827_JM.R,363
R,survival,90_history/clinical/40586f99ed_0827_JM.R,398
R,survival,90_history/clinical/40586f99ed_0827_JM.R,405
R,JMbayes2,90_history/clinical/40586f99ed_0827_JM.R,472
R,stats,90_history/clinical/40586f99ed_0827_JM.R,487
R,flextable,90_history/clinical/40586f99ed_0827_JM.R,521
R,flextable,90_history/clinical/40586f99ed_0827_JM.R,522
R,flextable,90_history/clinical/40586f99ed_0827_JM.R,523
R,flextable,90_history/clinical/40586f99ed_0827_JM.R,524
R,flextable,90_history/clinical/40586f99ed_0827_JM.R,525
R,flextable,90_history/clinical/40586f99ed_0827_JM.R,526
R,flextable,90_history/clinical/40586f99ed_0827_JM.R,527
R,flextable,90_history/clinical/40586f99ed_0827_JM.R,528
R,flextable,90_history/clinical/40586f99ed_0827_JM.R,529
R,utils,90_history/clinical/40586f99ed_0827_JM.R,571
R,officer,90_history/clinical/40586f99ed_0827_JM.R,700
R,officer,90_history/clinical/40586f99ed_0827_JM.R,702
R,flextable,90_history/clinical/40586f99ed_0827_JM.R,707
R,flextable,90_history/clinical/40586f99ed_0827_JM.R,708
R,flextable,90_history/clinical/40586f99ed_0827_JM.R,709
R,flextable,90_history/clinical/40586f99ed_0827_JM.R,711
R,utils,90_history/clinical/40586f99ed_0827_JM.R,791
R,officer,90_history/clinical/40586f99ed_0827_JM.R,977
R,officer,90_history/clinical/40586f99ed_0827_JM.R,978
R,officer,90_history/clinical/40586f99ed_0827_JM.R,979
R,officer,90_history/clinical/40586f99ed_0827_JM.R,991
R,flextable,90_history/clinical/40586f99ed_0827_JM.R,993
R,flextable,90_history/clinical/40586f99ed_0827_JM.R,996
R,flextable,90_history/clinical/40586f99ed_0827_JM.R,997
R,flextable,90_history/clinical/40586f99ed_0827_JM.R,998
R,officer,90_history/clinical/40586f99ed_0827_JM.R,1001
R,officer,90_history/clinical/40586f99ed_0827_JM.R,1008
R,officer,90_history/clinical/40586f99ed_0827_JM.R,1011
R,officer,90_history/clinical/40586f99ed_0827_JM.R,1015
R,officer,90_history/clinical/40586f99ed_0827_JM.R,1016
R,dplyr,90_history/clinical/6604b612e3_RSFLC_20V.R,6
R,survival,90_history/clinical/6604b612e3_RSFLC_20V.R,7
R,DynForest,90_history/clinical/6604b612e3_RSFLC_20V.R,8
R,prodlim,90_history/clinical/6604b612e3_RSFLC_20V.R,9
R,riskRegression,90_history/clinical/6604b612e3_RSFLC_20V.R,10
R,stats,90_history/clinical/6604b612e3_RSFLC_20V.R,52
R,stats,90_history/clinical/6604b612e3_RSFLC_20V.R,54
R,DynForest,90_history/clinical/6604b612e3_RSFLC_20V.R,116
R,survival,90_history/clinical/6604b612e3_RSFLC_20V.R,165
R,survival,90_history/clinical/6604b612e3_RSFLC_20V.R,166
R,dplyr,90_history/clinical/6604b612e3_RSFLC_20V.R,295
R,dplyr,90_history/clinical/6604b612e3_RSFLC_20V.R,325
R,dplyr,90_history/clinical/6604b612e3_RSFLC_20V.R,326
R,dplyr,90_history/clinical/6604b612e3_RSFLC_20V.R,329
R,dplyr,90_history/clinical/6604b612e3_RSFLC_20V.R,331
R,dplyr,90_history/clinical/6604b612e3_RSFLC_20V.R,332
R,dplyr,90_history/clinical/6604b612e3_RSFLC_20V.R,333
R,dplyr,90_history/clinical/6604b612e3_RSFLC_20V.R,334
R,dplyr,90_history/clinical/6604b612e3_RSFLC_20V.R,340
R,dplyr,90_history/clinical/6604b612e3_RSFLC_20V.R,358
R,dplyr,90_history/clinical/6604b612e3_RSFLC_20V.R,363
R,dplyr,90_history/clinical/6604b612e3_RSFLC_20V.R,369
R,dplyr,90_history/clinical/6604b612e3_RSFLC_20V.R,380
R,riskRegression,90_history/clinical/6604b612e3_RSFLC_20V.R,546
R,riskRegression,90_history/clinical/6604b612e3_RSFLC_20V.R,564
Python,pandas,90_history/simulation/0e14e0b173__cmp_censor_time.py,2
Python,pathlib,90_history/simulation/0e14e0b173__cmp_censor_time.py,3
R,readxl,90_history/simulation/d2bc494652__debug_70_results.R,1
R,dplyr,90_history/simulation/d2bc494652__debug_70_results.R,2
R,readxl,90_history/simulation/c1dec075a4__debug_70_tv.R,1
R,dplyr,90_history/simulation/c1dec075a4__debug_70_tv.R,2
R,survival,90_history/simulation/c1dec075a4__debug_70_tv.R,3
R,nlme,90_history/simulation/c1dec075a4__debug_70_tv.R,4
R,JMbayes2,90_history/simulation/c1dec075a4__debug_70_tv.R,5
R,dplyr,90_history/simulation/6a1ee5e17c__grid_t0_Dt_4V.R,5
R,survival,90_history/simulation/6a1ee5e17c__grid_t0_Dt_4V.R,6
R,readxl,90_history/simulation/6a1ee5e17c__grid_t0_Dt_4V.R,7
R,nlme,90_history/simulation/6a1ee5e17c__grid_t0_Dt_4V.R,8
R,JMbayes2,90_history/simulation/6a1ee5e17c__grid_t0_Dt_4V.R,9
R,writexl,90_history/simulation/6a1ee5e17c__grid_t0_Dt_4V.R,10
R,dplyr,90_history/simulation/6fa7d56580__search_lme_form_4V.R,6
R,survival,90_history/simulation/6fa7d56580__search_lme_form_4V.R,7
R,readxl,90_history/simulation/6fa7d56580__search_lme_form_4V.R,8
R,nlme,90_history/simulation/6fa7d56580__search_lme_form_4V.R,9
R,JMbayes2,90_history/simulation/6fa7d56580__search_lme_form_4V.R,10
R,writexl,90_history/simulation/6fa7d56580__search_lme_form_4V.R,11
R,dplyr,90_history/simulation/e57659195f__search_var_subset_4V.R,6
R,survival,90_history/simulation/e57659195f__search_var_subset_4V.R,7
R,readxl,90_history/simulation/e57659195f__search_var_subset_4V.R,8
R,nlme,90_history/simulation/e57659195f__search_var_subset_4V.R,9
R,JMbayes2,90_history/simulation/e57659195f__search_var_subset_4V.R,10
R,writexl,90_history/simulation/e57659195f__search_var_subset_4V.R,11
R,dplyr,90_history/simulation/01d5b8154c__verify_70_fix.R,5
R,survival,90_history/simulation/01d5b8154c__verify_70_fix.R,6
R,readxl,90_history/simulation/01d5b8154c__verify_70_fix.R,7
R,nlme,90_history/simulation/01d5b8154c__verify_70_fix.R,8
R,JMbayes2,90_history/simulation/01d5b8154c__verify_70_fix.R,9
R,dplyr,90_history/simulation/7e19ced83b__verify_teacher_window.R,5
R,survival,90_history/simulation/7e19ced83b__verify_teacher_window.R,6
R,readxl,90_history/simulation/7e19ced83b__verify_teacher_window.R,7
R,nlme,90_history/simulation/7e19ced83b__verify_teacher_window.R,8
R,JMbayes2,90_history/simulation/7e19ced83b__verify_teacher_window.R,9
R,dplyr,90_history/simulation/36ede6b3ca__verify_tttt_4V.R,3
R,survival,90_history/simulation/36ede6b3ca__verify_tttt_4V.R,4
R,readxl,90_history/simulation/36ede6b3ca__verify_tttt_4V.R,5
R,nlme,90_history/simulation/36ede6b3ca__verify_tttt_4V.R,6
R,JMbayes2,90_history/simulation/36ede6b3ca__verify_tttt_4V.R,7
R,dplyr,90_history/clinical/1d30f5f43b_新COX.R,1
R,survival,90_history/clinical/1d30f5f43b_新COX.R,2
R,timeROC,90_history/clinical/1d30f5f43b_新COX.R,3
R,pROC,90_history/clinical/1d30f5f43b_新COX.R,4
R,dplyr,90_history/clinical/1d30f5f43b_新COX.R,39
R,dplyr,90_history/clinical/1d30f5f43b_新COX.R,76
R,dplyr,90_history/clinical/1d30f5f43b_新COX.R,77
R,dplyr,90_history/clinical/1d30f5f43b_新COX.R,92
R,dplyr,90_history/clinical/1d30f5f43b_新COX.R,99
R,stats,90_history/clinical/1d30f5f43b_新COX.R,151
R,stats,90_history/clinical/1d30f5f43b_新COX.R,155
R,stats,90_history/clinical/1d30f5f43b_新COX.R,162
R,survival,90_history/clinical/1d30f5f43b_新COX.R,177
R,pROC,90_history/clinical/1d30f5f43b_新COX.R,224
R,pROC,90_history/clinical/1d30f5f43b_新COX.R,231
R,survival,90_history/clinical/1d30f5f43b_新COX.R,234
R,survival,90_history/clinical/1d30f5f43b_新COX.R,235
R,survival,90_history/clinical/1d30f5f43b_新COX.R,285
R,dplyr,90_history/clinical/6ae2508323_新JM.R,1
R,survival,90_history/clinical/6ae2508323_新JM.R,2
R,timeROC,90_history/clinical/6ae2508323_新JM.R,3
R,joineRML,90_history/clinical/6ae2508323_新JM.R,4
R,pROC,90_history/clinical/6ae2508323_新JM.R,5
R,dplyr,90_history/clinical/6ae2508323_新JM.R,34
R,dplyr,90_history/clinical/6ae2508323_新JM.R,35
R,dplyr,90_history/clinical/6ae2508323_新JM.R,40
R,dplyr,90_history/clinical/6ae2508323_新JM.R,41
R,dplyr,90_history/clinical/6ae2508323_新JM.R,42
R,dplyr,90_history/clinical/6ae2508323_新JM.R,52
R,dplyr,90_history/clinical/6ae2508323_新JM.R,53
R,dplyr,90_history/clinical/6ae2508323_新JM.R,67
R,dplyr,90_history/clinical/6ae2508323_新JM.R,107
R,dplyr,90_history/clinical/6ae2508323_新JM.R,114
R,dplyr,90_history/clinical/6ae2508323_新JM.R,115
R,pROC,90_history/clinical/6ae2508323_新JM.R,231
R,pROC,90_history/clinical/6ae2508323_新JM.R,236
R,survival,90_history/clinical/6ae2508323_新JM.R,238
R,survival,90_history/clinical/6ae2508323_新JM.R,239
R,joineRML,90_history/clinical/6ae2508323_新JM.R,276
R,dplyr,90_history/clinical/b35b92b92a_新RSF.R,1
R,survival,90_history/clinical/b35b92b92a_新RSF.R,2
R,randomForestSRC,90_history/clinical/b35b92b92a_新RSF.R,3
R,timeROC,90_history/clinical/b35b92b92a_新RSF.R,4
R,parallel,90_history/clinical/b35b92b92a_新RSF.R,5
R,parallel,90_history/clinical/b35b92b92a_新RSF.R,7
R,dplyr,90_history/clinical/b35b92b92a_新RSF.R,36
R,dplyr,90_history/clinical/b35b92b92a_新RSF.R,65
R,dplyr,90_history/clinical/b35b92b92a_新RSF.R,66
R,dplyr,90_history/clinical/b35b92b92a_新RSF.R,72
R,dplyr,90_history/clinical/b35b92b92a_新RSF.R,81
R,dplyr,90_history/clinical/b35b92b92a_新RSF.R,88
R,dplyr,90_history/clinical/b35b92b92a_新RSF.R,91
R,dplyr,90_history/clinical/b35b92b92a_新RSF.R,97
R,pROC,90_history/clinical/b35b92b92a_新RSF.R,195
R,pROC,90_history/clinical/b35b92b92a_新RSF.R,202
R,survival,90_history/clinical/b35b92b92a_新RSF.R,205
R,survival,90_history/clinical/b35b92b92a_新RSF.R,206
R,randomForestSRC,90_history/clinical/b35b92b92a_新RSF.R,263
R,dplyr,90_history/clinical/07236792a5_新RSF_LC.R,1
R,tidyr,90_history/clinical/07236792a5_新RSF_LC.R,2
R,purrr,90_history/clinical/07236792a5_新RSF_LC.R,3
R,DynForest,90_history/clinical/07236792a5_新RSF_LC.R,4
R,missForest,90_history/clinical/07236792a5_新RSF_LC.R,5
R,pROC,90_history/clinical/07236792a5_新RSF_LC.R,6
R,survival,90_history/clinical/07236792a5_新RSF_LC.R,7
R,dplyr,90_history/clinical/07236792a5_新RSF_LC.R,19
R,dplyr,90_history/clinical/07236792a5_新RSF_LC.R,20
R,dplyr,90_history/clinical/07236792a5_新RSF_LC.R,25
R,dplyr,90_history/clinical/07236792a5_新RSF_LC.R,26
R,dplyr,90_history/clinical/07236792a5_新RSF_LC.R,27
R,dplyr,90_history/clinical/07236792a5_新RSF_LC.R,33
R,dplyr,90_history/clinical/07236792a5_新RSF_LC.R,34
R,dplyr,90_history/clinical/07236792a5_新RSF_LC.R,45
R,dplyr,90_history/clinical/07236792a5_新RSF_LC.R,51
R,dplyr,90_history/clinical/07236792a5_新RSF_LC.R,52
R,dplyr,90_history/clinical/07236792a5_新RSF_LC.R,56
R,dplyr,90_history/clinical/07236792a5_新RSF_LC.R,94
R,dplyr,90_history/clinical/07236792a5_新RSF_LC.R,95
R,dplyr,90_history/clinical/07236792a5_新RSF_LC.R,99
R,pROC,90_history/clinical/07236792a5_新RSF_LC.R,158
R,pROC,90_history/clinical/07236792a5_新RSF_LC.R,165
R,survival,90_history/clinical/07236792a5_新RSF_LC.R,186
R,survival,90_history/clinical/07236792a5_新RSF_LC.R,187
R,DynForest,90_history/clinical/07236792a5_新RSF_LC.R,223
R,survival,90_history/clinical/1020a19ba7_JMbayes2.R,1
R,nlme,90_history/clinical/1020a19ba7_JMbayes2.R,2
R,JMbayes2,90_history/clinical/1020a19ba7_JMbayes2.R,3
R,dplyr,90_history/clinical/1020a19ba7_JMbayes2.R,4
R,timeROC,90_history/clinical/1020a19ba7_JMbayes2.R,5
R,nlme,90_history/clinical/1020a19ba7_JMbayes2.R,37
R,nlme,90_history/clinical/1020a19ba7_JMbayes2.R,38
R,nlme,90_history/clinical/1020a19ba7_JMbayes2.R,39
R,nlme,90_history/clinical/1020a19ba7_JMbayes2.R,40
R,nlme,90_history/clinical/1020a19ba7_JMbayes2.R,41
R,nlme,90_history/clinical/1020a19ba7_JMbayes2.R,42
R,survival,90_history/clinical/1020a19ba7_JMbayes2.R,48
R,JMbayes2,90_history/clinical/1020a19ba7_JMbayes2.R,57
R,dplyr,90_history/clinical/1020a19ba7_JMbayes2.R,80
R,dplyr,90_history/clinical/1020a19ba7_JMbayes2.R,81
R,survival,90_history/clinical/1020a19ba7_JMbayes2.R,86
R,JMbayes2,90_history/clinical/1020a19ba7_JMbayes2.R,94
R,JMbayes2,90_history/clinical/1020a19ba7_JMbayes2.R,97
R,JMbayes2,90_history/clinical/1020a19ba7_JMbayes2.R,109
R,readxl,90_history/clinical/1020a19ba7_JMbayes2.R,141
R,purrr,90_history/clinical/1020a19ba7_JMbayes2.R,142
R,survival,90_history/clinical/7b5f3373c2_JM尝试.R,1
R,nlme,90_history/clinical/7b5f3373c2_JM尝试.R,2
R,JMbayes2,90_history/clinical/7b5f3373c2_JM尝试.R,3
R,dplyr,90_history/clinical/7b5f3373c2_JM尝试.R,4
R,timeROC,90_history/clinical/7b5f3373c2_JM尝试.R,5
R,readxl,90_history/clinical/7b5f3373c2_JM尝试.R,6
R,nlme,90_history/clinical/7b5f3373c2_JM尝试.R,29
R,nlme,90_history/clinical/7b5f3373c2_JM尝试.R,30
R,nlme,90_history/clinical/7b5f3373c2_JM尝试.R,31
R,nlme,90_history/clinical/7b5f3373c2_JM尝试.R,32
R,nlme,90_history/clinical/7b5f3373c2_JM尝试.R,33
R,nlme,90_history/clinical/7b5f3373c2_JM尝试.R,34
R,survival,90_history/clinical/7b5f3373c2_JM尝试.R,40
R,JMbayes2,90_history/clinical/7b5f3373c2_JM尝试.R,49
R,dplyr,90_history/clinical/7b5f3373c2_JM尝试.R,72
R,dplyr,90_history/clinical/7b5f3373c2_JM尝试.R,73
R,survival,90_history/clinical/7b5f3373c2_JM尝试.R,78
R,JMbayes2,90_history/clinical/7b5f3373c2_JM尝试.R,86
R,JMbayes2,90_history/clinical/7b5f3373c2_JM尝试.R,88
R,JMbayes2,90_history/clinical/7b5f3373c2_JM尝试.R,100
R,survival,90_history/clinical/338b35d72b_0830_RSF_表5-3A_五折交叉验证调参.R,19
R,randomForestSRC,90_history/clinical/338b35d72b_0830_RSF_表5-3A_五折交叉验证调参.R,20
R,prodlim,90_history/clinical/338b35d72b_0830_RSF_表5-3A_五折交叉验证调参.R,21
R,riskRegression,90_history/clinical/338b35d72b_0830_RSF_表5-3A_五折交叉验证调参.R,22
R,parallel,90_history/clinical/338b35d72b_0830_RSF_表5-3A_五折交叉验证调参.R,41
R,data.table,90_history/clinical/338b35d72b_0830_RSF_表5-3A_五折交叉验证调参.R,63
R,data.table,90_history/clinical/338b35d72b_0830_RSF_表5-3A_五折交叉验证调参.R,104
R,data.table,90_history/clinical/338b35d72b_0830_RSF_表5-3A_五折交叉验证调参.R,108
R,data.table,90_history/clinical/338b35d72b_0830_RSF_表5-3A_五折交叉验证调参.R,112
R,survival,90_history/clinical/338b35d72b_0830_RSF_表5-3A_五折交叉验证调参.R,320
R,survival,90_history/clinical/338b35d72b_0830_RSF_表5-3A_五折交叉验证调参.R,321
R,riskRegression,90_history/clinical/338b35d72b_0830_RSF_表5-3A_五折交叉验证调参.R,328
R,randomForestSRC,90_history/clinical/338b35d72b_0830_RSF_表5-3A_五折交叉验证调参.R,419
R,randomForestSRC,90_history/clinical/338b35d72b_0830_RSF_表5-3A_五折交叉验证调参.R,543
R,randomForestSRC,90_history/clinical/338b35d72b_0830_RSF_表5-3A_五折交叉验证调参.R,636
R,utils,90_history/clinical/ccc0c2da03_00_config.R,51
R,survival,90_history/clinical/ccc0c2da03_00_config.R,63
R,survival,90_history/clinical/ccc0c2da03_00_config.R,115
R,survival,90_history/clinical/ccc0c2da03_00_config.R,116
R,survival,90_history/clinical/ccc0c2da03_00_config.R,145
R,stats,90_history/clinical/ccc0c2da03_00_config.R,160
R,stats,90_history/clinical/ccc0c2da03_00_config.R,161
R,stats,90_history/clinical/ccc0c2da03_00_config.R,168
R,dplyr,90_history/clinical/ccc0c2da03_00_config.R,172
R,dplyr,90_history/clinical/ccc0c2da03_00_config.R,190
R,dplyr,90_history/clinical/05ee60eb78_01_prepare_data.R,2
R,survival,90_history/clinical/05ee60eb78_01_prepare_data.R,3
R,dplyr,90_history/clinical/d3a9aa1d19_02_static_models.R,2
R,survival,90_history/clinical/d3a9aa1d19_02_static_models.R,3
R,randomForestSRC,90_history/clinical/d3a9aa1d19_02_static_models.R,4
R,riskRegression,90_history/clinical/d3a9aa1d19_02_static_models.R,5
R,ggplot2,90_history/clinical/d3a9aa1d19_02_static_models.R,6
R,fastshap,90_history/clinical/d3a9aa1d19_02_static_models.R,7
R,shapviz,90_history/clinical/d3a9aa1d19_02_static_models.R,8
R,patchwork,90_history/clinical/d3a9aa1d19_02_static_models.R,9
R,parallel,90_history/clinical/d3a9aa1d19_02_static_models.R,13
R,riskRegression,90_history/clinical/d3a9aa1d19_02_static_models.R,49
R,survival,90_history/clinical/d3a9aa1d19_02_static_models.R,128
R,survival,90_history/clinical/d3a9aa1d19_02_static_models.R,137
R,fastshap,90_history/clinical/d3a9aa1d19_02_static_models.R,171
R,shapviz,90_history/clinical/d3a9aa1d19_02_static_models.R,173
R,tidyr,90_history/clinical/d3a9aa1d19_02_static_models.R,242
R,randomForestSRC,90_history/clinical/a5fde25b7d_02b_static_explain.R,2
R,riskRegression,90_history/clinical/a5fde25b7d_02b_static_explain.R,2
R,dplyr,90_history/clinical/a5fde25b7d_02b_static_explain.R,2
R,survival,90_history/clinical/a5fde25b7d_02b_static_explain.R,2
R,patchwork,90_history/clinical/a5fde25b7d_02b_static_explain.R,3
R,tidyr,90_history/clinical/a5fde25b7d_02b_static_explain.R,3
R,shapviz,90_history/clinical/a5fde25b7d_02b_static_explain.R,3
R,ggplot2,90_history/clinical/a5fde25b7d_02b_static_explain.R,3
R,shapviz,90_history/clinical/a5fde25b7d_02b_static_explain.R,78
R,riskRegression,90_history/clinical/a5fde25b7d_02b_static_explain.R,113
R,dplyr,90_history/clinical/9bf5e66764_03_rsflc_survival.R,2
R,survival,90_history/clinical/9bf5e66764_03_rsflc_survival.R,3
R,DynForest,90_history/clinical/9bf5e66764_03_rsflc_survival.R,4
R,ggplot2,90_history/clinical/9bf5e66764_03_rsflc_survival.R,5
R,fastshap,90_history/clinical/9bf5e66764_03_rsflc_survival.R,6
R,shapviz,90_history/clinical/9bf5e66764_03_rsflc_survival.R,7
R,patchwork,90_history/clinical/9bf5e66764_03_rsflc_survival.R,8
R,stats,90_history/clinical/9bf5e66764_03_rsflc_survival.R,37
R,stats,90_history/clinical/9bf5e66764_03_rsflc_survival.R,38
R,DynForest,90_history/clinical/9bf5e66764_03_rsflc_survival.R,46
R,parallel,90_history/clinical/9bf5e66764_03_rsflc_survival.R,53
R,parallel,90_history/clinical/9bf5e66764_03_rsflc_survival.R,59
R,parallel,90_history/clinical/9bf5e66764_03_rsflc_survival.R,60
R,DynForest,90_history/clinical/9bf5e66764_03_rsflc_survival.R,60
R,parallel,90_history/clinical/9bf5e66764_03_rsflc_survival.R,61
R,parallel,90_history/clinical/9bf5e66764_03_rsflc_survival.R,71
R,DynForest,90_history/clinical/9bf5e66764_03_rsflc_survival.R,128
R,parallel,90_history/clinical/9bf5e66764_03_rsflc_survival.R,129
R,DynForest,90_history/clinical/9bf5e66764_03_rsflc_survival.R,137
R,parallel,90_history/clinical/9bf5e66764_03_rsflc_survival.R,138
R,fastshap,90_history/clinical/9bf5e66764_03_rsflc_survival.R,255
R,shapviz,90_history/clinical/9bf5e66764_03_rsflc_survival.R,257
R,tidyr,90_history/clinical/9bf5e66764_03_rsflc_survival.R,281
R,parallel,90_history/clinical/9bf5e66764_03_rsflc_survival.R,283
R,ggplot2,90_history/clinical/89259909f3_03b_rsflc_vimp.R,1
R,dplyr,90_history/clinical/89259909f3_03b_rsflc_vimp.R,1
R,DynForest,90_history/clinical/89259909f3_03b_rsflc_vimp.R,1
R,DynForest,90_history/clinical/89259909f3_03b_rsflc_vimp.R,6
R,dplyr,90_history/clinical/3248800a3c_04_jm_unified.R,2
R,survival,90_history/clinical/3248800a3c_04_jm_unified.R,3
R,nlme,90_history/clinical/3248800a3c_04_jm_unified.R,4
R,JMbayes2,90_history/clinical/3248800a3c_04_jm_unified.R,5
R,coda,90_history/clinical/3248800a3c_04_jm_unified.R,6
R,ggplot2,90_history/clinical/3248800a3c_04_jm_unified.R,7
R,tidyr,90_history/clinical/3248800a3c_04_jm_unified.R,8
R,nlme,90_history/clinical/3248800a3c_04_jm_unified.R,35
R,nlme,90_history/clinical/3248800a3c_04_jm_unified.R,36
R,nlme,90_history/clinical/3248800a3c_04_jm_unified.R,38
R,nlme,90_history/clinical/3248800a3c_04_jm_unified.R,40
R,survival,90_history/clinical/3248800a3c_04_jm_unified.R,45
R,JMbayes2,90_history/clinical/3248800a3c_04_jm_unified.R,46
R,dplyr,90_history/clinical/ed5aec1df5_05_combine_results.R,2
R,tidyr,90_history/clinical/ed5aec1df5_05_combine_results.R,3
R,ggplot2,90_history/clinical/ed5aec1df5_05_combine_results.R,4
R,patchwork,90_history/clinical/ed5aec1df5_05_combine_results.R,5
R,dplyr,90_history/clinical/9f343b43a0_00_export_existing_missing.R,2
R,utils,90_history/clinical/9f343b43a0_00_export_existing_missing.R,21
R,data.table,90_history/clinical/9f343b43a0_00_export_existing_missing.R,25
Python,__future__,90_history/clinical/6b02bd7cad_00_fix_utf8_manifests.py,1
Python,csv,90_history/clinical/6b02bd7cad_00_fix_utf8_manifests.py,3
Python,os,90_history/clinical/6b02bd7cad_00_fix_utf8_manifests.py,4
Python,pathlib,90_history/clinical/6b02bd7cad_00_fix_utf8_manifests.py,5
Python,pandas,90_history/clinical/6b02bd7cad_00_fix_utf8_manifests.py,7
R,dplyr,90_history/clinical/565fdedf49_01_static_fixed_5fold.R,2
R,survival,90_history/clinical/565fdedf49_01_static_fixed_5fold.R,3
R,randomForestSRC,90_history/clinical/565fdedf49_01_static_fixed_5fold.R,4
R,utils,90_history/clinical/565fdedf49_01_static_fixed_5fold.R,19
R,data.table,90_history/clinical/565fdedf49_01_static_fixed_5fold.R,23
R,parallel,90_history/clinical/565fdedf49_01_static_fixed_5fold.R,37
R,randomForestSRC,90_history/clinical/565fdedf49_01_static_fixed_5fold.R,51
R,dplyr,90_history/clinical/201cdadc6d_02_dynamic_fixed_5fold_worker.R,2
R,survival,90_history/clinical/201cdadc6d_02_dynamic_fixed_5fold_worker.R,3
R,DynForest,90_history/clinical/201cdadc6d_02_dynamic_fixed_5fold_worker.R,4
R,data.table,90_history/clinical/201cdadc6d_02_dynamic_fixed_5fold_worker.R,32
R,stats,90_history/clinical/201cdadc6d_02_dynamic_fixed_5fold_worker.R,57
R,stats,90_history/clinical/201cdadc6d_02_dynamic_fixed_5fold_worker.R,58
R,DynForest,90_history/clinical/201cdadc6d_02_dynamic_fixed_5fold_worker.R,63
R,utils,90_history/clinical/201cdadc6d_02_dynamic_fixed_5fold_worker.R,94
R,dplyr,90_history/clinical/f84c44c646_03_combine_dynamic_fixed_5fold.R,1
R,utils,90_history/clinical/f84c44c646_03_combine_dynamic_fixed_5fold.R,10
R,utils,90_history/clinical/f84c44c646_03_combine_dynamic_fixed_5fold.R,18
R,utils,90_history/clinical/f84c44c646_03_combine_dynamic_fixed_5fold.R,33
R,tidyverse,90_history/clinical/b46929204f_数据提取代码.R,6
R,DBI,90_history/clinical/b46929204f_数据提取代码.R,7
R,RPostgreSQL,90_history/clinical/b46929204f_数据提取代码.R,8
R,lubridate,90_history/clinical/b46929204f_数据提取代码.R,9
R,tidyverse,90_history/clinical/b46929204f_数据提取代码.R,11
R,DBI,90_history/clinical/b46929204f_数据提取代码.R,12
R,RPostgreSQL,90_history/clinical/b46929204f_数据提取代码.R,13
R,lubridate,90_history/clinical/b46929204f_数据提取代码.R,14
R,readr,90_history/clinical/b46929204f_数据提取代码.R,36
R,readr,90_history/clinical/b46929204f_数据提取代码.R,89
R,writexl,90_history/clinical/b46929204f_数据提取代码.R,92
R,writexl,90_history/clinical/b46929204f_数据提取代码.R,93
R,readxl,90_history/clinical/72b17c6348_merge_sheets.R,1
R,dplyr,90_history/clinical/72b17c6348_merge_sheets.R,2
R,tidyr,90_history/clinical/72b17c6348_merge_sheets.R,3
R,readxl,90_history/clinical/32468797c6_0310.R,1
R,dplyr,90_history/clinical/32468797c6_0310.R,2
R,tidyr,90_history/clinical/32468797c6_0310.R,3
R,purrr,90_history/clinical/32468797c6_0310.R,4
R,ggplot2,90_history/clinical/32468797c6_0310.R,5
R,missForest,90_history/clinical/32468797c6_0310.R,149
R,dplyr,90_history/clinical/32468797c6_0310.R,150
R,doParallel,90_history/clinical/32468797c6_0310.R,151
R,missRanger,90_history/clinical/32468797c6_0310.R,216
R,dplyr,90_history/clinical/32468797c6_0310.R,217
R,writexl,90_history/clinical/32468797c6_0310.R,309
R,readxl,90_history/clinical/4ecaef8372_0311.R,1
R,dplyr,90_history/clinical/4ecaef8372_0311.R,2
R,tidyr,90_history/clinical/4ecaef8372_0311.R,3
R,purrr,90_history/clinical/4ecaef8372_0311.R,4
R,ggplot2,90_history/clinical/4ecaef8372_0311.R,5
R,writexl,90_history/clinical/4ecaef8372_0311.R,6
R,stringr,90_history/clinical/4ecaef8372_0311.R,7
R,fastDummies,90_history/clinical/4ecaef8372_0311.R,160
R,dplyr,90_history/clinical/5f4d63b69c_0311建模.R,1
R,survival,90_history/clinical/5f4d63b69c_0311建模.R,2
R,timeROC,90_history/clinical/5f4d63b69c_0311建模.R,3
R,DynForest,90_history/clinical/5f4d63b69c_0311建模.R,4
R,purrr,90_history/clinical/5f4d63b69c_0311建模.R,5
R,readxl,90_history/clinical/5f4d63b69c_0311建模.R,6
R,writexl,90_history/clinical/5f4d63b69c_0311建模.R,7
R,timeROC,90_history/clinical/5f4d63b69c_0311建模.R,25
R,DynForest,90_history/clinical/5f4d63b69c_0311建模.R,67
R,survival,90_history/clinical/5f4d63b69c_0311建模.R,166
R,survival,90_history/clinical/5f4d63b69c_0311建模.R,174
R,timeROC,90_history/clinical/5f4d63b69c_0311建模.R,182
R,timeROC,90_history/clinical/5f4d63b69c_0311建模.R,190
R,dplyr,90_history/clinical/1850ffe85b_0311_cursor.R,1
R,survival,90_history/clinical/1850ffe85b_0311_cursor.R,2
R,timeROC,90_history/clinical/1850ffe85b_0311_cursor.R,3
R,DynForest,90_history/clinical/1850ffe85b_0311_cursor.R,4
R,purrr,90_history/clinical/1850ffe85b_0311_cursor.R,5
R,readxl,90_history/clinical/1850ffe85b_0311_cursor.R,6
R,writexl,90_history/clinical/1850ffe85b_0311_cursor.R,7
R,tidyr,90_history/clinical/1850ffe85b_0311_cursor.R,8
R,timeROC,90_history/clinical/1850ffe85b_0311_cursor.R,103
R,DynForest,90_history/clinical/1850ffe85b_0311_cursor.R,152
R,survival,90_history/clinical/1850ffe85b_0311_cursor.R,222
R,survival,90_history/clinical/1850ffe85b_0311_cursor.R,230
R,survival,90_history/clinical/1850ffe85b_0311_cursor.R,238
R,survival,90_history/clinical/1850ffe85b_0311_cursor.R,246
R,survival,90_history/clinical/1850ffe85b_0311_cursor.R,257
R,survival,90_history/clinical/1850ffe85b_0311_cursor.R,383
R,DynForest,90_history/clinical/1850ffe85b_0311_cursor.R,493
R,dplyr,90_history/clinical/1850ffe85b_0311_cursor.R,494
R,DynForest,90_history/clinical/1850ffe85b_0311_cursor.R,537
R,dplyr,90_history/clinical/4aea8c1ab9_0311建模.R,1
R,survival,90_history/clinical/4aea8c1ab9_0311建模.R,2
R,timeROC,90_history/clinical/4aea8c1ab9_0311建模.R,3
R,DynForest,90_history/clinical/4aea8c1ab9_0311建模.R,4
R,purrr,90_history/clinical/4aea8c1ab9_0311建模.R,5
R,readxl,90_history/clinical/4aea8c1ab9_0311建模.R,6
R,writexl,90_history/clinical/4aea8c1ab9_0311建模.R,7
R,timeROC,90_history/clinical/4aea8c1ab9_0311建模.R,25
R,DynForest,90_history/clinical/4aea8c1ab9_0311建模.R,67
R,survival,90_history/clinical/4aea8c1ab9_0311建模.R,172
R,survival,90_history/clinical/4aea8c1ab9_0311建模.R,180
R,survival,90_history/clinical/4aea8c1ab9_0311建模.R,188
R,survival,90_history/clinical/4aea8c1ab9_0311建模.R,196
R,survival,90_history/clinical/4aea8c1ab9_0311建模.R,207
R,dplyr,90_history/clinical/8a6fb9cabe_0312.R,3
R,readxl,90_history/clinical/8a6fb9cabe_0312.R,4
R,DynForest,90_history/clinical/8a6fb9cabe_0312.R,178
R,DynForest,90_history/clinical/8a6fb9cabe_0312.R,185
R,survival,90_history/clinical/8a6fb9cabe_0312.R,209
R,prodlim,90_history/clinical/8a6fb9cabe_0312.R,210
R,DynForest,90_history/clinical/8a6fb9cabe_0312.R,367
R,DynForest,90_history/clinical/8a6fb9cabe_0312.R,528
R,readxl,90_history/clinical/7052e4aedc_0312_itemid_to_name.R,6
R,dplyr,90_history/clinical/7052e4aedc_0312_itemid_to_name.R,7
R,openxlsx,90_history/clinical/7052e4aedc_0312_itemid_to_name.R,8
R,readxl,90_history/clinical/9d2ad172f5_0312_新数据.R,6
R,dplyr,90_history/clinical/9d2ad172f5_0312_新数据.R,7
R,openxlsx,90_history/clinical/9d2ad172f5_0312_新数据.R,8
R,DynForest,90_history/clinical/b01a2be6e0_dynforest_demo.R,2
R,DynForest,90_history/clinical/b01a2be6e0_dynforest_demo.R,39
R,DynForest,90_history/clinical/b2540d0c66_dynforest_example.R,13
R,survival,90_history/clinical/b2540d0c66_dynforest_example.R,14
R,dplyr,90_history/clinical/b2540d0c66_dynforest_example.R,15
R,DynForest,90_history/clinical/b2540d0c66_dynforest_example.R,65
R,survival,90_history/clinical/b2540d0c66_dynforest_example.R,117
R,survival,90_history/clinical/b2540d0c66_dynforest_example.R,118
R,DynForest,90_history/clinical/e71fc208d9_dynforest_simple_model.R,13
R,survival,90_history/clinical/e71fc208d9_dynforest_simple_model.R,14
R,dplyr,90_history/clinical/e71fc208d9_dynforest_simple_model.R,15
R,DynForest,90_history/clinical/e71fc208d9_dynforest_simple_model.R,64
R,dplyr,90_history/clinical/9706e9bf6c_prep_data_and_model.R,6
R,survival,90_history/clinical/9706e9bf6c_prep_data_and_model.R,7
R,timeROC,90_history/clinical/9706e9bf6c_prep_data_and_model.R,8
R,DynForest,90_history/clinical/9706e9bf6c_prep_data_and_model.R,9
R,purrr,90_history/clinical/9706e9bf6c_prep_data_and_model.R,10
R,readxl,90_history/clinical/9706e9bf6c_prep_data_and_model.R,11
R,writexl,90_history/clinical/9706e9bf6c_prep_data_and_model.R,12
R,tidyr,90_history/clinical/9706e9bf6c_prep_data_and_model.R,13
R,timeROC,90_history/clinical/9706e9bf6c_prep_data_and_model.R,229
R,DynForest,90_history/clinical/9706e9bf6c_prep_data_and_model.R,267
R,survival,90_history/clinical/9706e9bf6c_prep_data_and_model.R,334
R,survival,90_history/clinical/9706e9bf6c_prep_data_and_model.R,338
R,survival,90_history/clinical/9706e9bf6c_prep_data_and_model.R,347
R,DynForest,90_history/clinical/2fc733f3dd_0313.R,5
R,readxl,90_history/clinical/2fc733f3dd_0313.R,6
R,survival,90_history/clinical/2fc733f3dd_0313.R,7
R,DynForest,90_history/clinical/f323dc1dd5_dynforest_script.R,1
R,readxl,90_history/clinical/f323dc1dd5_dynforest_script.R,2
R,survival,90_history/clinical/f323dc1dd5_dynforest_script.R,3
R,DynForest,90_history/clinical/43d4348b4b_0313.R,5
R,readxl,90_history/clinical/43d4348b4b_0313.R,6
R,survival,90_history/clinical/43d4348b4b_0313.R,7
R,dplyr,90_history/clinical/43d4348b4b_0313.R,8
R,caret,90_history/clinical/43d4348b4b_0313.R,185
R,survival,90_history/clinical/43d4348b4b_0313.R,280
R,pROC,90_history/clinical/43d4348b4b_0313.R,281
R,DynForest,90_history/clinical/46e99ab789_0313_cursor.R,5
R,readxl,90_history/clinical/46e99ab789_0313_cursor.R,6
R,dplyr,90_history/clinical/46e99ab789_0313_cursor.R,7
R,survival,90_history/clinical/46e99ab789_0313_cursor.R,8
R,dplyr,90_history/clinical/ca11367e78_0313数据处理.R,9
R,tidyr,90_history/clinical/ca11367e78_0313数据处理.R,10
R,readxl,90_history/clinical/ca11367e78_0313数据处理.R,11
R,writexl,90_history/clinical/ca11367e78_0313数据处理.R,12
R,readxl,90_history/clinical/c7b1aa82f6_check_subjectid_overlap.R,5
R,openxlsx,90_history/clinical/c7b1aa82f6_check_subjectid_overlap.R,6
R,dplyr,90_history/clinical/c7b1aa82f6_check_subjectid_overlap.R,7
R,readxl,90_history/clinical/c7b1aa82f6_check_subjectid_overlap.R,10
R,openxlsx,90_history/clinical/c7b1aa82f6_check_subjectid_overlap.R,11
R,dplyr,90_history/clinical/c7b1aa82f6_check_subjectid_overlap.R,12
R,tidyr,90_history/clinical/c7b1aa82f6_check_subjectid_overlap.R,269
R,dplyr,90_history/clinical/7f9680be2e_0314_JM建模.R,6
R,readxl,90_history/clinical/7f9680be2e_0314_JM建模.R,7
R,survival,90_history/clinical/7f9680be2e_0314_JM建模.R,8
R,timeROC,90_history/clinical/7f9680be2e_0314_JM建模.R,9
R,nlme,90_history/clinical/7f9680be2e_0314_JM建模.R,10
R,JM,90_history/clinical/7f9680be2e_0314_JM建模.R,11
R,dplyr,90_history/clinical/7f9680be2e_0314_JM建模.R,26
R,dplyr,90_history/clinical/7f9680be2e_0314_JM建模.R,27
R,dplyr,90_history/clinical/7f9680be2e_0314_JM建模.R,28
R,dplyr,90_history/clinical/7f9680be2e_0314_JM建模.R,50
R,dplyr,90_history/clinical/7f9680be2e_0314_JM建模.R,74
R,dplyr,90_history/clinical/7f9680be2e_0314_JM建模.R,99
R,nlme,90_history/clinical/7f9680be2e_0314_JM建模.R,170
R,nlme,90_history/clinical/7f9680be2e_0314_JM建模.R,172
R,survival,90_history/clinical/7f9680be2e_0314_JM建模.R,175
R,JM,90_history/clinical/7f9680be2e_0314_JM建模.R,176
R,nlme,90_history/clinical/7f9680be2e_0314_JM建模.R,197
R,nlme,90_history/clinical/7f9680be2e_0314_JM建模.R,208
R,survival,90_history/clinical/7f9680be2e_0314_JM建模.R,223
R,survival,90_history/clinical/7f9680be2e_0314_JM建模.R,226
R,dplyr,90_history/clinical/27b2cee2fd_0314_RSFLC建模.R,7
R,readxl,90_history/clinical/27b2cee2fd_0314_RSFLC建模.R,8
R,DynForest,90_history/clinical/27b2cee2fd_0314_RSFLC建模.R,9
R,survival,90_history/clinical/27b2cee2fd_0314_RSFLC建模.R,10
R,timeROC,90_history/clinical/27b2cee2fd_0314_RSFLC建模.R,11
R,DynForest,90_history/clinical/27b2cee2fd_0314_RSFLC建模.R,111
R,survival,90_history/clinical/27b2cee2fd_0314_RSFLC建模.R,134
R,survival,90_history/clinical/27b2cee2fd_0314_RSFLC建模.R,137
R,timeROC,90_history/clinical/27b2cee2fd_0314_RSFLC建模.R,139
R,timeROC,90_history/clinical/27b2cee2fd_0314_RSFLC建模.R,140
R,readxl,90_history/clinical/02276bb5ac_0314_RSF建模.R,3
R,dplyr,90_history/clinical/02276bb5ac_0314_RSF建模.R,4
R,survival,90_history/clinical/02276bb5ac_0314_RSF建模.R,5
R,timeROC,90_history/clinical/02276bb5ac_0314_RSF建模.R,6
R,randomForestSRC,90_history/clinical/02276bb5ac_0314_RSF建模.R,7
R,dplyr,90_history/clinical/02276bb5ac_0314_RSF建模.R,11
R,readxl,90_history/clinical/02276bb5ac_0314_RSF建模.R,19
R,readxl,90_history/clinical/02276bb5ac_0314_RSF建模.R,23
R,dplyr,90_history/clinical/02276bb5ac_0314_RSF建模.R,24
R,dplyr,90_history/clinical/02276bb5ac_0314_RSF建模.R,25
R,dplyr,90_history/clinical/02276bb5ac_0314_RSF建模.R,26
R,dplyr,90_history/clinical/02276bb5ac_0314_RSF建模.R,30
R,dplyr,90_history/clinical/02276bb5ac_0314_RSF建模.R,31
R,dplyr,90_history/clinical/02276bb5ac_0314_RSF建模.R,49
R,dplyr,90_history/clinical/02276bb5ac_0314_RSF建模.R,50
R,dplyr,90_history/clinical/02276bb5ac_0314_RSF建模.R,51
R,dplyr,90_history/clinical/02276bb5ac_0314_RSF建模.R,52
R,dplyr,90_history/clinical/02276bb5ac_0314_RSF建模.R,53
R,dplyr,90_history/clinical/02276bb5ac_0314_RSF建模.R,58
R,randomForestSRC,90_history/clinical/02276bb5ac_0314_RSF建模.R,127
R,timeROC,90_history/clinical/02276bb5ac_0314_RSF建模.R,162
R,timeROC,90_history/clinical/02276bb5ac_0314_RSF建模.R,163
R,survival,90_history/clinical/02276bb5ac_0314_RSF建模.R,168
R,survival,90_history/clinical/02276bb5ac_0314_RSF建模.R,171
R,survival,90_history/clinical/02276bb5ac_0314_RSF建模.R,175
R,randomForestSRC,90_history/clinical/02276bb5ac_0314_RSF建模.R,319
R,timeROC,90_history/clinical/02276bb5ac_0314_RSF建模.R,352
R,timeROC,90_history/clinical/02276bb5ac_0314_RSF建模.R,353
R,survival,90_history/clinical/02276bb5ac_0314_RSF建模.R,358
R,survival,90_history/clinical/02276bb5ac_0314_RSF建模.R,361
R,survival,90_history/clinical/02276bb5ac_0314_RSF建模.R,365
R,dplyr,90_history/clinical/02276bb5ac_0314_RSF建模.R,407
R,writexl,90_history/clinical/02276bb5ac_0314_RSF建模.R,409
R,utils,90_history/clinical/02276bb5ac_0314_RSF建模.R,415
R,readxl,90_history/clinical/02276bb5ac_0314_RSF建模.R,444
R,readxl,90_history/clinical/02276bb5ac_0314_RSF建模.R,445
R,dplyr,90_history/clinical/02276bb5ac_0314_RSF建模.R,446
R,dplyr,90_history/clinical/02276bb5ac_0314_RSF建模.R,447
R,dplyr,90_history/clinical/02276bb5ac_0314_RSF建模.R,448
R,dplyr,90_history/clinical/02276bb5ac_0314_RSF建模.R,451
R,dplyr,90_history/clinical/02276bb5ac_0314_RSF建模.R,452
R,dplyr,90_history/clinical/02276bb5ac_0314_RSF建模.R,465
R,dplyr,90_history/clinical/02276bb5ac_0314_RSF建模.R,466
R,dplyr,90_history/clinical/02276bb5ac_0314_RSF建模.R,467
R,dplyr,90_history/clinical/02276bb5ac_0314_RSF建模.R,468
R,dplyr,90_history/clinical/02276bb5ac_0314_RSF建模.R,469
R,dplyr,90_history/clinical/02276bb5ac_0314_RSF建模.R,474
R,randomForestSRC,90_history/clinical/02276bb5ac_0314_RSF建模.R,562
R,survival,90_history/clinical/02276bb5ac_0314_RSF建模.R,563
R,timeROC,90_history/clinical/02276bb5ac_0314_RSF建模.R,591
R,timeROC,90_history/clinical/02276bb5ac_0314_RSF建模.R,592
R,survival,90_history/clinical/02276bb5ac_0314_RSF建模.R,597
R,survival,90_history/clinical/02276bb5ac_0314_RSF建模.R,600
R,survival,90_history/clinical/02276bb5ac_0314_RSF建模.R,604
R,utils,90_history/clinical/02276bb5ac_0314_RSF建模.R,633
R,dplyr,90_history/clinical/02276bb5ac_0314_RSF建模.R,666
R,writexl,90_history/clinical/02276bb5ac_0314_RSF建模.R,668
R,utils,90_history/clinical/02276bb5ac_0314_RSF建模.R,673
R,readxl,90_history/clinical/f40732d835_0314_summary_wide_data.R,10
R,writexl,90_history/clinical/f40732d835_0314_summary_wide_data.R,11
R,dplyr,90_history/clinical/f40732d835_0314_summary_wide_data.R,12
R,readxl,90_history/clinical/f40732d835_0314_summary_wide_data.R,138
R,readxl,90_history/clinical/f40732d835_0314_summary_wide_data.R,182
R,readxl,90_history/clinical/f40732d835_0314_summary_wide_data.R,207
R,readxl,90_history/clinical/f40732d835_0314_summary_wide_data.R,238
R,readxl,90_history/clinical/f40732d835_0314_summary_wide_data.R,272
R,writexl,90_history/clinical/f40732d835_0314_summary_wide_data.R,273
R,dplyr,90_history/clinical/f40732d835_0314_summary_wide_data.R,274
R,readxl,90_history/clinical/f40732d835_0314_summary_wide_data.R,308
R,writexl,90_history/clinical/f40732d835_0314_summary_wide_data.R,309
R,dplyr,90_history/clinical/f40732d835_0314_summary_wide_data.R,334
R,readxl,90_history/clinical/f40732d835_0314_summary_wide_data.R,359
R,writexl,90_history/clinical/f40732d835_0314_summary_wide_data.R,360
R,readxl,90_history/clinical/f40732d835_0314_summary_wide_data.R,412
R,dplyr,90_history/clinical/f40732d835_0314_summary_wide_data.R,418
R,readxl,90_history/clinical/f40732d835_0314_summary_wide_data.R,432
R,readxl,90_history/clinical/f40732d835_0314_summary_wide_data.R,624
R,dplyr,90_history/clinical/f40732d835_0314_summary_wide_data.R,625
R,survival,90_history/clinical/f40732d835_0314_summary_wide_data.R,626
R,timeROC,90_history/clinical/f40732d835_0314_summary_wide_data.R,627
R,randomForestSRC,90_history/clinical/f40732d835_0314_summary_wide_data.R,628
R,survival,90_history/clinical/f40732d835_0314_summary_wide_data.R,737
R,survival,90_history/clinical/f40732d835_0314_summary_wide_data.R,740
R,dplyr,90_history/clinical/02ff55366e_0314模型构建.R,1
R,readxl,90_history/clinical/02ff55366e_0314模型构建.R,2
R,DynForest,90_history/clinical/02ff55366e_0314模型构建.R,275
R,survival,90_history/clinical/02ff55366e_0314模型构建.R,306
R,DynForest,90_history/clinical/02ff55366e_0314模型构建.R,329
R,survival,90_history/clinical/02ff55366e_0314模型构建.R,378
R,survival,90_history/clinical/02ff55366e_0314模型构建.R,382
R,timeROC,90_history/clinical/02ff55366e_0314模型构建.R,387
R,timeROC,90_history/clinical/02ff55366e_0314模型构建.R,388
R,dplyr,90_history/clinical/02ff55366e_0314模型构建.R,445
R,readxl,90_history/clinical/02ff55366e_0314模型构建.R,446
R,DynForest,90_history/clinical/02ff55366e_0314模型构建.R,447
R,survival,90_history/clinical/02ff55366e_0314模型构建.R,448
R,timeROC,90_history/clinical/02ff55366e_0314模型构建.R,449
R,DynForest,90_history/clinical/02ff55366e_0314模型构建.R,549
R,survival,90_history/clinical/02ff55366e_0314模型构建.R,572
R,survival,90_history/clinical/02ff55366e_0314模型构建.R,575
R,timeROC,90_history/clinical/02ff55366e_0314模型构建.R,577
R,timeROC,90_history/clinical/02ff55366e_0314模型构建.R,578
R,dplyr,90_history/clinical/02ff55366e_0314模型构建.R,622
R,readxl,90_history/clinical/02ff55366e_0314模型构建.R,623
R,survival,90_history/clinical/02ff55366e_0314模型构建.R,624
R,timeROC,90_history/clinical/02ff55366e_0314模型构建.R,625
R,nlme,90_history/clinical/02ff55366e_0314模型构建.R,626
R,JM,90_history/clinical/02ff55366e_0314模型构建.R,627
R,dplyr,90_history/clinical/02ff55366e_0314模型构建.R,642
R,dplyr,90_history/clinical/02ff55366e_0314模型构建.R,643
R,dplyr,90_history/clinical/02ff55366e_0314模型构建.R,644
R,dplyr,90_history/clinical/02ff55366e_0314模型构建.R,666
R,dplyr,90_history/clinical/02ff55366e_0314模型构建.R,692
R,dplyr,90_history/clinical/02ff55366e_0314模型构建.R,718
R,nlme,90_history/clinical/02ff55366e_0314模型构建.R,803
R,nlme,90_history/clinical/02ff55366e_0314模型构建.R,808
R,survival,90_history/clinical/02ff55366e_0314模型构建.R,811
R,survival,90_history/clinical/02ff55366e_0314模型构建.R,812
R,JM,90_history/clinical/02ff55366e_0314模型构建.R,817
R,nlme,90_history/clinical/02ff55366e_0314模型构建.R,845
R,nlme,90_history/clinical/02ff55366e_0314模型构建.R,856
R,survival,90_history/clinical/02ff55366e_0314模型构建.R,876
R,survival,90_history/clinical/02ff55366e_0314模型构建.R,879
R,readxl,90_history/clinical/02ff55366e_0314模型构建.R,959
R,dplyr,90_history/clinical/02ff55366e_0314模型构建.R,960
R,survival,90_history/clinical/02ff55366e_0314模型构建.R,961
R,timeROC,90_history/clinical/02ff55366e_0314模型构建.R,962
R,randomForestSRC,90_history/clinical/02ff55366e_0314模型构建.R,963
R,dplyr,90_history/clinical/02ff55366e_0314模型构建.R,967
R,readxl,90_history/clinical/02ff55366e_0314模型构建.R,975
R,readxl,90_history/clinical/02ff55366e_0314模型构建.R,979
R,dplyr,90_history/clinical/02ff55366e_0314模型构建.R,980
R,dplyr,90_history/clinical/02ff55366e_0314模型构建.R,981
R,dplyr,90_history/clinical/02ff55366e_0314模型构建.R,982
R,dplyr,90_history/clinical/02ff55366e_0314模型构建.R,986
R,dplyr,90_history/clinical/02ff55366e_0314模型构建.R,987
R,dplyr,90_history/clinical/02ff55366e_0314模型构建.R,1005
R,dplyr,90_history/clinical/02ff55366e_0314模型构建.R,1006
R,dplyr,90_history/clinical/02ff55366e_0314模型构建.R,1007
R,dplyr,90_history/clinical/02ff55366e_0314模型构建.R,1008
R,dplyr,90_history/clinical/02ff55366e_0314模型构建.R,1009
R,dplyr,90_history/clinical/02ff55366e_0314模型构建.R,1014
R,randomForestSRC,90_history/clinical/02ff55366e_0314模型构建.R,1083
R,timeROC,90_history/clinical/02ff55366e_0314模型构建.R,1118
R,timeROC,90_history/clinical/02ff55366e_0314模型构建.R,1119
R,survival,90_history/clinical/02ff55366e_0314模型构建.R,1124
R,survival,90_history/clinical/02ff55366e_0314模型构建.R,1127
R,survival,90_history/clinical/02ff55366e_0314模型构建.R,1131
R,readxl,90_history/clinical/02ff55366e_0314模型构建.R,1177
R,dplyr,90_history/clinical/02ff55366e_0314模型构建.R,1178
R,survival,90_history/clinical/02ff55366e_0314模型构建.R,1179
R,timeROC,90_history/clinical/02ff55366e_0314模型构建.R,1180
R,readxl,90_history/clinical/02ff55366e_0314模型构建.R,1188
R,readxl,90_history/clinical/02ff55366e_0314模型构建.R,1196
R,dplyr,90_history/clinical/02ff55366e_0314模型构建.R,1197
R,dplyr,90_history/clinical/02ff55366e_0314模型构建.R,1198
R,dplyr,90_history/clinical/02ff55366e_0314模型构建.R,1199
R,dplyr,90_history/clinical/02ff55366e_0314模型构建.R,1201
R,dplyr,90_history/clinical/02ff55366e_0314模型构建.R,1202
R,dplyr,90_history/clinical/02ff55366e_0314模型构建.R,1223
R,dplyr,90_history/clinical/02ff55366e_0314模型构建.R,1224
R,dplyr,90_history/clinical/02ff55366e_0314模型构建.R,1225
R,dplyr,90_history/clinical/02ff55366e_0314模型构建.R,1226
R,dplyr,90_history/clinical/02ff55366e_0314模型构建.R,1227
R,dplyr,90_history/clinical/02ff55366e_0314模型构建.R,1232
R,stats,90_history/clinical/02ff55366e_0314模型构建.R,1307
R,survival,90_history/clinical/02ff55366e_0314模型构建.R,1318
R,survival,90_history/clinical/02ff55366e_0314模型构建.R,1320
R,survival,90_history/clinical/02ff55366e_0314模型构建.R,1329
R,survival,90_history/clinical/02ff55366e_0314模型构建.R,1330
R,survival,90_history/clinical/02ff55366e_0314模型构建.R,1336
R,stats,90_history/clinical/02ff55366e_0314模型构建.R,1340
R,survival,90_history/clinical/02ff55366e_0314模型构建.R,1343
R,survival,90_history/clinical/02ff55366e_0314模型构建.R,1346
R,timeROC,90_history/clinical/02ff55366e_0314模型构建.R,1352
R,timeROC,90_history/clinical/02ff55366e_0314模型构建.R,1353
R,survival,90_history/clinical/02ff55366e_0314模型构建.R,1362
R,survival,90_history/clinical/aa5dd7f18c_RSF模型_核心代码_提取.R,7
R,rms,90_history/clinical/aa5dd7f18c_RSF模型_核心代码_提取.R,8
R,timeROC,90_history/clinical/aa5dd7f18c_RSF模型_核心代码_提取.R,9
R,dplyr,90_history/clinical/aa5dd7f18c_RSF模型_核心代码_提取.R,10
R,randomForestSRC,90_history/clinical/aa5dd7f18c_RSF模型_核心代码_提取.R,11
R,readxl,90_history/clinical/aa5dd7f18c_RSF模型_核心代码_提取.R,12
R,writexl,90_history/clinical/aa5dd7f18c_RSF模型_核心代码_提取.R,13
R,tidyverse,90_history/clinical/aa5dd7f18c_RSF模型_核心代码_提取.R,14
R,readxl,90_history/clinical/4954444708_生存时间描述统计.R,3
R,dplyr,90_history/clinical/4954444708_生存时间描述统计.R,4
R,readxl,90_history/clinical/4954444708_生存时间描述统计.R,10
R,dplyr,90_history/clinical/4954444708_生存时间描述统计.R,24
R,dplyr,90_history/clinical/4954444708_生存时间描述统计.R,25
R,dplyr,90_history/clinical/4954444708_生存时间描述统计.R,26
R,dplyr,90_history/clinical/4954444708_生存时间描述统计.R,27
R,dplyr,90_history/clinical/4954444708_生存时间描述统计.R,28
R,dplyr,90_history/clinical/4954444708_生存时间描述统计.R,29
R,readxl,90_history/clinical/59606b0dc7_0314_COX建模.R,7
R,dplyr,90_history/clinical/59606b0dc7_0314_COX建模.R,8
R,survival,90_history/clinical/59606b0dc7_0314_COX建模.R,9
R,timeROC,90_history/clinical/59606b0dc7_0314_COX建模.R,10
R,writexl,90_history/clinical/59606b0dc7_0314_COX建模.R,11
R,readxl,90_history/clinical/59606b0dc7_0314_COX建模.R,25
R,readxl,90_history/clinical/59606b0dc7_0314_COX建模.R,29
R,dplyr,90_history/clinical/59606b0dc7_0314_COX建模.R,30
R,dplyr,90_history/clinical/59606b0dc7_0314_COX建模.R,31
R,dplyr,90_history/clinical/59606b0dc7_0314_COX建模.R,32
R,dplyr,90_history/clinical/59606b0dc7_0314_COX建模.R,36
R,dplyr,90_history/clinical/59606b0dc7_0314_COX建模.R,37
R,dplyr,90_history/clinical/59606b0dc7_0314_COX建模.R,57
R,dplyr,90_history/clinical/59606b0dc7_0314_COX建模.R,58
R,dplyr,90_history/clinical/59606b0dc7_0314_COX建模.R,59
R,dplyr,90_history/clinical/59606b0dc7_0314_COX建模.R,60
R,dplyr,90_history/clinical/59606b0dc7_0314_COX建模.R,61
R,dplyr,90_history/clinical/59606b0dc7_0314_COX建模.R,66
R,survival,90_history/clinical/59606b0dc7_0314_COX建模.R,152
R,survival,90_history/clinical/59606b0dc7_0314_COX建模.R,158
R,timeROC,90_history/clinical/59606b0dc7_0314_COX建模.R,166
R,timeROC,90_history/clinical/59606b0dc7_0314_COX建模.R,167
R,survival,90_history/clinical/59606b0dc7_0314_COX建模.R,172
R,survival,90_history/clinical/59606b0dc7_0314_COX建模.R,175
R,survival,90_history/clinical/59606b0dc7_0314_COX建模.R,179
R,dplyr,90_history/clinical/59606b0dc7_0314_COX建模.R,254
R,writexl,90_history/clinical/59606b0dc7_0314_COX建模.R,256
R,utils,90_history/clinical/59606b0dc7_0314_COX建模.R,260
R,stats,90_history/clinical/59606b0dc7_0314_COX建模.R,334
R,survival,90_history/clinical/59606b0dc7_0314_COX建模.R,356
R,survival,90_history/clinical/59606b0dc7_0314_COX建模.R,363
R,timeROC,90_history/clinical/59606b0dc7_0314_COX建模.R,370
R,timeROC,90_history/clinical/59606b0dc7_0314_COX建模.R,371
R,survival,90_history/clinical/59606b0dc7_0314_COX建模.R,376
R,survival,90_history/clinical/59606b0dc7_0314_COX建模.R,378
R,utils,90_history/clinical/59606b0dc7_0314_COX建模.R,387
R,dplyr,90_history/clinical/59606b0dc7_0314_COX建模.R,423
R,writexl,90_history/clinical/59606b0dc7_0314_COX建模.R,425
R,utils,90_history/clinical/59606b0dc7_0314_COX建模.R,431
R,dplyr,90_history/clinical/59606b0dc7_0314_COX建模.R,442
R,dplyr,90_history/clinical/59606b0dc7_0314_COX建模.R,444
R,dplyr,90_history/clinical/59606b0dc7_0314_COX建模.R,455
R,dplyr,90_history/clinical/59606b0dc7_0314_COX建模.R,462
R,dplyr,90_history/clinical/59606b0dc7_0314_COX建模.R,463
R,dplyr,90_history/clinical/59606b0dc7_0314_COX建模.R,512
R,dplyr,90_history/clinical/59606b0dc7_0314_COX建模.R,514
R,writexl,90_history/clinical/59606b0dc7_0314_COX建模.R,534
R,dplyr,90_history/clinical/1b24bf16e5_0314_JM建模.R,6
R,readxl,90_history/clinical/1b24bf16e5_0314_JM建模.R,7
R,survival,90_history/clinical/1b24bf16e5_0314_JM建模.R,8
R,timeROC,90_history/clinical/1b24bf16e5_0314_JM建模.R,9
R,nlme,90_history/clinical/1b24bf16e5_0314_JM建模.R,10
R,JM,90_history/clinical/1b24bf16e5_0314_JM建模.R,11
R,dplyr,90_history/clinical/1b24bf16e5_0314_JM建模.R,28
R,dplyr,90_history/clinical/1b24bf16e5_0314_JM建模.R,29
R,dplyr,90_history/clinical/1b24bf16e5_0314_JM建模.R,30
R,stats,90_history/clinical/1b24bf16e5_0314_JM建模.R,45
R,dplyr,90_history/clinical/1b24bf16e5_0314_JM建模.R,81
R,dplyr,90_history/clinical/1b24bf16e5_0314_JM建模.R,106
R,nlme,90_history/clinical/1b24bf16e5_0314_JM建模.R,179
R,nlme,90_history/clinical/1b24bf16e5_0314_JM建模.R,181
R,survival,90_history/clinical/1b24bf16e5_0314_JM建模.R,189
R,JM,90_history/clinical/1b24bf16e5_0314_JM建模.R,190
R,nlme,90_history/clinical/1b24bf16e5_0314_JM建模.R,211
R,nlme,90_history/clinical/1b24bf16e5_0314_JM建模.R,222
R,survival,90_history/clinical/1b24bf16e5_0314_JM建模.R,237
R,survival,90_history/clinical/1b24bf16e5_0314_JM建模.R,240
R,joineRML,90_history/clinical/1b24bf16e5_0314_JM建模.R,311
R,dplyr,90_history/clinical/1b24bf16e5_0314_JM建模.R,319
R,dplyr,90_history/clinical/1b24bf16e5_0314_JM建模.R,320
R,dplyr,90_history/clinical/1b24bf16e5_0314_JM建模.R,321
R,stats,90_history/clinical/1b24bf16e5_0314_JM建模.R,337
R,dplyr,90_history/clinical/1b24bf16e5_0314_JM建模.R,382
R,JM,90_history/clinical/1b24bf16e5_0314_JM建模.R,451
R,JoineRML,90_history/clinical/1b24bf16e5_0314_JM建模.R,459
R,JoineRML,90_history/clinical/1b24bf16e5_0314_JM建模.R,466
R,nlme,90_history/clinical/1b24bf16e5_0314_JM建模.R,469
R,nlme,90_history/clinical/1b24bf16e5_0314_JM建模.R,474
R,survival,90_history/clinical/1b24bf16e5_0314_JM建模.R,482
R,JM,90_history/clinical/1b24bf16e5_0314_JM建模.R,483
R,JM,90_history/clinical/1b24bf16e5_0314_JM建模.R,489
R,nlme,90_history/clinical/1b24bf16e5_0314_JM建模.R,532
R,nlme,90_history/clinical/1b24bf16e5_0314_JM建模.R,537
R,nlme,90_history/clinical/1b24bf16e5_0314_JM建模.R,549
R,nlme,90_history/clinical/1b24bf16e5_0314_JM建模.R,557
R,stats,90_history/clinical/1b24bf16e5_0314_JM建模.R,579
R,survival,90_history/clinical/1b24bf16e5_0314_JM建模.R,593
R,survival,90_history/clinical/1b24bf16e5_0314_JM建模.R,599
R,nlme,90_history/clinical/1b24bf16e5_0314_JM建模.R,678
R,nlme,90_history/clinical/1b24bf16e5_0314_JM建模.R,683
R,survival,90_history/clinical/1b24bf16e5_0314_JM建模.R,691
R,JM,90_history/clinical/1b24bf16e5_0314_JM建模.R,692
R,nlme,90_history/clinical/1b24bf16e5_0314_JM建模.R,706
R,nlme,90_history/clinical/1b24bf16e5_0314_JM建模.R,716
R,survival,90_history/clinical/1b24bf16e5_0314_JM建模.R,738
R,survival,90_history/clinical/1b24bf16e5_0314_JM建模.R,744
R,utils,90_history/clinical/1b24bf16e5_0314_JM建模.R,786
R,nlme,90_history/clinical/1b24bf16e5_0314_JM建模.R,820
R,nlme,90_history/clinical/1b24bf16e5_0314_JM建模.R,825
R,survival,90_history/clinical/1b24bf16e5_0314_JM建模.R,835
R,JM,90_history/clinical/1b24bf16e5_0314_JM建模.R,839
R,dplyr,90_history/clinical/1b24bf16e5_0314_JM建模.R,846
R,utils,90_history/clinical/1b24bf16e5_0314_JM建模.R,848
R,dplyr,90_history/clinical/1b24bf16e5_0314_JM建模.R,875
R,readxl,90_history/clinical/1b24bf16e5_0314_JM建模.R,876
R,survival,90_history/clinical/1b24bf16e5_0314_JM建模.R,877
R,timeROC,90_history/clinical/1b24bf16e5_0314_JM建模.R,878
R,nlme,90_history/clinical/1b24bf16e5_0314_JM建模.R,879
R,JM,90_history/clinical/1b24bf16e5_0314_JM建模.R,880
R,dplyr,90_history/clinical/1b24bf16e5_0314_JM建模.R,907
R,dplyr,90_history/clinical/1b24bf16e5_0314_JM建模.R,908
R,dplyr,90_history/clinical/1b24bf16e5_0314_JM建模.R,909
R,stats,90_history/clinical/1b24bf16e5_0314_JM建模.R,921
R,nlme,90_history/clinical/1b24bf16e5_0314_JM建模.R,992
R,nlme,90_history/clinical/1b24bf16e5_0314_JM建模.R,999
R,survival,90_history/clinical/1b24bf16e5_0314_JM建模.R,1018
R,survival,90_history/clinical/1b24bf16e5_0314_JM建模.R,1023
R,nlme,90_history/clinical/1b24bf16e5_0314_JM建模.R,1067
R,nlme,90_history/clinical/1b24bf16e5_0314_JM建模.R,1072
R,survival,90_history/clinical/1b24bf16e5_0314_JM建模.R,1080
R,JM,90_history/clinical/1b24bf16e5_0314_JM建模.R,1081
R,dplyr,90_history/clinical/1b24bf16e5_0314_JM建模.R,1109
R,writexl,90_history/clinical/1b24bf16e5_0314_JM建模.R,1110
R,utils,90_history/clinical/1b24bf16e5_0314_JM建模.R,1115
R,utils,90_history/clinical/1b24bf16e5_0314_JM建模.R,1146
R,nlme,90_history/clinical/1b24bf16e5_0314_JM建模.R,1169
R,nlme,90_history/clinical/1b24bf16e5_0314_JM建模.R,1174
R,survival,90_history/clinical/1b24bf16e5_0314_JM建模.R,1182
R,JM,90_history/clinical/1b24bf16e5_0314_JM建模.R,1183
R,dplyr,90_history/clinical/1b24bf16e5_0314_JM建模.R,1211
R,writexl,90_history/clinical/1b24bf16e5_0314_JM建模.R,1212
R,utils,90_history/clinical/1b24bf16e5_0314_JM建模.R,1218
R,writexl,90_history/clinical/1b24bf16e5_0314_JM建模.R,1220
R,readxl,90_history/clinical/1b24bf16e5_0314_JM建模.R,1242
R,readxl,90_history/clinical/1b24bf16e5_0314_JM建模.R,1243
R,dplyr,90_history/clinical/1b24bf16e5_0314_JM建模.R,1244
R,dplyr,90_history/clinical/1b24bf16e5_0314_JM建模.R,1245
R,dplyr,90_history/clinical/1b24bf16e5_0314_JM建模.R,1246
R,dplyr,90_history/clinical/1b24bf16e5_0314_JM建模.R,1249
R,dplyr,90_history/clinical/1b24bf16e5_0314_JM建模.R,1250
R,stats,90_history/clinical/1b24bf16e5_0314_JM建模.R,1258
R,dplyr,90_history/clinical/1b24bf16e5_0314_JM建模.R,1265
R,dplyr,90_history/clinical/1b24bf16e5_0314_JM建模.R,1266
R,dplyr,90_history/clinical/1b24bf16e5_0314_JM建模.R,1267
R,dplyr,90_history/clinical/1b24bf16e5_0314_JM建模.R,1272
R,dplyr,90_history/clinical/1b24bf16e5_0314_JM建模.R,1273
R,readxl,90_history/clinical/1b24bf16e5_0314_JM建模.R,1280
R,readxl,90_history/clinical/1b24bf16e5_0314_JM建模.R,1286
R,nlme,90_history/clinical/1b24bf16e5_0314_JM建模.R,1308
R,nlme,90_history/clinical/1b24bf16e5_0314_JM建模.R,1315
R,survival,90_history/clinical/1b24bf16e5_0314_JM建模.R,1334
R,survival,90_history/clinical/1b24bf16e5_0314_JM建模.R,1339
R,timeROC,90_history/clinical/1b24bf16e5_0314_JM建模.R,1345
R,timeROC,90_history/clinical/1b24bf16e5_0314_JM建模.R,1346
R,dplyr,90_history/clinical/1b24bf16e5_0314_JM建模.R,1366
R,dplyr,90_history/clinical/1b24bf16e5_0314_JM建模.R,1368
R,dplyr,90_history/clinical/1b24bf16e5_0314_JM建模.R,1379
R,dplyr,90_history/clinical/1b24bf16e5_0314_JM建模.R,1385
R,dplyr,90_history/clinical/1b24bf16e5_0314_JM建模.R,1386
R,dplyr,90_history/clinical/1b24bf16e5_0314_JM建模.R,1428
R,dplyr,90_history/clinical/1b24bf16e5_0314_JM建模.R,1429
R,dplyr,90_history/clinical/1b24bf16e5_0314_JM建模.R,1433
R,dplyr,90_history/clinical/1b24bf16e5_0314_JM建模.R,1434
R,dplyr,90_history/clinical/1b24bf16e5_0314_JM建模.R,1436
R,dplyr,90_history/clinical/1b24bf16e5_0314_JM建模.R,1437
R,stats,90_history/clinical/1b24bf16e5_0314_JM建模.R,1447
R,stats,90_history/clinical/1b24bf16e5_0314_JM建模.R,1464
R,dplyr,90_history/clinical/1b24bf16e5_0314_JM建模.R,1469
R,dplyr,90_history/clinical/1b24bf16e5_0314_JM建模.R,1470
R,nlme,90_history/clinical/1b24bf16e5_0314_JM建模.R,1473
R,nlme,90_history/clinical/1b24bf16e5_0314_JM建模.R,1475
R,survival,90_history/clinical/1b24bf16e5_0314_JM建模.R,1478
R,JM,90_history/clinical/1b24bf16e5_0314_JM建模.R,1479
R,dplyr,90_history/clinical/1b24bf16e5_0314_JM建模.R,1510
R,dplyr,90_history/clinical/1b24bf16e5_0314_JM建模.R,1512
R,writexl,90_history/clinical/1b24bf16e5_0314_JM建模.R,1532
R,dplyr,90_history/clinical/03acfcdacb_0314_RSFLC建模.R,7
R,readxl,90_history/clinical/03acfcdacb_0314_RSFLC建模.R,8
R,DynForest,90_history/clinical/03acfcdacb_0314_RSFLC建模.R,9
R,survival,90_history/clinical/03acfcdacb_0314_RSFLC建模.R,10
R,timeROC,90_history/clinical/03acfcdacb_0314_RSFLC建模.R,11
R,DynForest,90_history/clinical/03acfcdacb_0314_RSFLC建模.R,111
R,survival,90_history/clinical/03acfcdacb_0314_RSFLC建模.R,134
R,survival,90_history/clinical/03acfcdacb_0314_RSFLC建模.R,137
R,timeROC,90_history/clinical/03acfcdacb_0314_RSFLC建模.R,139
R,timeROC,90_history/clinical/03acfcdacb_0314_RSFLC建模.R,140
R,dplyr,90_history/clinical/03acfcdacb_0314_RSFLC建模.R,192
R,dplyr,90_history/clinical/03acfcdacb_0314_RSFLC建模.R,193
R,dplyr,90_history/clinical/03acfcdacb_0314_RSFLC建模.R,194
R,dplyr,90_history/clinical/03acfcdacb_0314_RSFLC建模.R,220
R,dplyr,90_history/clinical/03acfcdacb_0314_RSFLC建模.R,291
R,DynForest,90_history/clinical/03acfcdacb_0314_RSFLC建模.R,329
R,survival,90_history/clinical/03acfcdacb_0314_RSFLC建模.R,354
R,survival,90_history/clinical/03acfcdacb_0314_RSFLC建模.R,357
R,timeROC,90_history/clinical/03acfcdacb_0314_RSFLC建模.R,360
R,timeROC,90_history/clinical/03acfcdacb_0314_RSFLC建模.R,361
R,dplyr,90_history/clinical/03acfcdacb_0314_RSFLC建模.R,391
R,writexl,90_history/clinical/03acfcdacb_0314_RSFLC建模.R,393
R,utils,90_history/clinical/03acfcdacb_0314_RSFLC建模.R,397
R,dplyr,90_history/clinical/03acfcdacb_0314_RSFLC建模.R,429
R,dplyr,90_history/clinical/03acfcdacb_0314_RSFLC建模.R,430
R,dplyr,90_history/clinical/03acfcdacb_0314_RSFLC建模.R,431
R,dplyr,90_history/clinical/03acfcdacb_0314_RSFLC建模.R,432
R,dplyr,90_history/clinical/03acfcdacb_0314_RSFLC建模.R,435
R,utils,90_history/clinical/03acfcdacb_0314_RSFLC建模.R,458
R,dplyr,90_history/clinical/03acfcdacb_0314_RSFLC建模.R,474
R,dplyr,90_history/clinical/03acfcdacb_0314_RSFLC建模.R,475
R,dplyr,90_history/clinical/03acfcdacb_0314_RSFLC建模.R,477
R,dplyr,90_history/clinical/03acfcdacb_0314_RSFLC建模.R,478
R,dplyr,90_history/clinical/03acfcdacb_0314_RSFLC建模.R,491
R,dplyr,90_history/clinical/03acfcdacb_0314_RSFLC建模.R,492
R,dplyr,90_history/clinical/03acfcdacb_0314_RSFLC建模.R,493
R,DynForest,90_history/clinical/03acfcdacb_0314_RSFLC建模.R,496
R,dplyr,90_history/clinical/03acfcdacb_0314_RSFLC建模.R,516
R,survival,90_history/clinical/03acfcdacb_0314_RSFLC建模.R,521
R,survival,90_history/clinical/03acfcdacb_0314_RSFLC建模.R,524
R,timeROC,90_history/clinical/03acfcdacb_0314_RSFLC建模.R,527
R,timeROC,90_history/clinical/03acfcdacb_0314_RSFLC建模.R,528
R,dplyr,90_history/clinical/03acfcdacb_0314_RSFLC建模.R,558
R,writexl,90_history/clinical/03acfcdacb_0314_RSFLC建模.R,560
R,utils,90_history/clinical/03acfcdacb_0314_RSFLC建模.R,565
R,dplyr,90_history/clinical/03acfcdacb_0314_RSFLC建模.R,589
R,dplyr,90_history/clinical/03acfcdacb_0314_RSFLC建模.R,591
R,dplyr,90_history/clinical/03acfcdacb_0314_RSFLC建模.R,602
R,dplyr,90_history/clinical/03acfcdacb_0314_RSFLC建模.R,609
R,dplyr,90_history/clinical/03acfcdacb_0314_RSFLC建模.R,610
R,dplyr,90_history/clinical/03acfcdacb_0314_RSFLC建模.R,617
R,dplyr,90_history/clinical/03acfcdacb_0314_RSFLC建模.R,618
R,dplyr,90_history/clinical/03acfcdacb_0314_RSFLC建模.R,619
R,dplyr,90_history/clinical/03acfcdacb_0314_RSFLC建模.R,620
R,dplyr,90_history/clinical/03acfcdacb_0314_RSFLC建模.R,623
R,dplyr,90_history/clinical/03acfcdacb_0314_RSFLC建模.R,627
R,dplyr,90_history/clinical/03acfcdacb_0314_RSFLC建模.R,628
R,dplyr,90_history/clinical/03acfcdacb_0314_RSFLC建模.R,629
R,dplyr,90_history/clinical/03acfcdacb_0314_RSFLC建模.R,630
R,dplyr,90_history/clinical/03acfcdacb_0314_RSFLC建模.R,642
R,dplyr,90_history/clinical/03acfcdacb_0314_RSFLC建模.R,643
R,dplyr,90_history/clinical/03acfcdacb_0314_RSFLC建模.R,644
R,dplyr,90_history/clinical/03acfcdacb_0314_RSFLC建模.R,658
R,dplyr,90_history/clinical/03acfcdacb_0314_RSFLC建模.R,659
R,dplyr,90_history/clinical/03acfcdacb_0314_RSFLC建模.R,660
R,dplyr,90_history/clinical/03acfcdacb_0314_RSFLC建模.R,661
R,dplyr,90_history/clinical/03acfcdacb_0314_RSFLC建模.R,662
R,dplyr,90_history/clinical/03acfcdacb_0314_RSFLC建模.R,663
R,DynForest,90_history/clinical/03acfcdacb_0314_RSFLC建模.R,667
R,dplyr,90_history/clinical/03acfcdacb_0314_RSFLC建模.R,686
R,survival,90_history/clinical/03acfcdacb_0314_RSFLC建模.R,690
R,survival,90_history/clinical/03acfcdacb_0314_RSFLC建模.R,693
R,timeROC,90_history/clinical/03acfcdacb_0314_RSFLC建模.R,695
R,timeROC,90_history/clinical/03acfcdacb_0314_RSFLC建模.R,696
R,dplyr,90_history/clinical/03acfcdacb_0314_RSFLC建模.R,725
R,dplyr,90_history/clinical/03acfcdacb_0314_RSFLC建模.R,727
R,writexl,90_history/clinical/03acfcdacb_0314_RSFLC建模.R,746
R,readxl,90_history/clinical/bd6d26082c_0314_RSF建模.R,3
R,dplyr,90_history/clinical/bd6d26082c_0314_RSF建模.R,4
R,survival,90_history/clinical/bd6d26082c_0314_RSF建模.R,5
R,timeROC,90_history/clinical/bd6d26082c_0314_RSF建模.R,6
R,randomForestSRC,90_history/clinical/bd6d26082c_0314_RSF建模.R,7
R,dplyr,90_history/clinical/bd6d26082c_0314_RSF建模.R,11
R,readxl,90_history/clinical/bd6d26082c_0314_RSF建模.R,19
R,readxl,90_history/clinical/bd6d26082c_0314_RSF建模.R,23
R,dplyr,90_history/clinical/bd6d26082c_0314_RSF建模.R,24
R,dplyr,90_history/clinical/bd6d26082c_0314_RSF建模.R,25
R,dplyr,90_history/clinical/bd6d26082c_0314_RSF建模.R,26
R,dplyr,90_history/clinical/bd6d26082c_0314_RSF建模.R,30
R,dplyr,90_history/clinical/bd6d26082c_0314_RSF建模.R,31
R,dplyr,90_history/clinical/bd6d26082c_0314_RSF建模.R,49
R,dplyr,90_history/clinical/bd6d26082c_0314_RSF建模.R,50
R,dplyr,90_history/clinical/bd6d26082c_0314_RSF建模.R,51
R,dplyr,90_history/clinical/bd6d26082c_0314_RSF建模.R,52
R,dplyr,90_history/clinical/bd6d26082c_0314_RSF建模.R,53
R,dplyr,90_history/clinical/bd6d26082c_0314_RSF建模.R,58
R,randomForestSRC,90_history/clinical/bd6d26082c_0314_RSF建模.R,127
R,timeROC,90_history/clinical/bd6d26082c_0314_RSF建模.R,162
R,timeROC,90_history/clinical/bd6d26082c_0314_RSF建模.R,163
R,survival,90_history/clinical/bd6d26082c_0314_RSF建模.R,168
R,survival,90_history/clinical/bd6d26082c_0314_RSF建模.R,171
R,survival,90_history/clinical/bd6d26082c_0314_RSF建模.R,175
R,readxl,90_history/clinical/bd6d26082c_0314_RSF建模.R,222
R,dplyr,90_history/clinical/bd6d26082c_0314_RSF建模.R,223
R,survival,90_history/clinical/bd6d26082c_0314_RSF建模.R,224
R,timeROC,90_history/clinical/bd6d26082c_0314_RSF建模.R,225
R,randomForestSRC,90_history/clinical/bd6d26082c_0314_RSF建模.R,226
R,dplyr,90_history/clinical/bd6d26082c_0314_RSF建模.R,230
R,readxl,90_history/clinical/bd6d26082c_0314_RSF建模.R,238
R,readxl,90_history/clinical/bd6d26082c_0314_RSF建模.R,242
R,dplyr,90_history/clinical/bd6d26082c_0314_RSF建模.R,243
R,dplyr,90_history/clinical/bd6d26082c_0314_RSF建模.R,244
R,dplyr,90_history/clinical/bd6d26082c_0314_RSF建模.R,245
R,dplyr,90_history/clinical/bd6d26082c_0314_RSF建模.R,249
R,dplyr,90_history/clinical/bd6d26082c_0314_RSF建模.R,250
R,dplyr,90_history/clinical/bd6d26082c_0314_RSF建模.R,268
R,dplyr,90_history/clinical/bd6d26082c_0314_RSF建模.R,269
R,dplyr,90_history/clinical/bd6d26082c_0314_RSF建模.R,270
R,dplyr,90_history/clinical/bd6d26082c_0314_RSF建模.R,271
R,dplyr,90_history/clinical/bd6d26082c_0314_RSF建模.R,272
R,dplyr,90_history/clinical/bd6d26082c_0314_RSF建模.R,277
R,randomForestSRC,90_history/clinical/bd6d26082c_0314_RSF建模.R,346
R,timeROC,90_history/clinical/bd6d26082c_0314_RSF建模.R,381
R,timeROC,90_history/clinical/bd6d26082c_0314_RSF建模.R,382
R,survival,90_history/clinical/bd6d26082c_0314_RSF建模.R,387
R,survival,90_history/clinical/bd6d26082c_0314_RSF建模.R,390
R,survival,90_history/clinical/bd6d26082c_0314_RSF建模.R,394
R,dplyr,90_history/clinical/bd6d26082c_0314_RSF建模.R,480
R,writexl,90_history/clinical/bd6d26082c_0314_RSF建模.R,482
R,utils,90_history/clinical/bd6d26082c_0314_RSF建模.R,486
R,readxl,90_history/clinical/bd6d26082c_0314_RSF建模.R,519
R,readxl,90_history/clinical/bd6d26082c_0314_RSF建模.R,520
R,dplyr,90_history/clinical/bd6d26082c_0314_RSF建模.R,521
R,dplyr,90_history/clinical/bd6d26082c_0314_RSF建模.R,522
R,dplyr,90_history/clinical/bd6d26082c_0314_RSF建模.R,523
R,dplyr,90_history/clinical/bd6d26082c_0314_RSF建模.R,527
R,dplyr,90_history/clinical/bd6d26082c_0314_RSF建模.R,528
R,dplyr,90_history/clinical/bd6d26082c_0314_RSF建模.R,545
R,dplyr,90_history/clinical/bd6d26082c_0314_RSF建模.R,546
R,dplyr,90_history/clinical/bd6d26082c_0314_RSF建模.R,547
R,dplyr,90_history/clinical/bd6d26082c_0314_RSF建模.R,548
R,dplyr,90_history/clinical/bd6d26082c_0314_RSF建模.R,549
R,dplyr,90_history/clinical/bd6d26082c_0314_RSF建模.R,554
R,stats,90_history/clinical/bd6d26082c_0314_RSF建模.R,623
R,randomForestSRC,90_history/clinical/bd6d26082c_0314_RSF建模.R,646
R,stats,90_history/clinical/bd6d26082c_0314_RSF建模.R,647
R,timeROC,90_history/clinical/bd6d26082c_0314_RSF建模.R,675
R,timeROC,90_history/clinical/bd6d26082c_0314_RSF建模.R,676
R,survival,90_history/clinical/bd6d26082c_0314_RSF建模.R,681
R,survival,90_history/clinical/bd6d26082c_0314_RSF建模.R,683
R,utils,90_history/clinical/bd6d26082c_0314_RSF建模.R,706
R,dplyr,90_history/clinical/bd6d26082c_0314_RSF建模.R,743
R,writexl,90_history/clinical/bd6d26082c_0314_RSF建模.R,745
R,utils,90_history/clinical/bd6d26082c_0314_RSF建模.R,751
R,dplyr,90_history/clinical/bd6d26082c_0314_RSF建模.R,770
R,dplyr,90_history/clinical/bd6d26082c_0314_RSF建模.R,772
R,dplyr,90_history/clinical/bd6d26082c_0314_RSF建模.R,783
R,dplyr,90_history/clinical/bd6d26082c_0314_RSF建模.R,789
R,stats,90_history/clinical/bd6d26082c_0314_RSF建模.R,819
R,randomForestSRC,90_history/clinical/bd6d26082c_0314_RSF建模.R,837
R,stats,90_history/clinical/bd6d26082c_0314_RSF建模.R,838
R,timeROC,90_history/clinical/bd6d26082c_0314_RSF建模.R,856
R,timeROC,90_history/clinical/bd6d26082c_0314_RSF建模.R,857
R,survival,90_history/clinical/bd6d26082c_0314_RSF建模.R,861
R,survival,90_history/clinical/bd6d26082c_0314_RSF建模.R,862
R,dplyr,90_history/clinical/bd6d26082c_0314_RSF建模.R,913
R,writexl,90_history/clinical/bd6d26082c_0314_RSF建模.R,935
R,readxl,90_history/clinical/0b459caec8_0314_summary_wide_data.R,10
R,writexl,90_history/clinical/0b459caec8_0314_summary_wide_data.R,11
R,dplyr,90_history/clinical/0b459caec8_0314_summary_wide_data.R,12
R,readxl,90_history/clinical/0b459caec8_0314_summary_wide_data.R,138
R,readxl,90_history/clinical/0b459caec8_0314_summary_wide_data.R,182
R,readxl,90_history/clinical/0b459caec8_0314_summary_wide_data.R,207
R,readxl,90_history/clinical/0b459caec8_0314_summary_wide_data.R,238
R,readxl,90_history/clinical/0b459caec8_0314_summary_wide_data.R,272
R,writexl,90_history/clinical/0b459caec8_0314_summary_wide_data.R,273
R,dplyr,90_history/clinical/0b459caec8_0314_summary_wide_data.R,274
R,readxl,90_history/clinical/0b459caec8_0314_summary_wide_data.R,308
R,writexl,90_history/clinical/0b459caec8_0314_summary_wide_data.R,309
R,dplyr,90_history/clinical/0b459caec8_0314_summary_wide_data.R,334
R,readxl,90_history/clinical/0b459caec8_0314_summary_wide_data.R,359
R,writexl,90_history/clinical/0b459caec8_0314_summary_wide_data.R,360
R,readxl,90_history/clinical/0b459caec8_0314_summary_wide_data.R,412
R,dplyr,90_history/clinical/0b459caec8_0314_summary_wide_data.R,418
R,readxl,90_history/clinical/0b459caec8_0314_summary_wide_data.R,432
R,readxl,90_history/clinical/0b459caec8_0314_summary_wide_data.R,624
R,dplyr,90_history/clinical/0b459caec8_0314_summary_wide_data.R,625
R,survival,90_history/clinical/0b459caec8_0314_summary_wide_data.R,626
R,timeROC,90_history/clinical/0b459caec8_0314_summary_wide_data.R,627
R,randomForestSRC,90_history/clinical/0b459caec8_0314_summary_wide_data.R,628
R,dplyr,90_history/clinical/0b459caec8_0314_summary_wide_data.R,632
R,readxl,90_history/clinical/0b459caec8_0314_summary_wide_data.R,641
R,readxl,90_history/clinical/0b459caec8_0314_summary_wide_data.R,645
R,dplyr,90_history/clinical/0b459caec8_0314_summary_wide_data.R,646
R,dplyr,90_history/clinical/0b459caec8_0314_summary_wide_data.R,647
R,dplyr,90_history/clinical/0b459caec8_0314_summary_wide_data.R,648
R,dplyr,90_history/clinical/0b459caec8_0314_summary_wide_data.R,652
R,dplyr,90_history/clinical/0b459caec8_0314_summary_wide_data.R,653
R,dplyr,90_history/clinical/0b459caec8_0314_summary_wide_data.R,667
R,dplyr,90_history/clinical/0b459caec8_0314_summary_wide_data.R,668
R,dplyr,90_history/clinical/0b459caec8_0314_summary_wide_data.R,669
R,dplyr,90_history/clinical/0b459caec8_0314_summary_wide_data.R,670
R,dplyr,90_history/clinical/0b459caec8_0314_summary_wide_data.R,671
R,dplyr,90_history/clinical/0b459caec8_0314_summary_wide_data.R,676
R,randomForestSRC,90_history/clinical/0b459caec8_0314_summary_wide_data.R,713
R,survival,90_history/clinical/0b459caec8_0314_summary_wide_data.R,714
R,timeROC,90_history/clinical/0b459caec8_0314_summary_wide_data.R,729
R,timeROC,90_history/clinical/0b459caec8_0314_summary_wide_data.R,730
R,survival,90_history/clinical/0b459caec8_0314_summary_wide_data.R,735
R,survival,90_history/clinical/0b459caec8_0314_summary_wide_data.R,738
R,survival,90_history/clinical/0b459caec8_0314_summary_wide_data.R,742
Python,numpy,90_history/clinical/3f421bbeec_impute_0318_filter2_to_0319PRO.py,1
Python,pandas,90_history/clinical/3f421bbeec_impute_0318_filter2_to_0319PRO.py,2
Python,pathlib,90_history/clinical/3f421bbeec_impute_0318_filter2_to_0319PRO.py,3
Python,sklearn,90_history/clinical/3f421bbeec_impute_0318_filter2_to_0319PRO.py,4
Python,numpy,90_history/clinical/2d80e5970f_impute_0319_inputdata.py,1
Python,pandas,90_history/clinical/2d80e5970f_impute_0319_inputdata.py,2
Python,pathlib,90_history/clinical/2d80e5970f_impute_0319_inputdata.py,3
Python,sklearn,90_history/clinical/2d80e5970f_impute_0319_inputdata.py,4
Python,warnings,90_history/clinical/0e8f22e35e_model_4models_0319.py,1
Python,pathlib,90_history/clinical/0e8f22e35e_model_4models_0319.py,2
Python,numpy,90_history/clinical/0e8f22e35e_model_4models_0319.py,4
Python,pandas,90_history/clinical/0e8f22e35e_model_4models_0319.py,5
Python,sklearn,90_history/clinical/0e8f22e35e_model_4models_0319.py,6
Python,sklearn,90_history/clinical/0e8f22e35e_model_4models_0319.py,7
Python,sklearn,90_history/clinical/0e8f22e35e_model_4models_0319.py,8
Python,sklearn,90_history/clinical/0e8f22e35e_model_4models_0319.py,9
Python,sklearn,90_history/clinical/0e8f22e35e_model_4models_0319.py,10
Python,sklearn,90_history/clinical/0e8f22e35e_model_4models_0319.py,11
Python,sklearn,90_history/clinical/0e8f22e35e_model_4models_0319.py,12
Python,sklearn,90_history/clinical/0e8f22e35e_model_4models_0319.py,13
R,timeROC,90_history/clinical/fca16ed12e_run_4models_global.R,51
R,timeROC,90_history/clinical/fca16ed12e_run_4models_global.R,52
R,survival,90_history/clinical/fca16ed12e_run_4models_global.R,67
R,survival,90_history/clinical/fca16ed12e_run_4models_global.R,72
R,survival,90_history/clinical/fca16ed12e_run_4models_global.R,82
R,readxl,90_history/clinical/fca16ed12e_run_4models_global.R,117
R,survival,90_history/clinical/fca16ed12e_run_4models_global.R,213
R,survival,90_history/clinical/fca16ed12e_run_4models_global.R,214
R,stats,90_history/clinical/fca16ed12e_run_4models_global.R,218
R,survival,90_history/clinical/fca16ed12e_run_4models_global.R,219
R,survival,90_history/clinical/fca16ed12e_run_4models_global.R,238
R,randomForestSRC,90_history/clinical/fca16ed12e_run_4models_global.R,239
R,stats,90_history/clinical/fca16ed12e_run_4models_global.R,242
R,randomForestSRC,90_history/clinical/fca16ed12e_run_4models_global.R,246
R,survival,90_history/clinical/fca16ed12e_run_4models_global.R,246
R,survival,90_history/clinical/fca16ed12e_run_4models_global.R,250
R,stats,90_history/clinical/fca16ed12e_run_4models_global.R,254
R,survival,90_history/clinical/fca16ed12e_run_4models_global.R,255
R,joineRML,90_history/clinical/fca16ed12e_run_4models_global.R,328
R,survival,90_history/clinical/fca16ed12e_run_4models_global.R,331
R,nlme,90_history/clinical/fca16ed12e_run_4models_global.R,341
R,nlme,90_history/clinical/fca16ed12e_run_4models_global.R,345
R,stats,90_history/clinical/fca16ed12e_run_4models_global.R,355
R,stats,90_history/clinical/fca16ed12e_run_4models_global.R,356
R,survival,90_history/clinical/fca16ed12e_run_4models_global.R,358
R,survival,90_history/clinical/fca16ed12e_run_4models_global.R,377
R,DynForest,90_history/clinical/fca16ed12e_run_4models_global.R,420
R,dplyr,90_history/clinical/fca16ed12e_run_4models_global.R,479
R,writexl,90_history/clinical/fca16ed12e_run_4models_global.R,480
R,writexl,90_history/clinical/ec11179ed9_run_4models_global_strict.R,40
R,tools,90_history/clinical/ec11179ed9_run_4models_global_strict.R,44
R,writexl,90_history/clinical/ec11179ed9_run_4models_global_strict.R,45
R,timeROC,90_history/clinical/ec11179ed9_run_4models_global_strict.R,65
R,utils,90_history/clinical/ec11179ed9_run_4models_global_strict.R,77
R,survival,90_history/clinical/ec11179ed9_run_4models_global_strict.R,92
R,readxl,90_history/clinical/ec11179ed9_run_4models_global_strict.R,131
R,survival,90_history/clinical/ec11179ed9_run_4models_global_strict.R,205
R,survival,90_history/clinical/ec11179ed9_run_4models_global_strict.R,206
R,stats,90_history/clinical/ec11179ed9_run_4models_global_strict.R,210
R,survival,90_history/clinical/ec11179ed9_run_4models_global_strict.R,211
R,randomForestSRC,90_history/clinical/ec11179ed9_run_4models_global_strict.R,228
R,stats,90_history/clinical/ec11179ed9_run_4models_global_strict.R,245
R,randomForestSRC,90_history/clinical/ec11179ed9_run_4models_global_strict.R,251
R,joineRML,90_history/clinical/ec11179ed9_run_4models_global_strict.R,372
R,survival,90_history/clinical/ec11179ed9_run_4models_global_strict.R,375
R,survival,90_history/clinical/ec11179ed9_run_4models_global_strict.R,398
R,stats,90_history/clinical/ec11179ed9_run_4models_global_strict.R,410
R,DynForest,90_history/clinical/ec11179ed9_run_4models_global_strict.R,447
R,stats,90_history/clinical/ec11179ed9_run_4models_global_strict.R,504
R,readxl,90_history/clinical/434f777d4b_生存时间描述统计.R,4
R,dplyr,90_history/clinical/434f777d4b_生存时间描述统计.R,5
R,readxl,90_history/clinical/434f777d4b_生存时间描述统计.R,20
R,dplyr,90_history/clinical/adfca31465_4模型尝试.R,2
R,readxl,90_history/clinical/adfca31465_4模型尝试.R,3
R,writexl,90_history/clinical/adfca31465_4模型尝试.R,4
R,survival,90_history/clinical/adfca31465_4模型尝试.R,5
R,timeROC,90_history/clinical/adfca31465_4模型尝试.R,6
R,randomForestSRC,90_history/clinical/adfca31465_4模型尝试.R,7
R,joineRML,90_history/clinical/adfca31465_4模型尝试.R,8
R,timeROC,90_history/clinical/adfca31465_4模型尝试.R,48
R,timeROC,90_history/clinical/adfca31465_4模型尝试.R,49
R,survival,90_history/clinical/adfca31465_4模型尝试.R,60
R,survival,90_history/clinical/adfca31465_4模型尝试.R,65
R,randomForestSRC,90_history/clinical/adfca31465_4模型尝试.R,155
R,joineRML,90_history/clinical/adfca31465_4模型尝试.R,222
R,utils,90_history/clinical/adfca31465_4模型尝试.R,267
R,dplyr,90_history/clinical/57ded822f1_modeling_RSFLC_10V.R,2
R,readxl,90_history/clinical/57ded822f1_modeling_RSFLC_10V.R,3
R,writexl,90_history/clinical/57ded822f1_modeling_RSFLC_10V.R,4
R,DynForest,90_history/clinical/57ded822f1_modeling_RSFLC_10V.R,5
R,survival,90_history/clinical/57ded822f1_modeling_RSFLC_10V.R,6
R,timeROC,90_history/clinical/57ded822f1_modeling_RSFLC_10V.R,7
R,utils,90_history/clinical/57ded822f1_modeling_RSFLC_10V.R,170
R,parallel,90_history/clinical/57ded822f1_modeling_RSFLC_10V.R,188
R,DynForest,90_history/clinical/57ded822f1_modeling_RSFLC_10V.R,222
R,survival,90_history/clinical/57ded822f1_modeling_RSFLC_10V.R,276
R,survival,90_history/clinical/57ded822f1_modeling_RSFLC_10V.R,279
R,timeROC,90_history/clinical/57ded822f1_modeling_RSFLC_10V.R,283
R,timeROC,90_history/clinical/57ded822f1_modeling_RSFLC_10V.R,284
R,writexl,90_history/clinical/57ded822f1_modeling_RSFLC_10V.R,317
R,dplyr,90_history/clinical/b379a3bf8b_modeling_RSFLC_4V.r,2
R,readxl,90_history/clinical/b379a3bf8b_modeling_RSFLC_4V.r,3
R,writexl,90_history/clinical/b379a3bf8b_modeling_RSFLC_4V.r,4
R,DynForest,90_history/clinical/b379a3bf8b_modeling_RSFLC_4V.r,5
R,survival,90_history/clinical/b379a3bf8b_modeling_RSFLC_4V.r,6
R,timeROC,90_history/clinical/b379a3bf8b_modeling_RSFLC_4V.r,7
R,utils,90_history/clinical/b379a3bf8b_modeling_RSFLC_4V.r,175
R,parallel,90_history/clinical/b379a3bf8b_modeling_RSFLC_4V.r,188
R,DynForest,90_history/clinical/b379a3bf8b_modeling_RSFLC_4V.r,220
R,survival,90_history/clinical/b379a3bf8b_modeling_RSFLC_4V.r,285
R,survival,90_history/clinical/b379a3bf8b_modeling_RSFLC_4V.r,291
R,timeROC,90_history/clinical/b379a3bf8b_modeling_RSFLC_4V.r,297
R,timeROC,90_history/clinical/b379a3bf8b_modeling_RSFLC_4V.r,298
R,writexl,90_history/clinical/b379a3bf8b_modeling_RSFLC_4V.r,328
R,dplyr,90_history/clinical/de5eaf603c_modeling_RSFLC_t0.R,6
R,readxl,90_history/clinical/de5eaf603c_modeling_RSFLC_t0.R,7
R,writexl,90_history/clinical/de5eaf603c_modeling_RSFLC_t0.R,8
R,DynForest,90_history/clinical/de5eaf603c_modeling_RSFLC_t0.R,9
R,survival,90_history/clinical/de5eaf603c_modeling_RSFLC_t0.R,10
R,timeROC,90_history/clinical/de5eaf603c_modeling_RSFLC_t0.R,11
R,writexl,90_history/clinical/de5eaf603c_modeling_RSFLC_t0.R,66
R,tools,90_history/clinical/de5eaf603c_modeling_RSFLC_t0.R,73
R,writexl,90_history/clinical/de5eaf603c_modeling_RSFLC_t0.R,75
R,timeROC,90_history/clinical/de5eaf603c_modeling_RSFLC_t0.R,107
R,timeROC,90_history/clinical/de5eaf603c_modeling_RSFLC_t0.R,108
R,survival,90_history/clinical/de5eaf603c_modeling_RSFLC_t0.R,126
R,survival,90_history/clinical/de5eaf603c_modeling_RSFLC_t0.R,129
R,survival,90_history/clinical/de5eaf603c_modeling_RSFLC_t0.R,137
R,DynForest,90_history/clinical/de5eaf603c_modeling_RSFLC_t0.R,184
R,survival,90_history/clinical/de5eaf603c_modeling_RSFLC_t0.R,226
R,parallel,90_history/clinical/de5eaf603c_modeling_RSFLC_t0.R,296
R,utils,90_history/clinical/de5eaf603c_modeling_RSFLC_t0.R,302
R,utils,90_history/clinical/de5eaf603c_modeling_RSFLC_t0.R,369
R,dplyr,90_history/clinical/f08b49afe4_modeling_RSF_4V_t0.R,6
R,readxl,90_history/clinical/f08b49afe4_modeling_RSF_4V_t0.R,7
R,writexl,90_history/clinical/f08b49afe4_modeling_RSF_4V_t0.R,8
R,survival,90_history/clinical/f08b49afe4_modeling_RSF_4V_t0.R,9
R,timeROC,90_history/clinical/f08b49afe4_modeling_RSF_4V_t0.R,10
R,randomForestSRC,90_history/clinical/f08b49afe4_modeling_RSF_4V_t0.R,11
R,writexl,90_history/clinical/f08b49afe4_modeling_RSF_4V_t0.R,71
R,tools,90_history/clinical/f08b49afe4_modeling_RSF_4V_t0.R,78
R,writexl,90_history/clinical/f08b49afe4_modeling_RSF_4V_t0.R,80
R,randomForestSRC,90_history/clinical/f08b49afe4_modeling_RSF_4V_t0.R,126
R,timeROC,90_history/clinical/f08b49afe4_modeling_RSF_4V_t0.R,186
R,timeROC,90_history/clinical/f08b49afe4_modeling_RSF_4V_t0.R,187
R,survival,90_history/clinical/f08b49afe4_modeling_RSF_4V_t0.R,209
R,survival,90_history/clinical/f08b49afe4_modeling_RSF_4V_t0.R,212
R,survival,90_history/clinical/f08b49afe4_modeling_RSF_4V_t0.R,216
R,utils,90_history/clinical/f08b49afe4_modeling_RSF_4V_t0.R,308
R,utils,90_history/clinical/f08b49afe4_modeling_RSF_4V_t0.R,436
R,dplyr,90_history/clinical/fb7275d070_0319_JM建模_1.r,8
R,readxl,90_history/clinical/fb7275d070_0319_JM建模_1.r,9
R,survival,90_history/clinical/fb7275d070_0319_JM建模_1.r,10
R,timeROC,90_history/clinical/fb7275d070_0319_JM建模_1.r,11
R,nlme,90_history/clinical/fb7275d070_0319_JM建模_1.r,12
R,JM,90_history/clinical/fb7275d070_0319_JM建模_1.r,13
R,writexl,90_history/clinical/fb7275d070_0319_JM建模_1.r,14
R,dplyr,90_history/clinical/fb7275d070_0319_JM建模_1.r,33
R,dplyr,90_history/clinical/fb7275d070_0319_JM建模_1.r,34
R,dplyr,90_history/clinical/fb7275d070_0319_JM建模_1.r,35
R,stats,90_history/clinical/fb7275d070_0319_JM建模_1.r,50
R,nlme,90_history/clinical/fb7275d070_0319_JM建模_1.r,206
R,nlme,90_history/clinical/fb7275d070_0319_JM建模_1.r,211
R,survival,90_history/clinical/fb7275d070_0319_JM建模_1.r,217
R,JM,90_history/clinical/fb7275d070_0319_JM建模_1.r,218
R,nlme,90_history/clinical/fb7275d070_0319_JM建模_1.r,231
R,nlme,90_history/clinical/fb7275d070_0319_JM建模_1.r,237
R,survival,90_history/clinical/fb7275d070_0319_JM建模_1.r,257
R,survival,90_history/clinical/fb7275d070_0319_JM建模_1.r,263
R,utils,90_history/clinical/fb7275d070_0319_JM建模_1.r,294
R,dplyr,90_history/clinical/fb7275d070_0319_JM建模_1.r,340
R,dplyr,90_history/clinical/fb7275d070_0319_JM建模_1.r,341
R,writexl,90_history/clinical/fb7275d070_0319_JM建模_1.r,344
R,utils,90_history/clinical/fb7275d070_0319_JM建模_1.r,353
R,utils,90_history/clinical/fb7275d070_0319_JM建模_1.r,367
R,dplyr,90_history/clinical/fb7275d070_0319_JM建模_1.r,413
R,dplyr,90_history/clinical/fb7275d070_0319_JM建模_1.r,414
R,writexl,90_history/clinical/fb7275d070_0319_JM建模_1.r,417
R,utils,90_history/clinical/fb7275d070_0319_JM建模_1.r,426
R,dplyr,90_history/clinical/fb7275d070_0319_JM建模_1.r,435
R,dplyr,90_history/clinical/fb7275d070_0319_JM建模_1.r,436
R,dplyr,90_history/clinical/add681d364_0319_RSFLC建模_1.r,8
R,readxl,90_history/clinical/add681d364_0319_RSFLC建模_1.r,9
R,DynForest,90_history/clinical/add681d364_0319_RSFLC建模_1.r,10
R,survival,90_history/clinical/add681d364_0319_RSFLC建模_1.r,11
R,timeROC,90_history/clinical/add681d364_0319_RSFLC建模_1.r,12
R,writexl,90_history/clinical/add681d364_0319_RSFLC建模_1.r,13
R,dplyr,90_history/clinical/add681d364_0319_RSFLC建模_1.r,62
R,dplyr,90_history/clinical/add681d364_0319_RSFLC建模_1.r,139
R,dplyr,90_history/clinical/add681d364_0319_RSFLC建模_1.r,140
R,dplyr,90_history/clinical/add681d364_0319_RSFLC建模_1.r,142
R,dplyr,90_history/clinical/add681d364_0319_RSFLC建模_1.r,143
R,dplyr,90_history/clinical/add681d364_0319_RSFLC建模_1.r,156
R,dplyr,90_history/clinical/add681d364_0319_RSFLC建模_1.r,157
R,dplyr,90_history/clinical/add681d364_0319_RSFLC建模_1.r,158
R,DynForest,90_history/clinical/add681d364_0319_RSFLC建模_1.r,160
R,dplyr,90_history/clinical/add681d364_0319_RSFLC建模_1.r,180
R,survival,90_history/clinical/add681d364_0319_RSFLC建模_1.r,185
R,survival,90_history/clinical/add681d364_0319_RSFLC建模_1.r,188
R,timeROC,90_history/clinical/add681d364_0319_RSFLC建模_1.r,191
R,timeROC,90_history/clinical/add681d364_0319_RSFLC建模_1.r,192
R,utils,90_history/clinical/add681d364_0319_RSFLC建模_1.r,211
R,dplyr,90_history/clinical/add681d364_0319_RSFLC建模_1.r,257
R,dplyr,90_history/clinical/add681d364_0319_RSFLC建模_1.r,258
R,writexl,90_history/clinical/add681d364_0319_RSFLC建模_1.r,261
R,utils,90_history/clinical/add681d364_0319_RSFLC建模_1.r,269
R,dplyr,90_history/clinical/add681d364_0319_RSFLC建模_1.r,334
R,dplyr,90_history/clinical/add681d364_0319_RSFLC建模_1.r,335
R,writexl,90_history/clinical/add681d364_0319_RSFLC建模_1.r,338
R,utils,90_history/clinical/add681d364_0319_RSFLC建模_1.r,346
R,dplyr,90_history/clinical/add681d364_0319_RSFLC建模_1.r,355
R,dplyr,90_history/clinical/add681d364_0319_RSFLC建模_1.r,356
R,readxl,90_history/clinical/8603d5a48d_0319_RSF建模_1.r,8
R,dplyr,90_history/clinical/8603d5a48d_0319_RSF建模_1.r,9
R,survival,90_history/clinical/8603d5a48d_0319_RSF建模_1.r,10
R,timeROC,90_history/clinical/8603d5a48d_0319_RSF建模_1.r,11
R,randomForestSRC,90_history/clinical/8603d5a48d_0319_RSF建模_1.r,12
R,writexl,90_history/clinical/8603d5a48d_0319_RSF建模_1.r,13
R,readxl,90_history/clinical/8603d5a48d_0319_RSF建模_1.r,29
R,readxl,90_history/clinical/8603d5a48d_0319_RSF建模_1.r,33
R,dplyr,90_history/clinical/8603d5a48d_0319_RSF建模_1.r,34
R,dplyr,90_history/clinical/8603d5a48d_0319_RSF建模_1.r,35
R,dplyr,90_history/clinical/8603d5a48d_0319_RSF建模_1.r,36
R,dplyr,90_history/clinical/8603d5a48d_0319_RSF建模_1.r,40
R,dplyr,90_history/clinical/8603d5a48d_0319_RSF建模_1.r,41
R,dplyr,90_history/clinical/8603d5a48d_0319_RSF建模_1.r,61
R,dplyr,90_history/clinical/8603d5a48d_0319_RSF建模_1.r,62
R,dplyr,90_history/clinical/8603d5a48d_0319_RSF建模_1.r,63
R,dplyr,90_history/clinical/8603d5a48d_0319_RSF建模_1.r,64
R,dplyr,90_history/clinical/8603d5a48d_0319_RSF建模_1.r,65
R,dplyr,90_history/clinical/8603d5a48d_0319_RSF建模_1.r,70
R,stats,90_history/clinical/8603d5a48d_0319_RSF建模_1.r,177
R,randomForestSRC,90_history/clinical/8603d5a48d_0319_RSF建模_1.r,198
R,stats,90_history/clinical/8603d5a48d_0319_RSF建模_1.r,199
R,timeROC,90_history/clinical/8603d5a48d_0319_RSF建模_1.r,228
R,timeROC,90_history/clinical/8603d5a48d_0319_RSF建模_1.r,229
R,survival,90_history/clinical/8603d5a48d_0319_RSF建模_1.r,234
R,survival,90_history/clinical/8603d5a48d_0319_RSF建模_1.r,236
R,utils,90_history/clinical/8603d5a48d_0319_RSF建模_1.r,252
R,dplyr,90_history/clinical/8603d5a48d_0319_RSF建模_1.r,298
R,dplyr,90_history/clinical/8603d5a48d_0319_RSF建模_1.r,299
R,writexl,90_history/clinical/8603d5a48d_0319_RSF建模_1.r,302
R,utils,90_history/clinical/8603d5a48d_0319_RSF建模_1.r,310
R,utils,90_history/clinical/8603d5a48d_0319_RSF建模_1.r,324
R,dplyr,90_history/clinical/8603d5a48d_0319_RSF建模_1.r,370
R,dplyr,90_history/clinical/8603d5a48d_0319_RSF建模_1.r,371
R,writexl,90_history/clinical/8603d5a48d_0319_RSF建模_1.r,374
R,utils,90_history/clinical/8603d5a48d_0319_RSF建模_1.r,382
R,dplyr,90_history/clinical/8603d5a48d_0319_RSF建模_1.r,391
R,dplyr,90_history/clinical/8603d5a48d_0319_RSF建模_1.r,392
R,readxl,90_history/clinical/130a0e9f27_0319_cox建模_1.r,8
R,dplyr,90_history/clinical/130a0e9f27_0319_cox建模_1.r,9
R,survival,90_history/clinical/130a0e9f27_0319_cox建模_1.r,10
R,timeROC,90_history/clinical/130a0e9f27_0319_cox建模_1.r,11
R,writexl,90_history/clinical/130a0e9f27_0319_cox建模_1.r,12
R,readxl,90_history/clinical/130a0e9f27_0319_cox建模_1.r,26
R,readxl,90_history/clinical/130a0e9f27_0319_cox建模_1.r,30
R,dplyr,90_history/clinical/130a0e9f27_0319_cox建模_1.r,31
R,dplyr,90_history/clinical/130a0e9f27_0319_cox建模_1.r,32
R,dplyr,90_history/clinical/130a0e9f27_0319_cox建模_1.r,33
R,dplyr,90_history/clinical/130a0e9f27_0319_cox建模_1.r,37
R,dplyr,90_history/clinical/130a0e9f27_0319_cox建模_1.r,38
R,dplyr,90_history/clinical/130a0e9f27_0319_cox建模_1.r,58
R,dplyr,90_history/clinical/130a0e9f27_0319_cox建模_1.r,59
R,dplyr,90_history/clinical/130a0e9f27_0319_cox建模_1.r,60
R,dplyr,90_history/clinical/130a0e9f27_0319_cox建模_1.r,61
R,dplyr,90_history/clinical/130a0e9f27_0319_cox建模_1.r,62
R,dplyr,90_history/clinical/130a0e9f27_0319_cox建模_1.r,67
R,stats,90_history/clinical/130a0e9f27_0319_cox建模_1.r,175
R,survival,90_history/clinical/130a0e9f27_0319_cox建模_1.r,197
R,survival,90_history/clinical/130a0e9f27_0319_cox建模_1.r,204
R,timeROC,90_history/clinical/130a0e9f27_0319_cox建模_1.r,211
R,timeROC,90_history/clinical/130a0e9f27_0319_cox建模_1.r,212
R,survival,90_history/clinical/130a0e9f27_0319_cox建模_1.r,217
R,survival,90_history/clinical/130a0e9f27_0319_cox建模_1.r,219
R,utils,90_history/clinical/130a0e9f27_0319_cox建模_1.r,235
R,dplyr,90_history/clinical/130a0e9f27_0319_cox建模_1.r,281
R,dplyr,90_history/clinical/130a0e9f27_0319_cox建模_1.r,282
R,writexl,90_history/clinical/130a0e9f27_0319_cox建模_1.r,286
R,utils,90_history/clinical/130a0e9f27_0319_cox建模_1.r,294
R,utils,90_history/clinical/130a0e9f27_0319_cox建模_1.r,309
R,dplyr,90_history/clinical/130a0e9f27_0319_cox建模_1.r,355
R,dplyr,90_history/clinical/130a0e9f27_0319_cox建模_1.r,356
R,writexl,90_history/clinical/130a0e9f27_0319_cox建模_1.r,359
R,utils,90_history/clinical/130a0e9f27_0319_cox建模_1.r,367
R,dplyr,90_history/clinical/130a0e9f27_0319_cox建模_1.r,376
R,dplyr,90_history/clinical/130a0e9f27_0319_cox建模_1.r,377
R,readxl,90_history/clinical/a658f125a4_0323_COX.R,8
R,dplyr,90_history/clinical/a658f125a4_0323_COX.R,9
R,survival,90_history/clinical/a658f125a4_0323_COX.R,10
R,timeROC,90_history/clinical/a658f125a4_0323_COX.R,11
R,writexl,90_history/clinical/a658f125a4_0323_COX.R,12
R,readxl,90_history/clinical/a658f125a4_0323_COX.R,30
R,dplyr,90_history/clinical/a658f125a4_0323_COX.R,74
R,dplyr,90_history/clinical/a658f125a4_0323_COX.R,104
R,dplyr,90_history/clinical/a658f125a4_0323_COX.R,105
R,dplyr,90_history/clinical/a658f125a4_0323_COX.R,108
R,dplyr,90_history/clinical/a658f125a4_0323_COX.R,114
R,timeROC,90_history/clinical/a658f125a4_0323_COX.R,162
R,timeROC,90_history/clinical/a658f125a4_0323_COX.R,163
R,survival,90_history/clinical/a658f125a4_0323_COX.R,174
R,survival,90_history/clinical/a658f125a4_0323_COX.R,176
R,survival,90_history/clinical/a658f125a4_0323_COX.R,180
R,dplyr,90_history/clinical/a658f125a4_0323_COX.R,207
R,dplyr,90_history/clinical/a658f125a4_0323_COX.R,208
R,survival,90_history/clinical/a658f125a4_0323_COX.R,230
R,survival,90_history/clinical/a658f125a4_0323_COX.R,235
R,survival,90_history/clinical/a658f125a4_0323_COX.R,239
R,survival,90_history/clinical/a658f125a4_0323_COX.R,254
R,survival,90_history/clinical/a658f125a4_0323_COX.R,258
R,dplyr,90_history/clinical/a658f125a4_0323_COX.R,290
R,dplyr,90_history/clinical/a658f125a4_0323_COX.R,292
R,writexl,90_history/clinical/a658f125a4_0323_COX.R,314
R,writexl,90_history/clinical/a658f125a4_0323_COX.R,319
R,joineRML,90_history/clinical/ebaf5df602_0323_JM.R,3
R,readxl,90_history/clinical/ebaf5df602_0323_JM.R,12
R,dplyr,90_history/clinical/ebaf5df602_0323_JM.R,13
R,joineRML,90_history/clinical/ebaf5df602_0323_JM.R,14
R,survival,90_history/clinical/ebaf5df602_0323_JM.R,15
R,timeROC,90_history/clinical/ebaf5df602_0323_JM.R,16
R,writexl,90_history/clinical/ebaf5df602_0323_JM.R,17
R,readxl,90_history/clinical/ebaf5df602_0323_JM.R,35
R,dplyr,90_history/clinical/ebaf5df602_0323_JM.R,85
R,dplyr,90_history/clinical/ebaf5df602_0323_JM.R,86
R,dplyr,90_history/clinical/ebaf5df602_0323_JM.R,87
R,dplyr,90_history/clinical/ebaf5df602_0323_JM.R,93
R,dplyr,90_history/clinical/ebaf5df602_0323_JM.R,94
R,dplyr,90_history/clinical/ebaf5df602_0323_JM.R,95
R,dplyr,90_history/clinical/ebaf5df602_0323_JM.R,141
R,dplyr,90_history/clinical/ebaf5df602_0323_JM.R,142
R,dplyr,90_history/clinical/ebaf5df602_0323_JM.R,143
R,dplyr,90_history/clinical/ebaf5df602_0323_JM.R,144
R,dplyr,90_history/clinical/ebaf5df602_0323_JM.R,145
R,dplyr,90_history/clinical/ebaf5df602_0323_JM.R,146
R,dplyr,90_history/clinical/ebaf5df602_0323_JM.R,147
R,dplyr,90_history/clinical/ebaf5df602_0323_JM.R,192
R,dplyr,90_history/clinical/ebaf5df602_0323_JM.R,193
R,joineRML,90_history/clinical/ebaf5df602_0323_JM.R,217
R,survival,90_history/clinical/ebaf5df602_0323_JM.R,264
R,survival,90_history/clinical/ebaf5df602_0323_JM.R,267
R,timeROC,90_history/clinical/ebaf5df602_0323_JM.R,270
R,timeROC,90_history/clinical/ebaf5df602_0323_JM.R,271
R,survival,90_history/clinical/ebaf5df602_0323_JM.R,301
R,survival,90_history/clinical/ebaf5df602_0323_JM.R,304
R,timeROC,90_history/clinical/ebaf5df602_0323_JM.R,307
R,timeROC,90_history/clinical/ebaf5df602_0323_JM.R,308
R,dplyr,90_history/clinical/ebaf5df602_0323_JM.R,350
R,dplyr,90_history/clinical/ebaf5df602_0323_JM.R,352
R,writexl,90_history/clinical/ebaf5df602_0323_JM.R,374
R,writexl,90_history/clinical/ebaf5df602_0323_JM.R,379
R,joineRML,90_history/clinical/ebaf5df602_0323_JM.R,383
R,readxl,90_history/clinical/ff3bdec13e_0323_RSF.R,10
R,dplyr,90_history/clinical/ff3bdec13e_0323_RSF.R,11
R,survival,90_history/clinical/ff3bdec13e_0323_RSF.R,12
R,timeROC,90_history/clinical/ff3bdec13e_0323_RSF.R,13
R,randomForestSRC,90_history/clinical/ff3bdec13e_0323_RSF.R,14
R,writexl,90_history/clinical/ff3bdec13e_0323_RSF.R,15
R,readxl,90_history/clinical/ff3bdec13e_0323_RSF.R,40
R,dplyr,90_history/clinical/ff3bdec13e_0323_RSF.R,57
R,dplyr,90_history/clinical/ff3bdec13e_0323_RSF.R,58
R,dplyr,90_history/clinical/ff3bdec13e_0323_RSF.R,80
R,timeROC,90_history/clinical/ff3bdec13e_0323_RSF.R,137
R,timeROC,90_history/clinical/ff3bdec13e_0323_RSF.R,138
R,survival,90_history/clinical/ff3bdec13e_0323_RSF.R,144
R,survival,90_history/clinical/ff3bdec13e_0323_RSF.R,146
R,survival,90_history/clinical/ff3bdec13e_0323_RSF.R,150
R,stats,90_history/clinical/ff3bdec13e_0323_RSF.R,220
R,survival,90_history/clinical/ff3bdec13e_0323_RSF.R,301
R,survival,90_history/clinical/ff3bdec13e_0323_RSF.R,307
R,randomForestSRC,90_history/clinical/ff3bdec13e_0323_RSF.R,320
R,survival,90_history/clinical/ff3bdec13e_0323_RSF.R,321
R,randomForestSRC,90_history/clinical/ff3bdec13e_0323_RSF.R,367
R,survival,90_history/clinical/ff3bdec13e_0323_RSF.R,368
R,dplyr,90_history/clinical/ff3bdec13e_0323_RSF.R,485
R,dplyr,90_history/clinical/ff3bdec13e_0323_RSF.R,487
R,writexl,90_history/clinical/ff3bdec13e_0323_RSF.R,513
R,ipred,90_history/clinical/b8f1f7aae8_0323_RSFLC.R,6
R,readxl,90_history/clinical/b8f1f7aae8_0323_RSFLC.R,9
R,dplyr,90_history/clinical/b8f1f7aae8_0323_RSFLC.R,10
R,DynForest,90_history/clinical/b8f1f7aae8_0323_RSFLC.R,11
R,survival,90_history/clinical/b8f1f7aae8_0323_RSFLC.R,12
R,timeROC,90_history/clinical/b8f1f7aae8_0323_RSFLC.R,13
R,ipred,90_history/clinical/b8f1f7aae8_0323_RSFLC.R,14
R,writexl,90_history/clinical/b8f1f7aae8_0323_RSFLC.R,15
R,readxl,90_history/clinical/b8f1f7aae8_0323_RSFLC.R,33
R,dplyr,90_history/clinical/b8f1f7aae8_0323_RSFLC.R,52
R,dplyr,90_history/clinical/b8f1f7aae8_0323_RSFLC.R,53
R,dplyr,90_history/clinical/b8f1f7aae8_0323_RSFLC.R,54
R,dplyr,90_history/clinical/b8f1f7aae8_0323_RSFLC.R,79
R,dplyr,90_history/clinical/b8f1f7aae8_0323_RSFLC.R,80
R,dplyr,90_history/clinical/b8f1f7aae8_0323_RSFLC.R,94
R,dplyr,90_history/clinical/b8f1f7aae8_0323_RSFLC.R,95
R,dplyr,90_history/clinical/b8f1f7aae8_0323_RSFLC.R,97
R,dplyr,90_history/clinical/b8f1f7aae8_0323_RSFLC.R,98
R,dplyr,90_history/clinical/b8f1f7aae8_0323_RSFLC.R,100
R,dplyr,90_history/clinical/b8f1f7aae8_0323_RSFLC.R,104
R,dplyr,90_history/clinical/b8f1f7aae8_0323_RSFLC.R,115
R,dplyr,90_history/clinical/b8f1f7aae8_0323_RSFLC.R,121
R,dplyr,90_history/clinical/b8f1f7aae8_0323_RSFLC.R,122
R,dplyr,90_history/clinical/b8f1f7aae8_0323_RSFLC.R,123
R,dplyr,90_history/clinical/b8f1f7aae8_0323_RSFLC.R,124
R,stats,90_history/clinical/b8f1f7aae8_0323_RSFLC.R,210
R,ipred,90_history/clinical/b8f1f7aae8_0323_RSFLC.R,228
R,survival,90_history/clinical/b8f1f7aae8_0323_RSFLC.R,228
R,timeROC,90_history/clinical/b8f1f7aae8_0323_RSFLC.R,244
R,timeROC,90_history/clinical/b8f1f7aae8_0323_RSFLC.R,245
R,survival,90_history/clinical/b8f1f7aae8_0323_RSFLC.R,259
R,survival,90_history/clinical/b8f1f7aae8_0323_RSFLC.R,261
R,dplyr,90_history/clinical/b8f1f7aae8_0323_RSFLC.R,286
R,dplyr,90_history/clinical/b8f1f7aae8_0323_RSFLC.R,287
R,dplyr,90_history/clinical/b8f1f7aae8_0323_RSFLC.R,288
R,dplyr,90_history/clinical/b8f1f7aae8_0323_RSFLC.R,289
R,dplyr,90_history/clinical/b8f1f7aae8_0323_RSFLC.R,290
R,dplyr,90_history/clinical/b8f1f7aae8_0323_RSFLC.R,291
R,DynForest,90_history/clinical/b8f1f7aae8_0323_RSFLC.R,297
R,dplyr,90_history/clinical/b8f1f7aae8_0323_RSFLC.R,320
R,dplyr,90_history/clinical/b8f1f7aae8_0323_RSFLC.R,334
R,dplyr,90_history/clinical/b8f1f7aae8_0323_RSFLC.R,384
R,dplyr,90_history/clinical/b8f1f7aae8_0323_RSFLC.R,386
R,writexl,90_history/clinical/b8f1f7aae8_0323_RSFLC.R,408
R,writexl,90_history/clinical/b8f1f7aae8_0323_RSFLC.R,413
R,tidyverse,90_history/clinical/183e7107f5_0325可视化结果.R,1
R,ggplot2,90_history/clinical/183e7107f5_0325可视化结果.R,2
R,ggplot2,90_history/clinical/183e7107f5_0325可视化结果.R,58
R,forcats,90_history/clinical/183e7107f5_0325可视化结果.R,63
R,patchwork,90_history/clinical/183e7107f5_0325可视化结果.R,85
R,readxl,90_history/clinical/6a5c7bfc2c_5折代码.R,7
R,dplyr,90_history/clinical/6a5c7bfc2c_5折代码.R,8
R,writexl,90_history/clinical/6a5c7bfc2c_5折代码.R,9
R,readxl,90_history/clinical/6a5c7bfc2c_5折代码.R,33
R,dplyr,90_history/clinical/6a5c7bfc2c_5折代码.R,91
R,writexl,90_history/clinical/6a5c7bfc2c_5折代码.R,95
R,dplyr,90_history/clinical/6a5c7bfc2c_5折代码.R,102
R,dplyr,90_history/clinical/6a5c7bfc2c_5折代码.R,103
R,dplyr,90_history/clinical/6a5c7bfc2c_5折代码.R,106
R,dplyr,90_history/clinical/6a5c7bfc2c_5折代码.R,107
R,dplyr,90_history/clinical/6a5c7bfc2c_5折代码.R,108
R,tidyverse,90_history/clinical/8145d84f9a_0325可视化结果.R,1
R,ggplot2,90_history/clinical/8145d84f9a_0325可视化结果.R,2
R,readxl,90_history/clinical/8145d84f9a_0325可视化结果.R,4
R,writexl,90_history/clinical/8145d84f9a_0325可视化结果.R,5
R,readxl,90_history/clinical/8145d84f9a_0325可视化结果.R,32
R,stats,90_history/clinical/8145d84f9a_0325可视化结果.R,65
R,stats,90_history/clinical/8145d84f9a_0325可视化结果.R,66
R,stats,90_history/clinical/8145d84f9a_0325可视化结果.R,68
R,writexl,90_history/clinical/8145d84f9a_0325可视化结果.R,107
R,ggplot2,90_history/clinical/8145d84f9a_0325可视化结果.R,150
R,forcats,90_history/clinical/8145d84f9a_0325可视化结果.R,155
R,readxl,90_history/clinical/5e759d8d3c_0331_bootstrap_RSF_vs_RSF_LC.R,17
R,dplyr,90_history/clinical/5e759d8d3c_0331_bootstrap_RSF_vs_RSF_LC.R,18
R,readxl,90_history/clinical/5e759d8d3c_0331_bootstrap_RSF_vs_RSF_LC.R,38
R,stats,90_history/clinical/5e759d8d3c_0331_bootstrap_RSF_vs_RSF_LC.R,76
R,boot,90_history/clinical/5e759d8d3c_0331_bootstrap_RSF_vs_RSF_LC.R,80
R,boot,90_history/clinical/5e759d8d3c_0331_bootstrap_RSF_vs_RSF_LC.R,82
R,stats,90_history/clinical/5e759d8d3c_0331_bootstrap_RSF_vs_RSF_LC.R,93
R,tibble,90_history/clinical/5e759d8d3c_0331_bootstrap_RSF_vs_RSF_LC.R,101
R,stats,90_history/clinical/5e759d8d3c_0331_bootstrap_RSF_vs_RSF_LC.R,107
R,dplyr,90_history/clinical/5e759d8d3c_0331_bootstrap_RSF_vs_RSF_LC.R,117
R,tibble,90_history/clinical/5e759d8d3c_0331_bootstrap_RSF_vs_RSF_LC.R,123
R,utils,90_history/clinical/5e759d8d3c_0331_bootstrap_RSF_vs_RSF_LC.R,138
R,utils,90_history/clinical/5e759d8d3c_0331_bootstrap_RSF_vs_RSF_LC.R,139
R,readxl,90_history/clinical/c29b3f9edd_0331_friedman_模型区分度.R,16
R,dplyr,90_history/clinical/c29b3f9edd_0331_friedman_模型区分度.R,17
R,tidyr,90_history/clinical/c29b3f9edd_0331_friedman_模型区分度.R,18
R,tibble,90_history/clinical/c29b3f9edd_0331_friedman_模型区分度.R,19
R,writexl,90_history/clinical/c29b3f9edd_0331_friedman_模型区分度.R,20
R,readxl,90_history/clinical/c29b3f9edd_0331_friedman_模型区分度.R,53
R,tidyr,90_history/clinical/c29b3f9edd_0331_friedman_模型区分度.R,55
R,readxl,90_history/clinical/c29b3f9edd_0331_friedman_模型区分度.R,68
R,writexl,90_history/clinical/c29b3f9edd_0331_friedman_模型区分度.R,72
R,readxl,90_history/clinical/c29b3f9edd_0331_friedman_模型区分度.R,80
R,dplyr,90_history/clinical/c29b3f9edd_0331_friedman_模型区分度.R,100
R,stats,90_history/clinical/c29b3f9edd_0331_friedman_模型区分度.R,129
R,tibble,90_history/clinical/c29b3f9edd_0331_friedman_模型区分度.R,132
R,utils,90_history/clinical/c29b3f9edd_0331_friedman_模型区分度.R,144
R,stats,90_history/clinical/c29b3f9edd_0331_friedman_模型区分度.R,146
R,tibble,90_history/clinical/c29b3f9edd_0331_friedman_模型区分度.R,147
R,dplyr,90_history/clinical/c29b3f9edd_0331_friedman_模型区分度.R,153
R,dplyr,90_history/clinical/c29b3f9edd_0331_friedman_模型区分度.R,157
R,dplyr,90_history/clinical/c29b3f9edd_0331_friedman_模型区分度.R,166
R,utils,90_history/clinical/c29b3f9edd_0331_friedman_模型区分度.R,170
R,utils,90_history/clinical/c29b3f9edd_0331_friedman_模型区分度.R,171
R,readxl,90_history/clinical/273201c01e_bootstrap_models.R,15
R,dplyr,90_history/clinical/273201c01e_bootstrap_models.R,16
R,tibble,90_history/clinical/273201c01e_bootstrap_models.R,17
R,writexl,90_history/clinical/273201c01e_bootstrap_models.R,18
R,readxl,90_history/clinical/273201c01e_bootstrap_models.R,48
R,stats,90_history/clinical/273201c01e_bootstrap_models.R,85
R,boot,90_history/clinical/273201c01e_bootstrap_models.R,89
R,boot,90_history/clinical/273201c01e_bootstrap_models.R,91
R,stats,90_history/clinical/273201c01e_bootstrap_models.R,102
R,stats,90_history/clinical/273201c01e_bootstrap_models.R,119
R,utils,90_history/clinical/273201c01e_bootstrap_models.R,158
R,writexl,90_history/clinical/273201c01e_bootstrap_models.R,198
R,writexl,90_history/clinical/273201c01e_bootstrap_models.R,206
Python,pathlib,90_history/clinical/846f6719cb_build_result_Friedman_wilcoxon_boostrap.py,3
Python,pandas,90_history/clinical/846f6719cb_build_result_Friedman_wilcoxon_boostrap.py,5
Python,openpyxl,90_history/clinical/846f6719cb_build_result_Friedman_wilcoxon_boostrap.py,6
Python,openpyxl,90_history/clinical/846f6719cb_build_result_Friedman_wilcoxon_boostrap.py,7
Python,openpyxl,90_history/clinical/846f6719cb_build_result_Friedman_wilcoxon_boostrap.py,8
R,joineRML,90_history/clinical/1bd02ec671_SHAP.R,6
R,readxl,90_history/clinical/1bd02ec671_SHAP.R,36
R,survival,90_history/clinical/1bd02ec671_SHAP.R,37
R,fastshap,90_history/clinical/1bd02ec671_SHAP.R,38
R,randomForestSRC,90_history/clinical/1bd02ec671_SHAP.R,39
R,openxlsx,90_history/clinical/1bd02ec671_SHAP.R,40
R,dplyr,90_history/clinical/1bd02ec671_SHAP.R,41
R,DynForest,90_history/clinical/1bd02ec671_SHAP.R,42
R,joineRML,90_history/clinical/1bd02ec671_SHAP.R,43
R,readxl,90_history/clinical/1bd02ec671_SHAP.R,71
R,stats,90_history/clinical/1bd02ec671_SHAP.R,95
R,survival,90_history/clinical/1bd02ec671_SHAP.R,105
R,survival,90_history/clinical/1bd02ec671_SHAP.R,108
R,stats,90_history/clinical/1bd02ec671_SHAP.R,112
R,fastshap,90_history/clinical/1bd02ec671_SHAP.R,131
R,utils,90_history/clinical/1bd02ec671_SHAP.R,161
R,utils,90_history/clinical/1bd02ec671_SHAP.R,162
R,randomForestSRC,90_history/clinical/1bd02ec671_SHAP.R,180
R,stats,90_history/clinical/1bd02ec671_SHAP.R,191
R,fastshap,90_history/clinical/1bd02ec671_SHAP.R,200
R,openxlsx,90_history/clinical/1bd02ec671_SHAP.R,229
R,openxlsx,90_history/clinical/1bd02ec671_SHAP.R,230
R,readxl,90_history/clinical/1bd02ec671_SHAP.R,278
R,dplyr,90_history/clinical/1bd02ec671_SHAP.R,285
R,dplyr,90_history/clinical/1bd02ec671_SHAP.R,286
R,dplyr,90_history/clinical/1bd02ec671_SHAP.R,287
R,dplyr,90_history/clinical/1bd02ec671_SHAP.R,328
R,dplyr,90_history/clinical/1bd02ec671_SHAP.R,329
R,dplyr,90_history/clinical/1bd02ec671_SHAP.R,342
R,dplyr,90_history/clinical/1bd02ec671_SHAP.R,343
R,dplyr,90_history/clinical/1bd02ec671_SHAP.R,345
R,dplyr,90_history/clinical/1bd02ec671_SHAP.R,346
R,dplyr,90_history/clinical/1bd02ec671_SHAP.R,348
R,dplyr,90_history/clinical/1bd02ec671_SHAP.R,351
R,dplyr,90_history/clinical/1bd02ec671_SHAP.R,359
R,dplyr,90_history/clinical/1bd02ec671_SHAP.R,366
R,dplyr,90_history/clinical/1bd02ec671_SHAP.R,367
R,dplyr,90_history/clinical/1bd02ec671_SHAP.R,368
R,dplyr,90_history/clinical/1bd02ec671_SHAP.R,369
R,dplyr,90_history/clinical/1bd02ec671_SHAP.R,392
R,dplyr,90_history/clinical/1bd02ec671_SHAP.R,393
R,dplyr,90_history/clinical/1bd02ec671_SHAP.R,400
R,dplyr,90_history/clinical/1bd02ec671_SHAP.R,401
R,dplyr,90_history/clinical/1bd02ec671_SHAP.R,409
R,dplyr,90_history/clinical/1bd02ec671_SHAP.R,410
R,stats,90_history/clinical/1bd02ec671_SHAP.R,458
R,stats,90_history/clinical/1bd02ec671_SHAP.R,460
R,DynForest,90_history/clinical/1bd02ec671_SHAP.R,468
R,stats,90_history/clinical/1bd02ec671_SHAP.R,487
R,dplyr,90_history/clinical/1bd02ec671_SHAP.R,520
R,dplyr,90_history/clinical/1bd02ec671_SHAP.R,521
R,stats,90_history/clinical/1bd02ec671_SHAP.R,522
R,fastshap,90_history/clinical/1bd02ec671_SHAP.R,545
R,openxlsx,90_history/clinical/1bd02ec671_SHAP.R,574
R,openxlsx,90_history/clinical/1bd02ec671_SHAP.R,575
R,readxl,90_history/clinical/5dc915a381__rsflc_jm_append.R,17
R,dplyr,90_history/clinical/5dc915a381__rsflc_jm_append.R,22
R,dplyr,90_history/clinical/5dc915a381__rsflc_jm_append.R,23
R,dplyr,90_history/clinical/5dc915a381__rsflc_jm_append.R,24
R,dplyr,90_history/clinical/5dc915a381__rsflc_jm_append.R,34
R,dplyr,90_history/clinical/5dc915a381__rsflc_jm_append.R,35
R,dplyr,90_history/clinical/5dc915a381__rsflc_jm_append.R,36
R,dplyr,90_history/clinical/5dc915a381__rsflc_jm_append.R,37
R,dplyr,90_history/clinical/5dc915a381__rsflc_jm_append.R,47
R,dplyr,90_history/clinical/5dc915a381__rsflc_jm_append.R,48
R,dplyr,90_history/clinical/5dc915a381__rsflc_jm_append.R,50
R,dplyr,90_history/clinical/5dc915a381__rsflc_jm_append.R,51
R,dplyr,90_history/clinical/5dc915a381__rsflc_jm_append.R,74
R,dplyr,90_history/clinical/5dc915a381__rsflc_jm_append.R,76
R,dplyr,90_history/clinical/5dc915a381__rsflc_jm_append.R,77
R,dplyr,90_history/clinical/5dc915a381__rsflc_jm_append.R,85
R,dplyr,90_history/clinical/5dc915a381__rsflc_jm_append.R,91
R,stats,90_history/clinical/5dc915a381__rsflc_jm_append.R,92
R,stats,90_history/clinical/5dc915a381__rsflc_jm_append.R,93
R,stats,90_history/clinical/5dc915a381__rsflc_jm_append.R,94
R,dplyr,90_history/clinical/5dc915a381__rsflc_jm_append.R,104
R,dplyr,90_history/clinical/5dc915a381__rsflc_jm_append.R,105
R,dplyr,90_history/clinical/5dc915a381__rsflc_jm_append.R,106
R,stats,90_history/clinical/5dc915a381__rsflc_jm_append.R,114
R,DynForest,90_history/clinical/5dc915a381__rsflc_jm_append.R,122
R,openxlsx,90_history/clinical/5dc915a381__rsflc_jm_append.R,143
R,fastshap,90_history/clinical/5dc915a381__rsflc_jm_append.R,192
R,openxlsx,90_history/clinical/5dc915a381__rsflc_jm_append.R,220
R,openxlsx,90_history/clinical/5dc915a381__rsflc_jm_append.R,221
R,joineRML,90_history/clinical/5dc915a381__rsflc_jm_append.R,229
R,readxl,90_history/clinical/5dc915a381__rsflc_jm_append.R,232
R,stats,90_history/clinical/5dc915a381__rsflc_jm_append.R,242
R,dplyr,90_history/clinical/5dc915a381__rsflc_jm_append.R,245
R,dplyr,90_history/clinical/5dc915a381__rsflc_jm_append.R,246
R,dplyr,90_history/clinical/5dc915a381__rsflc_jm_append.R,247
R,dplyr,90_history/clinical/5dc915a381__rsflc_jm_append.R,252
R,dplyr,90_history/clinical/5dc915a381__rsflc_jm_append.R,253
R,dplyr,90_history/clinical/5dc915a381__rsflc_jm_append.R,299
R,dplyr,90_history/clinical/5dc915a381__rsflc_jm_append.R,300
R,dplyr,90_history/clinical/5dc915a381__rsflc_jm_append.R,301
R,dplyr,90_history/clinical/5dc915a381__rsflc_jm_append.R,302
R,dplyr,90_history/clinical/5dc915a381__rsflc_jm_append.R,303
R,dplyr,90_history/clinical/5dc915a381__rsflc_jm_append.R,304
R,dplyr,90_history/clinical/5dc915a381__rsflc_jm_append.R,305
R,stats,90_history/clinical/5dc915a381__rsflc_jm_append.R,329
R,stats,90_history/clinical/5dc915a381__rsflc_jm_append.R,337
R,stats,90_history/clinical/5dc915a381__rsflc_jm_append.R,338
R,joineRML,90_history/clinical/5dc915a381__rsflc_jm_append.R,341
R,openxlsx,90_history/clinical/5dc915a381__rsflc_jm_append.R,358
R,stats,90_history/clinical/5dc915a381__rsflc_jm_append.R,415
R,fastshap,90_history/clinical/5dc915a381__rsflc_jm_append.R,426
R,openxlsx,90_history/clinical/5dc915a381__rsflc_jm_append.R,459
R,openxlsx,90_history/clinical/5dc915a381__rsflc_jm_append.R,464
R,readxl,90_history/clinical/2df3eee386_0404_DATA_嵌套分折实现.R,8
R,writexl,90_history/clinical/2df3eee386_0404_DATA_嵌套分折实现.R,9
R,readxl,90_history/clinical/2df3eee386_0404_DATA_嵌套分折实现.R,30
R,writexl,90_history/clinical/2df3eee386_0404_DATA_嵌套分折实现.R,67
R,readxl,90_history/clinical/2df3eee386_0404_DATA_嵌套分折实现.R,124
R,writexl,90_history/clinical/2df3eee386_0404_DATA_嵌套分折实现.R,131
R,readxl,90_history/clinical/befa3d73c4_0404_RSF.R,1
R,dplyr,90_history/clinical/befa3d73c4_0404_RSF.R,2
R,survival,90_history/clinical/befa3d73c4_0404_RSF.R,3
R,timeROC,90_history/clinical/befa3d73c4_0404_RSF.R,4
R,randomForestSRC,90_history/clinical/befa3d73c4_0404_RSF.R,5
R,readxl,90_history/clinical/befa3d73c4_0404_RSF.R,15
R,dplyr,90_history/clinical/befa3d73c4_0404_RSF.R,34
R,dplyr,90_history/clinical/befa3d73c4_0404_RSF.R,36
R,dplyr,90_history/clinical/befa3d73c4_0404_RSF.R,40
R,dplyr,90_history/clinical/befa3d73c4_0404_RSF.R,42
R,timeROC,90_history/clinical/befa3d73c4_0404_RSF.R,85
R,survival,90_history/clinical/befa3d73c4_0404_RSF.R,96
R,survival,90_history/clinical/befa3d73c4_0404_RSF.R,101
R,survival,90_history/clinical/befa3d73c4_0404_RSF.R,108
R,stats,90_history/clinical/befa3d73c4_0404_RSF.R,164
R,randomForestSRC,90_history/clinical/befa3d73c4_0404_RSF.R,185
R,randomForestSRC,90_history/clinical/befa3d73c4_0404_RSF.R,234
R,randomForestSRC,90_history/clinical/befa3d73c4_0404_RSF.R,331
R,dplyr,90_history/clinical/befa3d73c4_0404_RSF.R,389
R,dplyr,90_history/clinical/befa3d73c4_0404_RSF.R,391
R,dplyr,90_history/clinical/befa3d73c4_0404_RSF.R,394
R,dplyr,90_history/clinical/befa3d73c4_0404_RSF.R,396
R,timeROC,90_history/clinical/befa3d73c4_0404_RSF.R,438
R,survival,90_history/clinical/befa3d73c4_0404_RSF.R,449
R,survival,90_history/clinical/befa3d73c4_0404_RSF.R,454
R,survival,90_history/clinical/befa3d73c4_0404_RSF.R,461
R,stats,90_history/clinical/befa3d73c4_0404_RSF.R,488
R,randomForestSRC,90_history/clinical/befa3d73c4_0404_RSF.R,494
R,randomForestSRC,90_history/clinical/befa3d73c4_0404_RSF.R,510
R,stats,90_history/clinical/befa3d73c4_0404_RSF.R,608
R,utils,90_history/clinical/befa3d73c4_0404_RSF.R,707
R,readxl,90_history/clinical/3035c479d7_0404测试RSF.R,3
R,dplyr,90_history/clinical/3035c479d7_0404测试RSF.R,4
R,survival,90_history/clinical/3035c479d7_0404测试RSF.R,5
R,timeROC,90_history/clinical/3035c479d7_0404测试RSF.R,6
R,randomForestSRC,90_history/clinical/3035c479d7_0404测试RSF.R,7
R,writexl,90_history/clinical/3035c479d7_0404测试RSF.R,8
R,readxl,90_history/clinical/3035c479d7_0404测试RSF.R,18
R,dplyr,90_history/clinical/3035c479d7_0404测试RSF.R,19
R,dplyr,90_history/clinical/3035c479d7_0404测试RSF.R,22
R,randomForestSRC,90_history/clinical/3035c479d7_0404测试RSF.R,41
R,randomForestSRC,90_history/clinical/3035c479d7_0404测试RSF.R,52
R,readxl,90_history/clinical/3035c479d7_0404测试RSF.R,65
R,dplyr,90_history/clinical/3035c479d7_0404测试RSF.R,66
R,dplyr,90_history/clinical/3035c479d7_0404测试RSF.R,67
R,timeROC,90_history/clinical/3035c479d7_0404测试RSF.R,104
R,timeROC,90_history/clinical/3035c479d7_0404测试RSF.R,108
R,survival,90_history/clinical/3035c479d7_0404测试RSF.R,123
R,survival,90_history/clinical/3035c479d7_0404测试RSF.R,128
R,survival,90_history/clinical/3035c479d7_0404测试RSF.R,135
R,stats,90_history/clinical/3035c479d7_0404测试RSF.R,195
R,readxl,90_history/clinical/e54ef99757_0407RSFLC.R,6
R,dplyr,90_history/clinical/e54ef99757_0407RSFLC.R,12
R,readxl,90_history/clinical/e54ef99757_0407RSFLC.R,13
R,DynForest,90_history/clinical/e54ef99757_0407RSFLC.R,14
R,survival,90_history/clinical/e54ef99757_0407RSFLC.R,15
R,timeROC,90_history/clinical/e54ef99757_0407RSFLC.R,16
R,DynForest,90_history/clinical/e54ef99757_0407RSFLC.R,19
R,stats,90_history/clinical/e54ef99757_0407RSFLC.R,31
R,dplyr,90_history/clinical/e54ef99757_0407RSFLC.R,85
R,dplyr,90_history/clinical/e54ef99757_0407RSFLC.R,99
R,dplyr,90_history/clinical/e54ef99757_0407RSFLC.R,100
R,dplyr,90_history/clinical/e54ef99757_0407RSFLC.R,101
R,dplyr,90_history/clinical/e54ef99757_0407RSFLC.R,136
R,dplyr,90_history/clinical/e54ef99757_0407RSFLC.R,140
R,dplyr,90_history/clinical/e54ef99757_0407RSFLC.R,141
R,stats,90_history/clinical/e54ef99757_0407RSFLC.R,142
R,dplyr,90_history/clinical/e54ef99757_0407RSFLC.R,142
R,stats,90_history/clinical/e54ef99757_0407RSFLC.R,143
R,dplyr,90_history/clinical/e54ef99757_0407RSFLC.R,143
R,dplyr,90_history/clinical/e54ef99757_0407RSFLC.R,146
R,dplyr,90_history/clinical/e54ef99757_0407RSFLC.R,150
R,dplyr,90_history/clinical/e54ef99757_0407RSFLC.R,151
R,dplyr,90_history/clinical/e54ef99757_0407RSFLC.R,152
R,dplyr,90_history/clinical/e54ef99757_0407RSFLC.R,170
R,dplyr,90_history/clinical/e54ef99757_0407RSFLC.R,171
R,stats,90_history/clinical/e54ef99757_0407RSFLC.R,173
R,dplyr,90_history/clinical/e54ef99757_0407RSFLC.R,180
R,timeROC,90_history/clinical/e54ef99757_0407RSFLC.R,220
R,survival,90_history/clinical/e54ef99757_0407RSFLC.R,231
R,survival,90_history/clinical/e54ef99757_0407RSFLC.R,236
R,survival,90_history/clinical/e54ef99757_0407RSFLC.R,243
R,stats,90_history/clinical/e54ef99757_0407RSFLC.R,310
R,DynForest,90_history/clinical/e54ef99757_0407RSFLC.R,336
R,DynForest,90_history/clinical/e54ef99757_0407RSFLC.R,509
R,dplyr,90_history/clinical/e54ef99757_0407RSFLC.R,628
R,dplyr,90_history/clinical/e54ef99757_0407RSFLC.R,642
R,dplyr,90_history/clinical/e54ef99757_0407RSFLC.R,643
R,dplyr,90_history/clinical/e54ef99757_0407RSFLC.R,644
R,dplyr,90_history/clinical/e54ef99757_0407RSFLC.R,678
R,dplyr,90_history/clinical/e54ef99757_0407RSFLC.R,682
R,dplyr,90_history/clinical/e54ef99757_0407RSFLC.R,683
R,stats,90_history/clinical/e54ef99757_0407RSFLC.R,684
R,dplyr,90_history/clinical/e54ef99757_0407RSFLC.R,684
R,stats,90_history/clinical/e54ef99757_0407RSFLC.R,685
R,dplyr,90_history/clinical/e54ef99757_0407RSFLC.R,685
R,dplyr,90_history/clinical/e54ef99757_0407RSFLC.R,688
R,dplyr,90_history/clinical/e54ef99757_0407RSFLC.R,692
R,dplyr,90_history/clinical/e54ef99757_0407RSFLC.R,693
R,dplyr,90_history/clinical/e54ef99757_0407RSFLC.R,694
R,dplyr,90_history/clinical/e54ef99757_0407RSFLC.R,712
R,dplyr,90_history/clinical/e54ef99757_0407RSFLC.R,713
R,stats,90_history/clinical/e54ef99757_0407RSFLC.R,715
R,dplyr,90_history/clinical/e54ef99757_0407RSFLC.R,722
R,timeROC,90_history/clinical/e54ef99757_0407RSFLC.R,762
R,survival,90_history/clinical/e54ef99757_0407RSFLC.R,773
R,survival,90_history/clinical/e54ef99757_0407RSFLC.R,778
R,survival,90_history/clinical/e54ef99757_0407RSFLC.R,785
R,stats,90_history/clinical/e54ef99757_0407RSFLC.R,822
R,DynForest,90_history/clinical/e54ef99757_0407RSFLC.R,832
R,stats,90_history/clinical/e54ef99757_0407RSFLC.R,964
R,utils,90_history/clinical/e54ef99757_0407RSFLC.R,1063
R,readxl,90_history/clinical/7ac324d134_DATA.R,13
R,writexl,90_history/clinical/7ac324d134_DATA.R,14
R,readxl,90_history/clinical/7ac324d134_DATA.R,65
R,writexl,90_history/clinical/7ac324d134_DATA.R,86
R,readxl,90_history/clinical/cf8f3f6a5d_DATA分折.R,8
R,dplyr,90_history/clinical/cf8f3f6a5d_DATA分折.R,9
R,writexl,90_history/clinical/cf8f3f6a5d_DATA分折.R,10
R,readxl,90_history/clinical/cf8f3f6a5d_DATA分折.R,65
R,dplyr,90_history/clinical/cf8f3f6a5d_DATA分折.R,80
R,writexl,90_history/clinical/cf8f3f6a5d_DATA分折.R,86
R,dplyr,90_history/clinical/12c9c84d2a_0428实例数据分析.R,9
R,survival,90_history/clinical/12c9c84d2a_0428实例数据分析.R,10
R,timeROC,90_history/clinical/12c9c84d2a_0428实例数据分析.R,11
R,randomForestSRC,90_history/clinical/12c9c84d2a_0428实例数据分析.R,12
R,DynForest,90_history/clinical/12c9c84d2a_0428实例数据分析.R,13
R,writexl,90_history/clinical/12c9c84d2a_0428实例数据分析.R,14
R,dplyr,90_history/clinical/12c9c84d2a_0428实例数据分析.R,65
R,dplyr,90_history/clinical/12c9c84d2a_0428实例数据分析.R,66
R,timeROC,90_history/clinical/12c9c84d2a_0428实例数据分析.R,87
R,timeROC,90_history/clinical/12c9c84d2a_0428实例数据分析.R,88
R,survival,90_history/clinical/12c9c84d2a_0428实例数据分析.R,93
R,survival,90_history/clinical/12c9c84d2a_0428实例数据分析.R,95
R,survival,90_history/clinical/12c9c84d2a_0428实例数据分析.R,99
R,stats,90_history/clinical/12c9c84d2a_0428实例数据分析.R,156
R,survival,90_history/clinical/12c9c84d2a_0428实例数据分析.R,243
R,survival,90_history/clinical/12c9c84d2a_0428实例数据分析.R,245
R,randomForestSRC,90_history/clinical/12c9c84d2a_0428实例数据分析.R,257
R,randomForestSRC,90_history/clinical/12c9c84d2a_0428实例数据分析.R,293
R,dplyr,90_history/clinical/12c9c84d2a_0428实例数据分析.R,367
R,dplyr,90_history/clinical/12c9c84d2a_0428实例数据分析.R,369
R,writexl,90_history/clinical/12c9c84d2a_0428实例数据分析.R,396
R,tidyverse,90_history/simulation/478fb08b60_4_模拟数据2_生存数据.R,1
R,flexsurv,90_history/simulation/478fb08b60_4_模拟数据2_生存数据.R,2
R,survival,90_history/simulation/478fb08b60_4_模拟数据2_生存数据.R,3
R,writexl,90_history/simulation/478fb08b60_4_模拟数据2_生存数据.R,4
R,readxl,90_history/simulation/478fb08b60_4_模拟数据2_生存数据.R,5
R,dplyr,90_history/simulation/478fb08b60_4_模拟数据2_生存数据.R,260
R,dplyr,90_history/simulation/478fb08b60_4_模拟数据2_生存数据.R,261
R,dplyr,90_history/simulation/478fb08b60_4_模拟数据2_生存数据.R,262
R,dplyr,90_history/simulation/478fb08b60_4_模拟数据2_生存数据.R,298
R,dplyr,90_history/simulation/478fb08b60_4_模拟数据2_生存数据.R,302
R,writexl,90_history/simulation/478fb08b60_4_模拟数据2_生存数据.R,324
R,readxl,90_history/simulation/478fb08b60_4_模拟数据2_生存数据.R,335
R,purrr,90_history/simulation/478fb08b60_4_模拟数据2_生存数据.R,336
R,readxl,90_history/simulation/478fb08b60_4_模拟数据2_生存数据.R,1996
R,writexl,90_history/simulation/478fb08b60_4_模拟数据2_生存数据.R,1997
R,tidyverse,90_history/simulation/b7130084be_4_模拟数据2_生存数据_V10C1.R,1
R,flexsurv,90_history/simulation/b7130084be_4_模拟数据2_生存数据_V10C1.R,2
R,survival,90_history/simulation/b7130084be_4_模拟数据2_生存数据_V10C1.R,3
R,writexl,90_history/simulation/b7130084be_4_模拟数据2_生存数据_V10C1.R,4
R,readxl,90_history/simulation/b7130084be_4_模拟数据2_生存数据_V10C1.R,5
R,dplyr,90_history/simulation/b7130084be_4_模拟数据2_生存数据_V10C1.R,243
R,dplyr,90_history/simulation/b7130084be_4_模拟数据2_生存数据_V10C1.R,244
R,dplyr,90_history/simulation/b7130084be_4_模拟数据2_生存数据_V10C1.R,245
R,dplyr,90_history/simulation/b7130084be_4_模拟数据2_生存数据_V10C1.R,281
R,dplyr,90_history/simulation/b7130084be_4_模拟数据2_生存数据_V10C1.R,285
R,writexl,90_history/simulation/b7130084be_4_模拟数据2_生存数据_V10C1.R,307
R,readxl,90_history/simulation/b7130084be_4_模拟数据2_生存数据_V10C1.R,316
R,purrr,90_history/simulation/b7130084be_4_模拟数据2_生存数据_V10C1.R,317
R,tidyverse,90_history/simulation/6ac92c6127_4_模拟数据2_生存数据_V4.R,1
R,flexsurv,90_history/simulation/6ac92c6127_4_模拟数据2_生存数据_V4.R,2
R,survival,90_history/simulation/6ac92c6127_4_模拟数据2_生存数据_V4.R,3
R,writexl,90_history/simulation/6ac92c6127_4_模拟数据2_生存数据_V4.R,4
R,readxl,90_history/simulation/6ac92c6127_4_模拟数据2_生存数据_V4.R,5
R,purrr,90_history/simulation/6ac92c6127_4_模拟数据2_生存数据_V4.R,6
R,dplyr,90_history/simulation/6ac92c6127_4_模拟数据2_生存数据_V4.R,282
R,dplyr,90_history/simulation/6ac92c6127_4_模拟数据2_生存数据_V4.R,283
R,dplyr,90_history/simulation/6ac92c6127_4_模拟数据2_生存数据_V4.R,284
R,dplyr,90_history/simulation/6ac92c6127_4_模拟数据2_生存数据_V4.R,320
R,dplyr,90_history/simulation/6ac92c6127_4_模拟数据2_生存数据_V4.R,324
R,writexl,90_history/simulation/6ac92c6127_4_模拟数据2_生存数据_V4.R,346
R,tidyverse,90_history/simulation/b0ce037adf_4_转换单一时间点数据.R,1
R,flexsurv,90_history/simulation/b0ce037adf_4_转换单一时间点数据.R,2
R,survival,90_history/simulation/b0ce037adf_4_转换单一时间点数据.R,3
R,writexl,90_history/simulation/b0ce037adf_4_转换单一时间点数据.R,4
R,readxl,90_history/simulation/b0ce037adf_4_转换单一时间点数据.R,5
R,readxl,90_history/simulation/b0ce037adf_4_转换单一时间点数据.R,17
R,purrr,90_history/simulation/b0ce037adf_4_转换单一时间点数据.R,18
R,dplyr,90_history/simulation/b0ce037adf_4_转换单一时间点数据.R,409
R,dplyr,90_history/simulation/b0ce037adf_4_转换单一时间点数据.R,410
R,dplyr,90_history/simulation/b0ce037adf_4_转换单一时间点数据.R,411
R,readxl,90_history/simulation/14504ab7d9_测试.R,1
R,writexl,90_history/simulation/14504ab7d9_测试.R,108
R,readxl,90_history/manual_metric_adjustment/ff8fce61ed_结果整理0509_出图.R,1
R,writexl,90_history/manual_metric_adjustment/ff8fce61ed_结果整理0509_出图.R,2
R,dplyr,90_history/manual_metric_adjustment/ff8fce61ed_结果整理0509_出图.R,3
R,tidyr,90_history/manual_metric_adjustment/ff8fce61ed_结果整理0509_出图.R,4
R,ggplot2,90_history/manual_metric_adjustment/ff8fce61ed_结果整理0509_出图.R,5
R,readxl,90_history/simulation/3ca99a8200_4_模拟数据1_数据生成.R,1
R,tidyverse,90_history/simulation/3ca99a8200_4_模拟数据1_数据生成.R,2
R,ggplot2,90_history/simulation/3ca99a8200_4_模拟数据1_数据生成.R,3
R,dplyr,90_history/simulation/3ca99a8200_4_模拟数据1_数据生成.R,4
R,MASS,90_history/simulation/3ca99a8200_4_模拟数据1_数据生成.R,5
R,writexl,90_history/simulation/3ca99a8200_4_模拟数据1_数据生成.R,6
R,readxl,90_history/simulation/3ca99a8200_4_模拟数据1_数据生成.R,7
R,readxl,90_history/simulation/3ca99a8200_4_模拟数据1_数据生成.R,944
R,purrr,90_history/simulation/3ca99a8200_4_模拟数据1_数据生成.R,945
R,tidyverse,90_history/simulation/ec1faf143f_4_模拟数据2_生存数据.R,1
R,flexsurv,90_history/simulation/ec1faf143f_4_模拟数据2_生存数据.R,2
R,survival,90_history/simulation/ec1faf143f_4_模拟数据2_生存数据.R,3
R,writexl,90_history/simulation/ec1faf143f_4_模拟数据2_生存数据.R,4
R,readxl,90_history/simulation/ec1faf143f_4_模拟数据2_生存数据.R,5
R,dplyr,90_history/simulation/ec1faf143f_4_模拟数据2_生存数据.R,247
R,dplyr,90_history/simulation/ec1faf143f_4_模拟数据2_生存数据.R,248
R,dplyr,90_history/simulation/ec1faf143f_4_模拟数据2_生存数据.R,249
R,dplyr,90_history/simulation/ec1faf143f_4_模拟数据2_生存数据.R,285
R,dplyr,90_history/simulation/ec1faf143f_4_模拟数据2_生存数据.R,289
R,writexl,90_history/simulation/ec1faf143f_4_模拟数据2_生存数据.R,311
R,readxl,90_history/simulation/ec1faf143f_4_模拟数据2_生存数据.R,322
R,purrr,90_history/simulation/ec1faf143f_4_模拟数据2_生存数据.R,323
R,readxl,90_history/simulation/ec1faf143f_4_模拟数据2_生存数据.R,1983
R,writexl,90_history/simulation/ec1faf143f_4_模拟数据2_生存数据.R,1984
R,randomForestSRC,90_history/simulation/a1c1e120ee_5_RSF模型实现.R,1
R,randomForestSRC,90_history/simulation/a1c1e120ee_5_RSF模型实现.R,123
R,randomForestSRC,90_history/simulation/a1c1e120ee_5_RSF模型实现.R,125
R,randomForestSRC,90_history/simulation/a1c1e120ee_5_RSF模型实现.R,216
R,randomForestSRC,90_history/simulation/a1c1e120ee_5_RSF模型实现.R,218
R,survival,90_history/simulation/a1c1e120ee_5_RSF模型实现.R,295
R,pec,90_history/simulation/a1c1e120ee_5_RSF模型实现.R,296
R,survival,90_history/simulation/2483009e65_5_jointmodel实现_1.R,1
R,rms,90_history/simulation/2483009e65_5_jointmodel实现_1.R,2
R,timeROC,90_history/simulation/2483009e65_5_jointmodel实现_1.R,3
R,dplyr,90_history/simulation/2483009e65_5_jointmodel实现_1.R,4
R,joineRML,90_history/simulation/2483009e65_5_jointmodel实现_1.R,5
R,readxl,90_history/simulation/2483009e65_5_jointmodel实现_1.R,6
R,readxl,90_history/simulation/2483009e65_5_jointmodel实现_1.R,37
R,writexl,90_history/simulation/2483009e65_5_jointmodel实现_1.R,38
R,readxl,90_history/simulation/2483009e65_5_jointmodel实现_1.R,49
R,purrr,90_history/simulation/2483009e65_5_jointmodel实现_1.R,50
R,readxl,90_history/simulation/2483009e65_5_jointmodel实现_1.R,186
R,purrr,90_history/simulation/2483009e65_5_jointmodel实现_1.R,187
R,readxl,90_history/simulation/2483009e65_5_jointmodel实现_1.R,324
R,purrr,90_history/simulation/2483009e65_5_jointmodel实现_1.R,325
R,joineRML,90_history/simulation/2483009e65_5_jointmodel实现_1.R,1079
R,joineRML,90_history/simulation/2483009e65_5_jointmodel实现_1.R,1090
R,timeROC,90_history/simulation/2483009e65_5_jointmodel实现_1.R,1099
R,readxl,90_history/simulation/99038c3148_6_分析_JM结果.R,1
R,dplyr,90_history/simulation/99038c3148_6_分析_JM结果.R,2
R,ggplot2,90_history/simulation/99038c3148_6_分析_JM结果.R,3
R,MASS,90_history/early_research/0600e78986_0_废程序.R,91
R,dplyr,90_history/early_research/0600e78986_0_废程序.R,149
R,dplyr,90_history/early_research/0600e78986_0_废程序.R,150
R,dplyr,90_history/early_research/0600e78986_0_废程序.R,151
R,dplyr,90_history/early_research/0600e78986_0_废程序.R,152
R,MASS,90_history/early_research/0600e78986_0_废程序.R,169
R,dplyr,90_history/early_research/0600e78986_0_废程序.R,227
R,dplyr,90_history/early_research/0600e78986_0_废程序.R,228
R,dplyr,90_history/early_research/0600e78986_0_废程序.R,229
R,dplyr,90_history/early_research/0600e78986_0_废程序.R,230
R,dplyr,90_history/early_research/77d7237af3_1_数据处理.R,3
R,lubridate,90_history/early_research/77d7237af3_1_数据处理.R,4
R,tibble,90_history/early_research/77d7237af3_1_数据处理.R,5
R,JM,90_history/early_research/77d7237af3_1_数据处理.R,6
R,descr,90_history/early_research/77d7237af3_1_数据处理.R,7
R,haven,90_history/early_research/77d7237af3_1_数据处理.R,8
R,dplyr,90_history/early_research/77d7237af3_1_数据处理.R,37
R,dplyr,90_history/early_research/35c532583f_2_描述性分析.R,1
R,lubridate,90_history/early_research/35c532583f_2_描述性分析.R,2
R,tibble,90_history/early_research/35c532583f_2_描述性分析.R,3
R,JM,90_history/early_research/35c532583f_2_描述性分析.R,4
R,descr,90_history/early_research/35c532583f_2_描述性分析.R,5
R,haven,90_history/early_research/35c532583f_2_描述性分析.R,6
R,survival,90_history/early_research/131c106e18_3_COX.R,3
R,dplyr,90_history/early_research/131c106e18_3_COX.R,4
R,dplyr,90_history/early_research/735e026993_3_JM.R,1
R,lubridate,90_history/early_research/735e026993_3_JM.R,2
R,tibble,90_history/early_research/735e026993_3_JM.R,3
R,JM,90_history/early_research/735e026993_3_JM.R,4
R,lme4,90_history/early_research/735e026993_3_JM.R,5
R,descr,90_history/early_research/735e026993_3_JM.R,6
R,lattice,90_history/early_research/735e026993_3_JM.R,7
R,ggplot2,90_history/early_research/735e026993_3_JM.R,8
R,randomForest,90_history/early_research/f2bedb2811_3_随机森林.R,3
R,randomForestSRC,90_history/early_research/f2bedb2811_3_随机森林.R,12
R,randomForest,90_history/early_research/f2bedb2811_3_随机森林.R,29
R,caret,90_history/early_research/f2bedb2811_3_随机森林.R,31
R,randomForest,90_history/early_research/f2bedb2811_3_随机森林.R,40
R,dplyr,90_history/early_research/f2bedb2811_3_随机森林.R,41
R,readxl,90_history/simulation/be537466b7_4_尝试(程序封装前).R,1
R,ggplot2,90_history/simulation/be537466b7_4_尝试(程序封装前).R,2
R,dplyr,90_history/simulation/be537466b7_4_尝试(程序封装前).R,3
R,MASS,90_history/simulation/be537466b7_4_尝试(程序封装前).R,4
R,MASS,90_history/simulation/be537466b7_4_尝试(程序封装前).R,75
R,MASS,90_history/simulation/be537466b7_4_尝试(程序封装前).R,76
R,MASS,90_history/simulation/be537466b7_4_尝试(程序封装前).R,77
R,dplyr,90_history/simulation/be537466b7_4_尝试(程序封装前).R,128
R,dplyr,90_history/simulation/be537466b7_4_尝试(程序封装前).R,129
R,dplyr,90_history/simulation/be537466b7_4_尝试(程序封装前).R,130
R,dplyr,90_history/simulation/be537466b7_4_尝试(程序封装前).R,131
R,MASS,90_history/simulation/be537466b7_4_尝试(程序封装前).R,198
R,MASS,90_history/simulation/be537466b7_4_尝试(程序封装前).R,199
R,MASS,90_history/simulation/be537466b7_4_尝试(程序封装前).R,200
R,readxl,90_history/simulation/54d0c73e62_4_模拟数据1_数据生成.R,1
R,tidyverse,90_history/simulation/54d0c73e62_4_模拟数据1_数据生成.R,2
R,ggplot2,90_history/simulation/54d0c73e62_4_模拟数据1_数据生成.R,3
R,dplyr,90_history/simulation/54d0c73e62_4_模拟数据1_数据生成.R,4
R,MASS,90_history/simulation/54d0c73e62_4_模拟数据1_数据生成.R,5
R,writexl,90_history/simulation/54d0c73e62_4_模拟数据1_数据生成.R,6
R,readxl,90_history/simulation/54d0c73e62_4_模拟数据1_数据生成.R,7
R,readxl,90_history/simulation/54d0c73e62_4_模拟数据1_数据生成.R,944
R,purrr,90_history/simulation/54d0c73e62_4_模拟数据1_数据生成.R,945
R,readxl,90_history/simulation/68298f7318_4_模拟数据1_数据生成_V10C1.R,1
R,tidyverse,90_history/simulation/68298f7318_4_模拟数据1_数据生成_V10C1.R,2
R,ggplot2,90_history/simulation/68298f7318_4_模拟数据1_数据生成_V10C1.R,3
R,dplyr,90_history/simulation/68298f7318_4_模拟数据1_数据生成_V10C1.R,4
R,MASS,90_history/simulation/68298f7318_4_模拟数据1_数据生成_V10C1.R,5
R,writexl,90_history/simulation/68298f7318_4_模拟数据1_数据生成_V10C1.R,6
R,readxl,90_history/simulation/68298f7318_4_模拟数据1_数据生成_V10C1.R,7
R,MASS,90_history/simulation/68298f7318_4_模拟数据1_数据生成_V10C1.R,54
R,tidyverse,90_history/simulation/c7cdcac7c1_4_模拟数据2_生存数据_V10C1.R,1
R,flexsurv,90_history/simulation/c7cdcac7c1_4_模拟数据2_生存数据_V10C1.R,2
R,survival,90_history/simulation/c7cdcac7c1_4_模拟数据2_生存数据_V10C1.R,3
R,writexl,90_history/simulation/c7cdcac7c1_4_模拟数据2_生存数据_V10C1.R,4
R,readxl,90_history/simulation/c7cdcac7c1_4_模拟数据2_生存数据_V10C1.R,5
R,dplyr,90_history/simulation/c7cdcac7c1_4_模拟数据2_生存数据_V10C1.R,233
R,dplyr,90_history/simulation/c7cdcac7c1_4_模拟数据2_生存数据_V10C1.R,234
R,dplyr,90_history/simulation/c7cdcac7c1_4_模拟数据2_生存数据_V10C1.R,235
R,dplyr,90_history/simulation/c7cdcac7c1_4_模拟数据2_生存数据_V10C1.R,271
R,dplyr,90_history/simulation/c7cdcac7c1_4_模拟数据2_生存数据_V10C1.R,275
R,writexl,90_history/simulation/c7cdcac7c1_4_模拟数据2_生存数据_V10C1.R,297
R,readxl,90_history/simulation/c7cdcac7c1_4_模拟数据2_生存数据_V10C1.R,314
R,randomForestSRC,90_history/simulation/e7912d4d05_5_RSF模型实现.R,1
R,readxl,90_history/simulation/e7912d4d05_5_RSF模型实现.R,2
R,randomForestSRC,90_history/simulation/e7912d4d05_5_RSF模型实现.R,126
R,randomForestSRC,90_history/simulation/e7912d4d05_5_RSF模型实现.R,128
R,randomForestSRC,90_history/simulation/e7912d4d05_5_RSF模型实现.R,219
R,randomForestSRC,90_history/simulation/e7912d4d05_5_RSF模型实现.R,221
R,survival,90_history/simulation/e7912d4d05_5_RSF模型实现.R,298
R,pec,90_history/simulation/e7912d4d05_5_RSF模型实现.R,299
R,randomForestSRC,90_history/simulation/7f55152894_5_RSF模型实现_1.R,4
R,randomForestSRC,90_history/simulation/7f55152894_5_RSF模型实现_1.R,57
R,survival,90_history/simulation/7f55152894_5_RSF模型实现_1.R,146
R,pec,90_history/simulation/7f55152894_5_RSF模型实现_1.R,147
R,prodlim,90_history/simulation/7f55152894_5_RSF模型实现_1.R,148
R,mlbench,90_history/simulation/7f55152894_5_RSF模型实现_1.R,216
R,survival,90_history/simulation/28cfa29fbb_5_jointmodel实现_1.R,1
R,rms,90_history/simulation/28cfa29fbb_5_jointmodel实现_1.R,2
R,timeROC,90_history/simulation/28cfa29fbb_5_jointmodel实现_1.R,3
R,dplyr,90_history/simulation/28cfa29fbb_5_jointmodel实现_1.R,4
R,joineRML,90_history/simulation/28cfa29fbb_5_jointmodel实现_1.R,5
R,readxl,90_history/simulation/28cfa29fbb_5_jointmodel实现_1.R,6
R,readxl,90_history/simulation/28cfa29fbb_5_jointmodel实现_1.R,38
R,writexl,90_history/simulation/28cfa29fbb_5_jointmodel实现_1.R,39
R,readxl,90_history/simulation/28cfa29fbb_5_jointmodel实现_1.R,50
R,purrr,90_history/simulation/28cfa29fbb_5_jointmodel实现_1.R,51
R,readxl,90_history/simulation/28cfa29fbb_5_jointmodel实现_1.R,187
R,purrr,90_history/simulation/28cfa29fbb_5_jointmodel实现_1.R,188
R,readxl,90_history/simulation/28cfa29fbb_5_jointmodel实现_1.R,325
R,purrr,90_history/simulation/28cfa29fbb_5_jointmodel实现_1.R,326
R,writexl,90_history/simulation/28cfa29fbb_5_jointmodel实现_1.R,798
R,joineRML,90_history/simulation/28cfa29fbb_5_jointmodel实现_1.R,1209
R,joineRML,90_history/simulation/28cfa29fbb_5_jointmodel实现_1.R,1220
R,timeROC,90_history/simulation/28cfa29fbb_5_jointmodel实现_1.R,1229
R,JM,90_history/early_research/d3d05405b8_JM包范例.R,1
R,lattice,90_history/early_research/d3d05405b8_JM包范例.R,2
R,rstan,90_history/early_research/d3d05405b8_JM包范例.R,85
R,lavaan,90_history/early_research/d3d05405b8_JM包范例.R,175
R,descr,90_history/simulation/e6fe663005_function.R,1
R,dplyr,90_history/simulation/e6fe663005_function.R,2
R,haven,90_history/simulation/e6fe663005_function.R,3
R,lubridate,90_history/simulation/e6fe663005_function.R,4
R,tibble,90_history/simulation/e6fe663005_function.R,5
R,plyr,90_history/simulation/e6fe663005_function.R,6
R,stringr,90_history/simulation/e6fe663005_function.R,7
R,dplyr,90_history/simulation/e6fe663005_function.R,36
R,rpart.plot,90_history/early_research/735248ad31_开题程序.R,5
R,rpart,90_history/early_research/735248ad31_开题程序.R,6
R,readxl,90_history/early_research/735248ad31_开题程序.R,7
R,readxl,90_history/simulation/f1ed553aa0_4_模拟数据_数据生成.R,1
R,tidyverse,90_history/simulation/f1ed553aa0_4_模拟数据_数据生成.R,2
R,ggplot2,90_history/simulation/f1ed553aa0_4_模拟数据_数据生成.R,3
R,dplyr,90_history/simulation/f1ed553aa0_4_模拟数据_数据生成.R,4
R,MASS,90_history/simulation/f1ed553aa0_4_模拟数据_数据生成.R,5
R,writexl,90_history/simulation/f1ed553aa0_4_模拟数据_数据生成.R,6
R,Matrix,90_history/simulation/ca37a3d233_4_模拟数据_相关系数矩阵.R,72
R,dplyr,90_history/simulation/78d747e578_4_生存数据模拟.R,1
R,flexsurv,90_history/simulation/78d747e578_4_生存数据模拟.R,2
R,tidyr,90_history/simulation/78d747e578_4_生存数据模拟.R,3
R,ggplot2,90_history/simulation/78d747e578_4_生存数据模拟.R,4
R,tidyverse,90_history/simulation/78d747e578_4_生存数据模拟.R,5
R,survival,90_history/simulation/78d747e578_4_生存数据模拟.R,6
R,purrr,90_history/simulation/78d747e578_4_生存数据模拟.R,7
R,writexl,90_history/simulation/78d747e578_4_生存数据模拟.R,8
R,readxl,90_history/simulation/78d747e578_4_生存数据模拟.R,9
R,openxlsx,90_history/simulation/78d747e578_4_生存数据模拟.R,10
R,dplyr,90_history/simulation/78d747e578_4_生存数据模拟.R,272
R,dplyr,90_history/simulation/78d747e578_4_生存数据模拟.R,273
R,dplyr,90_history/simulation/78d747e578_4_生存数据模拟.R,274
R,dplyr,90_history/simulation/78d747e578_4_生存数据模拟.R,310
R,dplyr,90_history/simulation/78d747e578_4_生存数据模拟.R,314
R,writexl,90_history/simulation/78d747e578_4_生存数据模拟.R,336
R,dplyr,90_history/simulation/41f7cb4d71_5_RSF_LC模型_V10C3.R,1
R,survival,90_history/simulation/41f7cb4d71_5_RSF_LC模型_V10C3.R,2
R,timeROC,90_history/simulation/41f7cb4d71_5_RSF_LC模型_V10C3.R,3
R,DynForest,90_history/simulation/41f7cb4d71_5_RSF_LC模型_V10C3.R,4
R,purrr,90_history/simulation/41f7cb4d71_5_RSF_LC模型_V10C3.R,5
R,readxl,90_history/simulation/41f7cb4d71_5_RSF_LC模型_V10C3.R,6
R,writexl,90_history/simulation/41f7cb4d71_5_RSF_LC模型_V10C3.R,7
R,readxl,90_history/simulation/41f7cb4d71_5_RSF_LC模型_V10C3.R,21
R,writexl,90_history/simulation/41f7cb4d71_5_RSF_LC模型_V10C3.R,22
R,readxl,90_history/simulation/41f7cb4d71_5_RSF_LC模型_V10C3.R,33
R,purrr,90_history/simulation/41f7cb4d71_5_RSF_LC模型_V10C3.R,34
R,readxl,90_history/simulation/41f7cb4d71_5_RSF_LC模型_V10C3.R,170
R,purrr,90_history/simulation/41f7cb4d71_5_RSF_LC模型_V10C3.R,171
R,readxl,90_history/simulation/41f7cb4d71_5_RSF_LC模型_V10C3.R,308
R,purrr,90_history/simulation/41f7cb4d71_5_RSF_LC模型_V10C3.R,309
R,timeROC,90_history/simulation/41f7cb4d71_5_RSF_LC模型_V10C3.R,452
R,DynForest,90_history/simulation/41f7cb4d71_5_RSF_LC模型_V10C3.R,494
R,survival,90_history/simulation/41f7cb4d71_5_RSF_LC模型_V10C3.R,593
R,survival,90_history/simulation/41f7cb4d71_5_RSF_LC模型_V10C3.R,601
R,timeROC,90_history/simulation/41f7cb4d71_5_RSF_LC模型_V10C3.R,609
R,timeROC,90_history/simulation/41f7cb4d71_5_RSF_LC模型_V10C3.R,617
R,tidyverse,90_history/simulation/4d7c99e50d_6_结果处理_JM_1c.R,1
R,flexsurv,90_history/simulation/4d7c99e50d_6_结果处理_JM_1c.R,2
R,survival,90_history/simulation/4d7c99e50d_6_结果处理_JM_1c.R,3
R,writexl,90_history/simulation/4d7c99e50d_6_结果处理_JM_1c.R,4
R,readxl,90_history/simulation/4d7c99e50d_6_结果处理_JM_1c.R,5
R,tidyverse,90_history/simulation/12181269a1_6_结果处理_RSF_1c.R,1
R,flexsurv,90_history/simulation/12181269a1_6_结果处理_RSF_1c.R,2
R,survival,90_history/simulation/12181269a1_6_结果处理_RSF_1c.R,3
R,writexl,90_history/simulation/12181269a1_6_结果处理_RSF_1c.R,4
R,readxl,90_history/simulation/12181269a1_6_结果处理_RSF_1c.R,5
R,dplyr,90_history/simulation/12181269a1_6_结果处理_RSF_1c.R,14
R,dplyr,90_history/simulation/12181269a1_6_结果处理_RSF_1c.R,15
R,randomForestSRC,90_history/simulation/9e9a7fed36_5_RSF模型实现.R,1
R,readxl,90_history/simulation/9e9a7fed36_5_RSF模型实现.R,2
R,randomForestSRC,90_history/simulation/9e9a7fed36_5_RSF模型实现.R,120
R,randomForestSRC,90_history/simulation/9e9a7fed36_5_RSF模型实现.R,122
R,randomForestSRC,90_history/simulation/9e9a7fed36_5_RSF模型实现.R,213
R,randomForestSRC,90_history/simulation/9e9a7fed36_5_RSF模型实现.R,215
R,survival,90_history/simulation/9e9a7fed36_5_RSF模型实现.R,292
R,pec,90_history/simulation/9e9a7fed36_5_RSF模型实现.R,293
R,survival,90_history/simulation/d4c10b6e30_5_Jointmodel_C1.R,1
R,rms,90_history/simulation/d4c10b6e30_5_Jointmodel_C1.R,2
R,timeROC,90_history/simulation/d4c10b6e30_5_Jointmodel_C1.R,3
R,dplyr,90_history/simulation/d4c10b6e30_5_Jointmodel_C1.R,4
R,joineRML,90_history/simulation/d4c10b6e30_5_Jointmodel_C1.R,5
R,readxl,90_history/simulation/d4c10b6e30_5_Jointmodel_C1.R,6
R,writexl,90_history/simulation/d4c10b6e30_5_Jointmodel_C1.R,7
R,tidyverse,90_history/simulation/d4c10b6e30_5_Jointmodel_C1.R,8
R,survival,90_history/simulation/b9607bce8d_5_cox模型.R,1
R,rms,90_history/simulation/b9607bce8d_5_cox模型.R,2
R,timeROC,90_history/simulation/b9607bce8d_5_cox模型.R,3
R,dplyr,90_history/simulation/b9607bce8d_5_cox模型.R,4
R,joineRML,90_history/simulation/b9607bce8d_5_cox模型.R,5
R,readxl,90_history/simulation/b9607bce8d_5_cox模型.R,6
R,writexl,90_history/simulation/b9607bce8d_5_cox模型.R,7
R,tidyverse,90_history/simulation/b9607bce8d_5_cox模型.R,8
